valeur_fonciere,surface_reelle_bati,nombre_pieces_principales,code_postal,longitude,latitude,year,date_mutation
147000.0,44.0,2,34070,3.858816,43.604228,2023,2023-01-04
140000.0,35.0,2,34090,3.876608,43.624243,2023,2023-01-05
163000.0,41.0,2,34000,3.889093,43.616551,2023,2023-01-04
82000.0,21.0,1,34070,3.891022,43.590893,2023,2023-01-04
76000.0,30.0,1,34080,3.846555,43.619867,2023,2023-01-06
218500.0,70.0,3,34000,3.886218,43.606132,2023,2023-01-05
136000.0,32.0,2,34070,3.894736,43.601725,2023,2023-01-09
391600.0,87.0,4,34090,3.873657,43.624511,2023,2023-01-04
162000.0,47.0,2,34090,3.852013,43.638711,2023,2023-01-10
165000.0,68.0,2,34080,3.835473,43.620775,2023,2023-01-10
140000.0,40.0,1,34090,3.876389,43.62884,2023,2023-01-03
383600.0,90.0,4,34090,3.873657,43.624511,2023,2023-01-06
141000.0,53.0,2,34070,3.86336,43.603421,2023,2023-01-10
162000.0,51.0,2,34000,3.873198,43.601834,2023,2023-01-11
134800.0,39.0,2,34070,3.882176,43.592181,2023,2023-01-04
124700.0,37.0,1,34080,3.841634,43.61433,2023,2023-01-04
316627.0,75.0,4,34070,3.883146,43.595795,2023,2023-01-05
190000.0,45.0,2,34070,3.859111,43.584012,2023,2023-01-12
197500.0,46.0,2,34000,3.904746,43.607399,2023,2023-01-10
241800.0,44.0,2,34090,3.878987,43.622238,2023,2023-01-06
150000.0,72.0,3,34000,3.894958,43.60679,2023,2023-01-04
90000.0,18.0,1,34090,3.856229,43.633435,2023,2023-01-06
107000.0,25.0,1,34000,3.869984,43.602866,2023,2023-01-12
135700.0,32.0,2,34000,3.882733,43.602668,2023,2023-01-06
150000.0,47.0,2,34090,3.854914,43.639456,2023,2023-01-06
87000.0,48.0,2,34080,3.825337,43.613277,2023,2023-01-04
150000.0,62.0,3,34070,3.846225,43.615092,2023,2023-01-04
86250.0,69.0,3,34090,3.888223,43.629318,2023,2023-01-06
230265.0,72.0,3,34070,3.867211,43.601296,2023,2023-01-12
147000.0,53.0,2,34070,3.86336,43.603421,2023,2023-01-16
140000.0,38.0,1,34000,3.875375,43.612671,2023,2023-01-16
136600.0,29.0,2,34000,3.883519,43.603445,2023,2023-01-05
153930.0,33.0,2,34070,3.881181,43.591522,2023,2023-01-13
90000.0,20.0,1,34090,3.855248,43.621569,2023,2023-01-04
240500.0,43.0,2,34000,3.902126,43.597026,2023,2023-01-10
155000.0,68.0,4,34070,3.884143,43.596092,2023,2023-01-10
281500.0,64.0,3,34000,3.883953,43.606577,2023,2023-01-09
275000.0,93.0,4,34070,3.882714,43.605685,2023,2023-01-11
99900.0,84.0,4,34080,3.818822,43.640044,2023,2023-01-10
162500.0,38.0,2,34070,3.82571,43.610805,2023,2023-01-18
143000.0,41.0,2,34090,3.859971,43.641182,2023,2023-01-11
245000.0,73.0,3,34070,3.854993,43.593074,2023,2023-01-09
155000.0,67.0,4,34070,3.890712,43.601006,2023,2023-01-09
154000.0,47.0,2,34090,3.877457,43.629374,2023,2023-01-12
74000.0,22.0,1,34090,3.852553,43.621567,2023,2023-01-16
115000.0,39.0,2,34080,3.841108,43.619029,2023,2023-01-12
137000.0,42.0,2,34000,3.899475,43.61403,2023,2023-01-19
265450.0,61.0,3,34090,3.871172,43.625552,2023,2023-01-11
255000.0,83.0,4,34000,3.881918,43.607734,2023,2023-01-17
175000.0,52.0,2,34070,3.894315,43.603038,2023,2023-01-06
30000.0,20.0,1,34070,3.892202,43.592591,2023,2023-01-05
270000.0,80.0,3,34070,3.84154,43.601208,2023,2023-01-06
385000.0,80.0,4,34070,3.84195,43.613602,2023,2023-01-03
300000.0,88.0,4,34000,3.891596,43.608404,2023,2023-01-06
143940.0,46.0,2,34070,3.837188,43.604041,2023,2023-01-12
118000.0,27.0,1,34000,3.898218,43.606595,2023,2023-01-17
490000.0,117.0,4,34090,3.87492,43.626032,2023,2023-01-19
202000.0,57.0,3,34070,3.885208,43.600898,2023,2023-01-10
171300.0,35.0,2,34000,3.897429,43.602694,2023,2023-01-23
105000.0,22.0,1,34090,3.871017,43.628949,2023,2023-01-11
76000.0,24.0,1,34070,3.852856,43.587074,2023,2023-01-04
382500.0,66.0,3,34000,3.89807,43.600095,2023,2023-01-13
152720.0,66.0,3,34080,3.826286,43.613981,2023,2023-01-16
99488.0,18.0,1,34000,3.874237,43.608304,2023,2023-01-24
255800.0,62.0,2,34000,3.873611,43.60826,2023,2023-01-12
108000.0,81.0,4,34080,3.814533,43.62401,2023,2023-01-20
185700.0,46.0,2,34000,3.886762,43.6266,2023,2023-01-05
120000.0,67.0,3,34070,3.885124,43.593451,2023,2023-01-05
286200.0,75.0,3,34000,3.895167,43.616383,2023,2023-01-05
109100.0,34.0,2,34080,3.819438,43.637329,2023,2023-01-20
262500.0,58.0,3,34000,3.899431,43.60052,2023,2023-01-11
332100.0,80.0,4,34000,3.872399,43.606062,2023,2023-01-13
60000.0,17.0,1,34080,3.837947,43.613467,2023,2023-01-17
81000.0,23.0,1,34090,3.847635,43.625801,2023,2023-01-06
118000.0,40.0,2,34080,3.843208,43.616384,2023,2023-01-20
161000.0,48.0,2,34090,3.842617,43.640476,2023,2023-01-05
174000.0,58.0,3,34070,3.854287,43.601316,2023,2023-01-23
212896.23,43.0,2,34000,3.898506,43.600792,2023,2023-01-18
152400.0,47.0,2,34090,3.840836,43.627719,2023,2023-01-11
223550.0,58.0,2,34000,3.863083,43.61359,2023,2023-01-18
152000.0,74.0,4,34080,3.851374,43.623156,2023,2023-01-25
105000.0,29.0,1,34000,3.878464,43.613969,2023,2023-01-10
202500.0,48.0,3,34090,3.85424,43.63974,2023,2023-01-18
347000.0,91.0,4,34000,3.888223,43.624367,2023,2023-01-25
186000.0,76.0,4,34000,3.867309,43.604202,2023,2023-01-20
156000.0,39.0,2,34070,3.851449,43.591723,2023,2023-01-23
168000.0,54.0,2,34080,3.829394,43.612241,2023,2023-01-12
257000.0,80.0,4,34000,3.878072,43.599938,2023,2023-01-12
153240.0,36.0,2,34000,3.900621,43.604085,2023,2023-01-02
155000.0,81.0,4,34070,3.867284,43.59399,2023,2023-01-05
235480.0,66.0,3,34090,3.875671,43.628496,2023,2023-01-16
320760.0,73.0,3,34070,3.842621,43.591855,2023,2023-01-03
119000.0,24.0,1,34090,3.864054,43.639624,2023,2023-01-19
173800.0,47.0,3,34090,3.89356,43.628754,2023,2023-01-23
212350.0,69.0,3,34080,3.836867,43.632166,2023,2023-01-23
147560.0,89.0,4,34070,3.854115,43.600002,2023,2023-01-17
256000.0,58.0,3,34000,3.889476,43.612657,2023,2023-01-09
180000.0,53.0,3,34090,3.863185,43.62493,2023,2023-01-20
110000.0,64.0,3,34080,3.830808,43.615516,2023,2023-01-06
184830.0,55.0,2,34070,3.859984,43.586125,2023,2023-01-19
227500.0,50.0,2,34000,3.895381,43.603174,2023,2023-01-05
338000.0,94.0,3,34090,3.87282,43.634744,2023,2023-01-20
150971.0,69.0,4,34070,3.8555,43.605346,2023,2023-01-17
142270.0,50.0,2,34090,3.872285,43.638446,2023,2023-01-17
92000.0,78.0,4,34070,3.886522,43.592608,2023,2023-01-19
299000.0,90.0,3,34000,3.872466,43.602029,2023,2023-01-12
268000.0,78.0,4,34000,3.867309,43.604202,2023,2023-01-13
192800.0,50.0,3,34070,3.873061,43.597892,2023,2023-01-12
195000.0,82.0,4,34090,3.854344,43.620476,2023,2023-01-05
70000.0,20.0,1,34090,3.872272,43.621929,2023,2023-01-16
126000.0,27.0,1,34000,3.868129,43.607204,2023,2023-01-06
220000.0,50.0,2,34000,3.88882,43.621477,2023,2023-01-10
98500.0,19.0,2,34000,3.868945,43.608804,2023,2023-01-30
152000.0,42.0,2,34070,3.875671,43.593798,2023,2023-01-09
165000.0,52.0,2,34070,3.858405,43.603943,2023,2023-01-13
185000.0,71.0,4,34070,3.856047,43.609575,2023,2023-01-25
210500.0,50.0,2,34000,3.892309,43.605712,2023,2023-01-05
225000.0,66.0,3,34070,3.86008,43.582786,2023,2023-01-27
122965.0,33.0,1,34000,3.878938,43.601675,2023,2023-01-27
178900.0,49.0,2,34000,3.892171,43.607591,2023,2023-01-10
717000.0,197.0,4,34000,3.878457,43.608182,2023,2023-01-23
199000.0,47.0,2,34090,3.871303,43.626414,2023,2023-01-20
130000.0,64.0,3,34080,3.826704,43.613257,2023,2023-01-27
122000.0,31.0,1,34090,3.844076,43.633477,2023,2023-01-23
175000.0,54.0,2,34070,3.857006,43.588056,2023,2023-01-06
90000.0,20.0,1,34090,3.869221,43.628744,2023,2023-01-19
133000.0,28.0,1,34000,3.898376,43.61992,2023,2023-01-13
315040.0,53.0,3,34090,3.874097,43.617226,2023,2023-01-19
134480.0,46.0,2,34080,3.840425,43.62456,2023,2023-01-13
244450.0,59.0,3,34070,3.886817,43.595251,2023,2023-01-20
184000.0,67.0,3,34070,3.88571,43.584374,2023,2023-01-20
130000.0,55.0,2,34070,3.836052,43.608116,2023,2023-01-25
144200.0,46.0,2,34070,3.850361,43.604001,2023,2023-01-16
60000.0,18.0,1,34080,3.824287,43.61458,2023,2023-01-18
69499.4,19.0,1,34090,3.864641,43.624832,2023,2023-01-30
303250.0,76.0,4,34090,3.857864,43.641347,2023,2023-01-06
58218.0,18.0,1,34070,3.856007,43.590733,2023,2023-01-12
168500.0,43.0,2,34080,3.846235,43.622413,2023,2023-01-16
180000.0,71.0,3,34070,3.859984,43.586125,2023,2023-01-05
106400.0,24.0,1,34000,3.87476,43.610337,2023,2023-01-25
109000.0,27.0,1,34090,3.846838,43.62966,2023,2023-01-20
274600.0,85.0,5,34000,3.872841,43.599049,2023,2023-01-06
99050.0,35.0,1,34070,3.874633,43.591677,2023,2023-01-11
201100.0,64.0,3,34000,3.881585,43.602884,2023,2023-01-03
335000.0,109.0,5,34090,3.865128,43.61914,2023,2023-01-09
291000.0,68.0,3,34000,3.906068,43.599979,2023,2023-01-10
58000.0,19.0,2,34000,3.870132,43.60253,2023,2023-01-10
162000.0,37.0,2,34000,3.898207,43.617475,2023,2023-01-20
106000.0,34.0,1,34090,3.846533,43.625619,2023,2023-01-24
182000.0,75.0,4,34080,3.843208,43.616384,2023,2023-01-27
536800.0,104.0,4,34090,3.880655,43.622579,2023,2023-01-27
129600.0,30.0,1,34090,3.851726,43.633071,2023,2023-01-13
147467.0,47.0,2,34070,3.853493,43.59371,2023,2023-01-06
204400.0,79.0,3,34070,3.874633,43.591677,2023,2023-01-20
226153.0,90.0,5,34070,3.868984,43.592641,2023,2023-01-30
110000.0,28.0,1,34000,3.864633,43.610943,2023,2023-01-09
177854.0,50.0,3,34000,3.866364,43.61021,2023,2023-01-09
211000.0,45.0,2,34000,3.877103,43.608427,2023,2023-01-05
173000.0,35.0,2,34070,3.89376,43.601154,2023,2023-01-16
300000.0,64.0,3,34000,3.902126,43.597026,2023,2023-01-10
240000.0,82.0,5,34000,3.888198,43.620449,2023,2023-01-10
104000.0,62.0,3,34080,3.834674,43.610876,2023,2023-01-06
192000.0,65.0,3,34070,3.859954,43.607871,2023,2023-01-11
70000.0,30.0,1,34080,3.841634,43.61433,2023,2023-01-30
145000.0,37.0,2,34000,3.895137,43.600662,2023,2023-01-09
208000.0,35.0,2,34000,3.901812,43.607064,2023,2023-01-30
296483.16,72.0,4,34070,3.89211,43.604068,2023,2023-01-20
170000.0,68.0,3,34000,3.888395,43.614724,2023,2023-01-16
392828.0,115.0,4,34000,3.890749,43.606067,2023,2023-01-20
223950.0,54.0,3,34070,3.849169,43.590632,2023,2023-01-23
338100.0,85.0,4,34000,3.87477,43.612831,2023,2023-01-27
151800.0,62.0,3,34000,3.882205,43.604434,2023,2023-01-30
240000.0,42.0,2,34000,3.869048,43.615726,2023,2023-01-17
74000.0,26.0,1,34090,3.873223,43.632688,2023,2023-01-09
237800.0,69.0,3,34090,3.871312,43.629774,2023,2023-01-05
130000.0,45.0,2,34070,3.84453,43.594567,2023,2023-01-27
96295.0,25.0,1,34090,3.833475,43.639115,2023,2023-01-11
260000.0,45.0,2,34000,3.869048,43.615726,2023,2023-01-20
125000.0,39.0,1,34000,3.873675,43.603204,2023,2023-01-03
265000.0,60.0,3,34090,3.88077,43.616171,2023,2023-01-10
87000.0,17.0,1,34090,3.873657,43.624511,2023,2023-02-01
163000.0,62.0,3,34070,3.883612,43.595422,2023,2023-01-19
179000.0,62.0,3,34070,3.84453,43.594567,2023,2023-01-26
282540.0,67.0,3,34070,3.894147,43.60314,2023,2023-01-26
120000.0,36.0,2,34070,3.858043,43.590199,2023,2023-01-25
145000.0,34.0,2,34000,3.885496,43.626822,2023,2023-01-05
74950.0,18.0,1,34090,3.852553,43.621567,2023,2023-01-30
423300.0,96.0,4,34070,3.846538,43.60439,2023,2023-02-02
115000.0,26.0,1,34000,3.876288,43.608074,2023,2023-01-31
144000.0,45.0,2,34090,3.865128,43.61914,2023,2023-01-13
438400.0,79.0,3,34000,3.871095,43.607911,2023,2023-01-31
99000.0,33.0,1,34000,3.878938,43.601675,2023,2023-01-23
51000.0,30.0,2,34070,3.866354,43.599036,2023,2023-01-23
160000.0,46.0,2,34000,3.895451,43.62403,2023,2023-01-27
264000.0,99.0,4,34090,3.862379,43.62716,2023,2023-01-17
582620.0,123.0,6,34070,3.891911,43.600223,2023,2023-01-30
329500.0,80.0,4,34000,3.874981,43.606247,2023,2023-01-18
198980.0,91.0,5,34080,3.841541,43.621563,2023,2023-01-18
311724.0,71.0,3,34000,3.887744,43.605203,2023,2023-01-30
171000.0,42.0,2,34090,3.838637,43.640729,2023,2023-02-01
222500.0,42.0,3,34070,3.867399,43.598088,2023,2023-01-23
241705.0,76.0,3,34080,3.830251,43.63296,2023,2023-01-30
273000.0,96.0,4,34070,3.84615,43.604807,2023,2023-01-18
110000.0,64.0,3,34090,3.852553,43.621567,2023,2023-01-19
487000.0,88.0,3,34080,3.835575,43.629711,2023,2023-01-27
93000.0,30.0,1,34000,3.894456,43.607935,2023,2023-01-20
266550.0,52.0,2,34000,3.879635,43.610161,2023,2023-01-20
510000.0,177.0,5,34000,3.879051,43.611526,2023,2023-01-20
105000.0,32.0,1,34090,3.875408,43.617164,2023,2023-01-30
262100.08,60.0,3,34000,3.9103,43.602999,2023,2023-02-02
149000.0,39.0,2,34000,3.878074,43.60495,2023,2023-01-24
210000.0,81.0,4,34070,3.866464,43.591485,2023,2023-02-03
234600.0,74.0,4,34070,3.843413,43.595189,2023,2023-01-09
207520.0,76.0,4,34070,3.857382,43.593153,2023,2023-01-31
315000.0,87.0,4,34090,3.871956,43.61824,2023,2023-01-05
146000.0,65.0,3,34070,3.854287,43.601316,2023,2023-01-30
145050.0,49.0,2,34070,3.874216,43.595399,2023,2023-01-31
207500.0,65.0,3,34070,3.859954,43.607871,2023,2023-01-31
266000.0,98.0,5,34070,3.87077,43.597489,2023,2023-01-16
241000.0,48.0,2,34000,3.90381,43.602447,2023,2023-01-18
119000.0,29.0,1,34090,3.878987,43.622238,2023,2023-01-26
277500.0,74.0,2,34000,3.880033,43.601586,2023,2023-01-27
230000.0,67.0,4,34000,3.894306,43.623446,2023,2023-01-26
256880.0,62.0,3,34090,3.850649,43.638338,2023,2023-02-03
117547.0,58.0,3,34070,3.8555,43.605346,2023,2023-01-19
212000.0,74.0,3,34070,3.837468,43.602094,2023,2023-01-27
88500.0,23.0,1,34070,3.891022,43.590893,2023,2023-01-26
255000.0,73.0,3,34090,3.851326,43.638536,2023,2023-01-23
83000.0,23.0,1,34070,3.891022,43.590893,2023,2023-02-03
137750.0,94.0,4,34080,3.841634,43.61433,2023,2023-01-23
125685.0,32.0,2,34000,3.873546,43.609983,2023,2023-02-01
208000.0,68.0,3,34070,3.874328,43.59028,2023,2023-01-20
181050.0,56.0,3,34070,3.847621,43.605817,2023,2023-01-27
261700.0,101.0,5,34080,3.838117,43.624314,2023,2023-01-16
194000.0,47.0,2,34000,3.901244,43.620771,2023,2023-02-03
105000.0,29.0,2,34070,3.867211,43.601296,2023,2023-01-26
70000.0,46.0,2,34000,3.873238,43.60992,2023,2023-01-20
129500.0,32.0,2,34000,3.873265,43.609851,2023,2023-01-30
146500.0,49.0,3,34000,3.871338,43.602013,2023,2023-02-03
115000.0,21.0,1,34000,3.897996,43.603349,2023,2023-01-20
136690.0,47.0,2,34080,3.824038,43.613803,2023,2023-02-06
195450.0,87.0,5,34080,3.843208,43.616384,2023,2023-01-13
99000.0,30.0,1,34090,3.856264,43.640812,2023,2023-01-23
142000.0,40.0,2,34070,3.853608,43.585779,2023,2023-01-19
85000.0,19.0,1,34000,3.878575,43.602153,2023,2023-01-25
158000.0,73.0,4,34070,3.868794,43.594206,2023,2023-01-09
360365.0,63.0,3,34000,3.907468,43.600344,2023,2023-01-30
260000.0,66.0,3,34000,3.909029,43.609992,2023,2023-01-27
130000.0,44.0,2,34000,3.868676,43.607124,2023,2023-01-24
263100.0,60.0,3,34000,3.907699,43.613384,2023,2023-01-13
185000.0,48.0,2,34000,3.904554,43.602479,2023,2023-01-19
79150.0,23.0,1,34070,3.891022,43.590893,2023,2023-01-27
143000.0,44.0,2,34070,3.844996,43.615645,2023,2023-01-19
196500.0,78.0,4,34080,3.843208,43.616384,2023,2023-02-06
135550.0,51.0,2,34090,3.84402,43.641391,2023,2023-01-18
195000.0,62.0,3,34090,3.870983,43.625988,2023,2023-01-27
196000.0,39.0,2,34090,3.875986,43.615973,2023,2023-01-18
64000.0,17.0,1,34000,3.9008,43.617566,2023,2023-01-16
84000.0,21.0,1,34090,3.871045,43.628643,2023,2023-01-18
293620.0,80.0,4,34080,3.83258,43.632836,2023,2023-01-24
144250.0,67.0,3,34080,3.824806,43.615382,2023,2023-01-26
94000.0,18.0,1,34090,3.84733,43.631203,2023,2023-02-01
141000.0,44.0,2,34070,3.844713,43.591314,2023,2023-01-31
238500.0,43.0,2,34070,3.842863,43.604698,2023,2023-01-20
304796.0,64.0,2,34000,3.872471,43.603348,2023,2023-01-25
120000.0,32.0,2,34090,3.881219,43.618451,2023,2023-01-27
140520.0,67.0,4,34070,3.883533,43.592737,2023,2023-02-01
480000.0,145.0,4,34000,3.86671,43.61354,2023,2023-01-31
128000.0,37.0,2,34070,3.862576,43.60379,2023,2023-01-23
173000.0,46.0,2,34090,3.878395,43.61887,2023,2023-01-12
283500.0,99.0,4,34000,3.89102,43.61285,2023,2023-02-06
90000.0,41.0,2,34080,3.832006,43.620973,2023,2023-02-03
85000.0,34.0,1,34090,3.861775,43.628571,2023,2023-01-20
196000.0,66.0,3,34070,3.84453,43.594567,2023,2023-01-31
77000.0,14.0,1,34000,3.88144,43.617544,2023,2023-02-03
163900.0,62.0,3,34070,3.83734,43.596008,2023,2023-02-01
92000.0,25.0,1,34070,3.89175,43.589944,2023,2023-02-01
179000.0,59.0,3,34070,3.84453,43.594567,2023,2023-01-31
175000.0,64.0,3,34070,3.837803,43.598695,2023,2023-02-01
377000.0,67.0,3,34000,3.899793,43.597635,2023,2023-02-01
200000.0,86.0,4,34070,3.864628,43.594644,2023,2023-01-31
306000.0,66.0,3,34000,3.902657,43.597912,2023,2023-01-30
331420.0,88.0,4,34000,3.890325,43.618883,2023,2023-02-02
249000.0,86.0,4,34070,3.84453,43.594567,2023,2023-02-01
504950.0,125.0,5,34070,3.85954,43.611868,2023,2023-02-01
273000.0,80.0,3,34070,3.84154,43.601208,2023,2023-02-06
169000.0,43.0,2,34090,3.871224,43.627565,2023,2023-01-26
226500.0,67.0,3,34000,3.868129,43.607204,2023,2023-01-31
249000.0,86.0,4,34070,3.84453,43.594567,2023,2023-02-01
132983.0,70.0,3,34070,3.833325,43.597931,2023,2023-01-24
125000.0,63.0,4,34070,3.850537,43.602587,2023,2023-02-02
96331.0,25.0,1,34000,3.898207,43.617475,2023,2023-01-09
201140.0,67.0,3,34070,3.857382,43.593153,2023,2023-02-02
109500.0,32.0,2,34080,3.847297,43.621955,2023,2023-02-07
180500.0,69.0,3,34070,3.884593,43.593825,2023,2023-01-31
137000.0,49.0,2,34000,3.906581,43.613534,2023,2023-01-30
162000.0,46.0,2,34080,3.8419,43.623519,2023,2023-01-13
109000.0,37.0,2,34000,3.87753,43.613586,2023,2023-02-06
241200.0,61.0,3,34070,3.841407,43.59216,2023,2023-02-07
70000.0,18.0,1,34000,3.87509,43.607716,2023,2023-01-30
154500.0,34.0,2,34090,3.842796,43.634633,2023,2023-01-26
280000.0,76.0,3,34000,3.894631,43.608194,2023,2023-02-09
102636.0,17.0,1,34000,3.874949,43.609904,2023,2023-02-02
110000.0,46.0,2,34090,3.840836,43.627719,2023,2023-02-02
173230.0,76.0,4,34070,3.878181,43.59509,2023,2023-02-02
74200.0,17.0,1,34090,3.852553,43.621567,2023,2023-01-13
111200.0,70.0,4,34070,3.875006,43.594018,2023,2023-01-26
197660.0,78.0,4,34070,3.886911,43.593676,2023,2023-02-10
100000.0,49.0,2,34080,3.838455,43.611435,2023,2023-02-02
70000.0,19.0,1,34000,3.878575,43.602153,2023,2023-02-08
74154.0,19.0,1,34090,3.864641,43.624832,2023,2023-02-02
165000.0,47.0,2,34070,3.851449,43.591723,2023,2023-02-06
346049.0,69.0,3,34090,3.840701,43.64086,2023,2023-02-07
152800.0,36.0,2,34090,3.890575,43.627295,2023,2023-02-08
285000.0,69.0,3,34090,3.888623,43.629983,2023,2023-02-06
105000.0,32.0,2,34070,3.895432,43.60017,2023,2023-02-03
128000.0,74.0,4,34080,3.833891,43.617122,2023,2023-02-10
70000.0,21.0,1,34070,3.895432,43.60017,2023,2023-02-03
120000.0,37.0,1,34070,3.879735,43.595049,2023,2023-02-02
71500.0,22.0,1,34000,3.869315,43.613249,2023,2023-02-09
315000.0,81.0,3,34000,3.889082,43.621915,2023,2023-01-17
152000.0,41.0,2,34090,3.838355,43.640196,2023,2023-01-24
225250.0,73.0,3,34070,3.854115,43.600002,2023,2023-01-30
293547.0,90.0,3,34070,3.863319,43.604448,2023,2023-01-17
247000.0,65.0,3,34000,3.892732,43.606515,2023,2023-02-01
103933.2,19.0,1,34070,3.863837,43.584995,2023,2023-01-19
188400.0,71.0,4,34070,3.871134,43.597027,2023,2023-01-17
115000.0,39.0,2,34090,3.841651,43.627259,2023,2023-01-13
97100.0,27.0,1,34090,3.849118,43.636798,2023,2023-02-01
78980.0,18.0,1,34000,3.872515,43.607487,2023,2023-01-24
354400.0,66.0,3,34000,3.902972,43.60132,2023,2023-02-01
28500.0,19.0,1,34080,3.834838,43.6149,2023,2023-02-03
163870.0,52.0,2,34000,3.878938,43.601675,2023,2023-01-16
195000.0,81.0,4,34000,3.89248,43.613723,2023,2023-02-07
125000.0,54.0,2,34080,3.826286,43.613981,2023,2023-01-31
338000.0,115.0,4,34000,3.87716,43.608315,2023,2023-02-07
213000.0,73.0,3,34000,3.903514,43.595219,2023,2023-02-06
205500.0,42.0,2,34000,3.908881,43.610502,2023,2023-01-18
285000.0,63.0,3,34090,3.880366,43.622058,2023,2023-01-27
258100.0,64.0,3,34070,3.852788,43.589228,2023,2023-01-23
158000.0,37.0,2,34090,3.846267,43.632539,2023,2023-01-27
257280.0,93.0,4,34070,3.847755,43.598164,2023,2023-02-08
283000.0,158.0,5,34000,3.880016,43.607125,2023,2023-01-24
111400.0,48.0,2,34070,3.87871,43.581574,2023,2023-01-31
163148.0,47.0,2,34070,3.85352,43.587716,2023,2023-02-10
138000.0,53.0,2,34090,3.852553,43.621567,2023,2023-02-10
220000.0,43.0,2,34000,3.905077,43.604972,2023,2023-01-31
110000.0,48.0,2,34090,3.852553,43.621567,2023,2023-02-10
144900.0,45.0,2,34080,3.839912,43.620624,2023,2023-02-15
54500.0,18.0,1,34090,3.870352,43.628869,2023,2023-02-06
237000.0,60.0,3,34090,3.854339,43.623523,2023,2023-02-10
196000.0,66.0,3,34070,3.84453,43.594567,2023,2023-02-08
182000.0,65.0,3,34070,3.84453,43.594567,2023,2023-02-07
189000.0,67.0,3,34070,3.84453,43.594567,2023,2023-02-07
150000.0,53.0,2,34070,3.86336,43.603421,2023,2023-01-25
261800.0,50.0,2,34000,3.869048,43.615726,2023,2023-02-08
100000.0,37.0,2,34080,3.827372,43.612342,2023,2023-02-09
131000.0,44.0,2,34070,3.84453,43.594567,2023,2023-02-08
168000.0,37.0,2,34000,3.889476,43.612657,2023,2023-02-08
149000.0,31.0,2,34000,3.878575,43.602153,2023,2023-02-08
104000.0,35.0,1,34000,3.890981,43.614682,2023,2023-02-09
202000.0,46.0,2,34070,3.893988,43.598542,2023,2023-02-07
174000.0,42.0,2,34090,3.873038,43.63511,2023,2023-02-14
75500.0,51.0,2,34090,3.873657,43.624511,2023,2023-01-19
70000.0,23.0,1,34000,3.882713,43.603659,2023,2023-02-15
92500.0,25.0,1,34090,3.849118,43.636798,2023,2023-02-13
132000.0,40.0,2,34070,3.84453,43.594567,2023,2023-02-09
125000.0,40.0,2,34070,3.84453,43.594567,2023,2023-02-09
105000.0,55.0,3,34070,3.887651,43.598587,2023,2023-02-13
120000.0,32.0,1,34090,3.852553,43.621567,2023,2023-02-10
247100.0,72.0,3,34080,3.833728,43.63262,2023,2023-02-03
80000.0,23.0,1,34080,3.840328,43.625333,2023,2023-01-23
107000.0,45.0,2,34080,3.841272,43.616814,2023,2023-01-27
352500.0,112.0,5,34070,3.887149,43.599432,2023,2023-02-01
300000.0,81.0,4,34080,3.828586,43.635161,2023,2023-02-03
105991.0,17.0,1,34000,3.874949,43.609904,2023,2023-02-02
282720.0,87.0,3,34000,3.896334,43.606027,2023,2023-02-09
215500.0,58.0,3,34070,3.833678,43.602844,2023,2023-01-30
249000.0,103.0,6,34070,3.836052,43.608116,2023,2023-01-23
50000.0,17.0,1,34080,3.837947,43.613467,2023,2023-02-15
215000.0,39.0,1,34070,3.893135,43.602552,2023,2023-02-17
355000.0,83.0,4,34000,3.885496,43.626822,2023,2023-02-06
88000.0,23.0,1,34090,3.844825,43.632247,2023,2023-01-23
281500.0,74.0,3,34000,3.883519,43.618439,2023,2023-02-06
84750.0,20.0,1,34090,3.877104,43.615745,2023,2023-01-25
110000.0,45.0,2,34080,3.825337,43.613277,2023,2023-01-27
260000.0,91.0,4,34070,3.851241,43.616024,2023,2023-02-09
95000.0,37.0,2,34070,3.850137,43.596135,2023,2023-02-14
257365.0,60.0,3,34000,3.870387,43.603711,2023,2023-01-31
180000.0,46.0,2,34000,3.893998,43.612697,2023,2023-02-16
190000.0,93.0,5,34070,3.855707,43.601531,2023,2023-01-25
180000.0,47.0,3,34090,3.861535,43.625249,2023,2023-02-09
562000.0,139.0,5,34000,3.890608,43.605672,2023,2023-01-31
195000.0,48.0,2,34000,3.904554,43.602479,2023,2023-02-09
287000.0,70.0,3,34000,3.913981,43.616018,2023,2023-02-14
84000.0,18.0,1,34090,3.856655,43.631871,2023,2023-02-10
109000.0,20.0,1,34000,3.897596,43.602334,2023,2023-02-15
227000.0,68.0,3,34080,3.833728,43.63262,2023,2023-02-08
190800.0,57.0,5,34070,3.892207,43.595045,2023,2023-01-27
165170.0,52.0,3,34070,3.851251,43.615185,2023,2023-02-14
123035.0,49.0,2,34080,3.82818,43.615383,2023,2023-02-13
137750.0,56.0,2,34070,3.85677,43.586144,2023,2023-02-10
205350.0,52.0,2,34000,3.863465,43.610195,2023,2023-02-13
503900.0,92.0,3,34000,3.882879,43.603735,2023,2023-02-14
180000.0,49.0,2,34070,3.854115,43.600002,2023,2023-02-17
110920.0,25.0,2,34000,3.875224,43.613063,2023,2023-02-14
329372.0,110.0,3,34000,3.868912,43.601163,2023,2023-02-15
165000.0,37.0,2,34000,3.906609,43.612353,2023,2023-02-06
152000.0,45.0,2,34080,3.831735,43.635308,2023,2023-02-03
875650.0,148.0,5,34000,3.869656,43.613426,2023,2023-02-13
138465.0,38.0,2,34070,3.860786,43.578387,2023,2023-02-07
151000.0,38.0,2,34000,3.881829,43.617989,2023,2023-02-14
387000.0,115.0,5,34090,3.869697,43.626179,2023,2023-02-06
331600.0,96.0,4,34000,3.889587,43.608363,2023,2023-01-30
62850.0,18.0,1,34090,3.852553,43.621567,2023,2023-01-31
179000.0,67.0,4,34080,3.844554,43.61491,2023,2023-02-15
183000.0,69.0,3,34070,3.859954,43.607871,2023,2023-01-27
58000.0,18.0,1,34090,3.854352,43.622296,2023,2023-01-31
66000.0,25.0,1,34080,3.837947,43.613467,2023,2023-02-21
86000.0,17.0,1,34000,3.896269,43.605244,2023,2023-01-26
202600.0,44.0,2,34000,3.893608,43.603708,2023,2023-02-17
233300.0,79.0,4,34070,3.864628,43.594644,2023,2023-02-15
198000.0,50.0,3,34080,3.830573,43.633376,2023,2023-02-16
232750.0,49.0,2,34000,3.893083,43.609122,2023,2023-01-31
183000.0,61.0,2,34070,3.888444,43.599975,2023,2023-01-26
183500.0,50.0,2,34070,3.868984,43.592641,2023,2023-01-31
657970.0,110.0,3,34000,3.87249,43.599226,2023,2023-01-26
367000.0,81.0,3,34000,3.910693,43.607951,2023,2023-02-21
110000.0,40.0,2,34070,3.885032,43.591232,2023,2023-01-11
163630.0,80.0,4,34070,3.872839,43.596044,2023,2023-02-10
235000.0,110.0,3,34000,3.868912,43.601163,2023,2023-02-06
194000.0,79.0,3,34070,3.86604,43.596752,2023,2023-02-10
565000.0,163.0,6,34000,3.880133,43.607027,2023,2023-02-07
243200.0,63.0,3,34000,3.892171,43.607591,2023,2023-02-20
272200.0,80.0,4,34070,3.851407,43.590424,2023,2023-02-08
80000.0,23.0,1,34000,3.88239,43.601787,2023,2023-01-26
54140.0,20.0,1,34080,3.824287,43.61458,2023,2023-02-17
175000.0,59.0,2,34000,3.868486,43.606413,2023,2023-01-31
223590.0,92.0,4,34070,3.849485,43.608201,2023,2023-02-03
315000.0,80.0,4,34000,3.874981,43.606247,2023,2023-02-09
135610.0,30.0,0,34070,3.855667,43.593828,2023,2023-02-03
378300.0,90.0,4,34070,3.851432,43.601676,2023,2023-01-25
85000.0,38.0,2,34080,3.844517,43.622445,2023,2023-02-06
215000.0,63.0,3,34000,3.893509,43.606468,2023,2023-02-09
148000.0,45.0,2,34070,3.844998,43.595063,2023,2023-02-03
540000.0,118.0,4,34000,3.88151,43.60865,2023,2023-02-07
126512.0,43.0,2,34080,3.841683,43.617622,2023,2023-01-27
398650.0,108.0,4,34070,3.854115,43.600002,2023,2023-02-20
223000.0,87.0,4,34070,3.852744,43.615846,2023,2023-02-17
85000.0,41.0,2,34070,3.853884,43.605976,2023,2023-02-13
143575.0,57.0,3,34070,3.870092,43.592337,2023,2023-01-30
100000.0,27.0,1,34090,3.86022,43.636151,2023,2023-02-16
115800.0,33.0,1,34000,3.892171,43.607591,2023,2023-02-14
87500.0,25.0,1,34090,3.863317,43.62565,2023,2023-02-15
181872.0,40.0,2,34070,3.894114,43.601115,2023,2023-01-31
52200.0,17.0,1,34080,3.824287,43.61458,2023,2023-02-16
100000.0,72.0,3,34080,3.838455,43.611435,2023,2023-02-10
105000.0,22.0,1,34070,3.857018,43.602454,2023,2023-02-03
103500.0,26.0,1,34090,3.849118,43.636798,2023,2023-02-21
98000.0,26.0,2,34000,3.868091,43.603489,2023,2023-01-30
177000.0,67.0,3,34070,3.84453,43.594567,2023,2023-02-15
129000.0,44.0,2,34070,3.84453,43.594567,2023,2023-02-16
140000.0,49.0,3,34070,3.862614,43.598125,2023,2023-01-30
98150.0,40.0,2,34070,3.891022,43.590893,2023,2023-01-31
197000.0,58.0,2,34000,3.895334,43.606638,2023,2023-02-20
282000.0,73.0,3,34090,3.876843,43.624972,2023,2023-02-20
76500.0,28.0,1,34000,3.870195,43.606027,2023,2023-02-06
125000.0,45.0,2,34070,3.86604,43.596752,2023,2023-02-09
125000.0,46.0,2,34090,3.852303,43.620818,2023,2023-02-17
246000.0,39.0,3,34070,3.859377,43.58258,2023,2023-02-20
184000.0,67.0,3,34070,3.84453,43.594567,2023,2023-02-13
175000.0,59.0,3,34070,3.84453,43.594567,2023,2023-02-17
227600.0,48.0,2,34090,3.871312,43.629774,2023,2023-02-17
524500.0,122.0,4,34070,3.857153,43.582955,2023,2023-02-10
129000.0,42.0,2,34070,3.84453,43.594567,2023,2023-02-17
370970.0,74.0,3,34000,3.879949,43.613915,2023,2023-02-20
255000.0,49.0,2,34000,3.869048,43.615726,2023,2023-02-21
243900.0,42.0,2,34000,3.869048,43.615726,2023,2023-02-22
227000.0,56.0,3,34090,3.879235,43.61939,2023,2023-02-01
167000.0,59.0,2,34070,3.85612,43.608643,2023,2023-02-01
167000.0,42.0,2,34070,3.859911,43.581747,2023,2023-02-17
77000.0,32.0,2,34070,3.85269,43.603029,2023,2023-02-03
110000.0,40.0,2,34080,3.822327,43.624975,2023,2023-02-09
352000.0,73.0,3,34000,3.897092,43.620539,2023,2023-02-20
230000.0,84.0,4,34000,3.9008,43.617566,2023,2023-02-09
158500.0,43.0,2,34070,3.853028,43.587231,2023,2023-02-15
305000.0,70.0,4,34000,3.86706,43.617116,2023,2023-02-20
215600.0,45.0,2,34090,3.840701,43.64086,2023,2023-02-03
141500.0,45.0,3,34000,3.882826,43.603846,2023,2023-02-21
265800.0,65.0,3,34000,3.869196,43.607637,2023,2023-02-17
140000.0,55.0,2,34070,3.872201,43.589253,2023,2023-02-20
60000.0,17.0,1,34090,3.854352,43.622296,2023,2023-02-22
87000.0,23.0,1,34070,3.891022,43.590893,2023,2023-02-16
132000.0,66.0,4,34000,3.894306,43.623446,2023,2023-02-20
202620.0,68.0,3,34070,3.874282,43.597166,2023,2023-02-17
185500.0,45.0,2,34000,3.86706,43.617116,2023,2023-02-22
300000.0,90.0,4,34000,3.871794,43.602753,2023,2023-02-20
114540.0,41.0,2,34080,3.831356,43.6141,2023,2023-02-02
78000.0,33.0,2,34070,3.839541,43.607688,2023,2023-02-23
61000.0,22.0,1,34090,3.852553,43.621567,2023,2023-02-27
95000.0,20.0,1,34090,3.842309,43.642114,2023,2023-02-21
159000.0,41.0,2,34090,3.877513,43.618156,2023,2023-02-09
296000.0,72.0,3,34000,3.894642,43.607102,2023,2023-02-10
50000.0,25.0,1,34070,3.867911,43.607972,2023,2023-02-17
118000.0,47.0,2,34070,3.83598,43.597454,2023,2023-02-21
134000.0,54.0,3,34070,3.850361,43.604001,2023,2023-02-06
116480.0,20.0,1,34000,3.875382,43.608671,2023,2023-02-06
225900.0,80.0,4,34070,3.837829,43.598378,2023,2023-02-23
241200.0,64.0,3,34070,3.890244,43.593425,2023,2023-02-20
130000.0,36.0,2,34000,3.869625,43.60129,2023,2023-02-17
160000.0,51.0,2,34000,3.885655,43.60594,2023,2023-02-21
195500.0,66.0,2,34000,3.874063,43.600755,2023,2023-02-22
297000.0,67.0,3,34070,3.864997,43.609028,2023,2023-02-06
67000.0,22.0,1,34070,3.85269,43.603029,2023,2023-02-21
126000.0,34.0,1,34070,3.86336,43.603421,2023,2023-02-13
124500.0,35.0,2,34000,3.868091,43.603489,2023,2023-02-03
182500.0,62.0,3,34090,3.868251,43.627279,2023,2023-03-01
232000.0,88.0,2,34090,3.844744,43.633909,2023,2023-02-21
420000.0,140.0,5,34000,3.887106,43.605408,2023,2023-02-21
260000.0,67.0,3,34090,3.877231,43.622493,2023,2023-02-27
193800.0,38.0,2,34090,3.840616,43.639791,2023,2023-02-10
192706.0,42.0,2,34070,3.850308,43.589542,2023,2023-02-20
277500.0,102.0,4,34000,3.868831,43.602949,2023,2023-02-06
173500.0,49.0,2,34070,3.892468,43.592944,2023,2023-02-06
192950.0,70.0,3,34000,3.894063,43.618911,2023,2023-02-27
170763.0,73.0,4,34080,3.822187,43.615434,2023,2023-02-13
145000.0,64.0,3,34070,3.886066,43.59545,2023,2023-02-03
223000.0,69.0,3,34070,3.853903,43.590045,2023,2023-02-03
155000.0,68.0,3,34070,3.839857,43.608877,2023,2023-02-22
244300.0,74.0,4,34000,3.873828,43.604922,2023,2023-02-23
56000.0,30.0,2,34000,3.868496,43.606606,2023,2023-02-22
100000.0,20.0,1,34000,3.87635,43.604404,2023,2023-02-07
366000.0,101.0,5,34000,3.882841,43.608359,2023,2023-02-07
415000.0,93.0,3,34000,3.88484,43.626886,2023,2023-02-07
91800.0,40.0,2,34080,3.843208,43.616384,2023,2023-02-10
265000.0,75.0,3,34000,3.910656,43.607407,2023,2023-02-08
248800.0,67.0,4,34000,3.889579,43.618227,2023,2023-02-09
310000.0,68.0,3,34090,3.88484,43.626886,2023,2023-02-24
66090.0,16.0,1,34080,3.832006,43.620973,2023,2023-02-15
380000.0,95.0,2,34000,3.880076,43.610025,2023,2023-02-07
99000.0,78.0,4,34070,3.886522,43.592608,2023,2023-02-20
215000.0,42.0,2,34000,3.901062,43.600606,2023,2023-02-14
250000.0,47.0,2,34000,3.895381,43.603174,2023,2023-02-04
202000.0,43.0,2,34000,3.848503,43.616894,2023,2023-02-08
307693.0,73.0,2,34000,3.895381,43.603174,2023,2023-02-06
289150.0,59.0,3,34000,3.902474,43.601863,2023,2023-02-08
239200.0,55.0,2,34000,3.878772,43.605316,2023,2023-03-02
305000.0,56.0,3,34090,3.871391,43.62885,2023,2023-02-15
274000.0,80.0,4,34000,3.873809,43.608794,2023,2023-02-21
192000.0,49.0,2,34070,3.894359,43.601455,2023,2023-02-10
125000.0,46.0,1,34000,3.872802,43.609776,2023,2023-02-02
77000.0,19.0,1,34090,3.879026,43.623491,2023,2023-02-23
172000.0,65.0,3,34070,3.84453,43.594567,2023,2023-02-24
147200.0,75.0,4,34070,3.866188,43.595571,2023,2023-02-27
72000.0,25.0,1,34070,3.866018,43.599893,2023,2023-02-09
173000.0,67.0,4,34090,3.857481,43.631276,2023,2023-02-23
85900.0,19.0,1,34000,3.878575,43.602153,2023,2023-02-21
65000.0,31.0,2,34070,3.829399,43.610865,2023,2023-02-17
248200.0,67.0,3,34000,3.858643,43.618409,2023,2023-02-16
108900.0,43.0,2,34070,3.860322,43.579273,2023,2023-02-23
122000.0,54.0,2,34090,3.873657,43.624511,2023,2023-02-10
239800.0,88.0,4,34070,3.883362,43.596415,2023,2023-02-15
115500.0,31.0,1,34090,3.84733,43.631203,2023,2023-02-23
242900.0,63.0,3,34070,3.854585,43.61248,2023,2023-02-24
136000.0,37.0,2,34070,3.865333,43.583625,2023,2023-02-23
130000.0,40.0,2,34070,3.84453,43.594567,2023,2023-02-24
102000.0,35.0,2,34080,3.847488,43.62327,2023,2023-02-22
334700.0,63.0,3,34000,3.899431,43.60052,2023,2023-02-27
245000.0,53.0,2,34000,3.877758,43.60876,2023,2023-02-10
216169.0,50.0,2,34000,3.884526,43.62034,2023,2023-03-06
182660.0,61.0,3,34070,3.834406,43.610006,2023,2023-03-06
196691.0,67.0,4,34000,3.894306,43.623446,2023,2023-02-22
63608.0,24.0,2,34000,3.885655,43.60594,2023,2023-02-20
180000.0,66.0,3,34090,3.855716,43.630643,2023,2023-02-24
107550.0,41.0,2,34080,3.826704,43.613257,2023,2023-02-27
82500.0,17.0,1,34090,3.873657,43.624511,2023,2023-02-24
304800.0,59.0,3,34000,3.902126,43.597026,2023,2023-02-15
98000.0,27.0,2,34000,3.876434,43.61283,2023,2023-02-15
109500.0,51.0,3,34080,3.819438,43.637329,2023,2023-03-01
292000.0,57.0,2,34000,3.887511,43.620557,2023,2023-02-24
157000.0,82.0,4,34080,3.831436,43.611628,2023,2023-03-06
143930.0,35.0,2,34000,3.892476,43.604929,2023,2023-03-01
98500.0,28.0,2,34090,3.840099,43.648378,2023,2023-02-28
155000.0,50.0,2,34090,3.876765,43.625611,2023,2023-02-15
85000.0,27.0,1,34070,3.872598,43.590303,2023,2023-02-07
135000.0,41.0,2,34080,3.846235,43.622413,2023,2023-02-24
139000.0,47.0,2,34070,3.837082,43.598685,2023,2023-02-15
690980.0,108.0,4,34090,3.869688,43.616854,2023,2023-02-16
287600.0,67.0,3,34000,3.90602,43.602603,2023,2023-02-24
373000.0,80.0,3,34000,3.889697,43.60566,2023,2023-03-07
97205.0,23.0,1,34070,3.891022,43.590893,2023,2023-03-03
265000.0,61.0,2,34000,3.874264,43.609854,2023,2023-02-24
172880.0,55.0,2,34070,3.853903,43.590045,2023,2023-02-27
248390.0,68.0,1,34070,3.847127,43.598015,2023,2023-02-23
300000.0,73.0,3,34070,3.894114,43.601115,2023,2023-02-22
196737.0,57.0,3,34070,3.85352,43.587716,2023,2023-02-17
148000.0,47.0,2,34070,3.843493,43.592255,2023,2023-02-28
201500.0,50.0,2,34000,3.874702,43.61107,2023,2023-02-10
110000.0,40.0,1,34070,3.83024,43.610274,2023,2023-02-24
245000.0,47.0,2,34000,3.905077,43.604972,2023,2023-02-27
171200.0,39.0,2,34000,3.893998,43.612697,2023,2023-02-20
125000.0,22.0,1,34070,3.894359,43.601455,2023,2023-02-28
98820.0,30.0,2,34000,3.867437,43.607064,2023,2023-02-27
204000.0,69.0,3,34070,3.837468,43.602094,2023,2023-03-06
65000.0,18.0,1,34070,3.857794,43.612319,2023,2023-02-16
136600.0,37.0,2,34070,3.859627,43.591212,2023,2023-02-16
136490.0,67.0,4,34080,3.830808,43.615516,2023,2023-03-01
109000.0,22.0,1,34070,3.894736,43.601725,2023,2023-02-24
123000.0,78.0,1,34070,3.886522,43.592608,2023,2023-02-16
202520.0,43.0,2,34000,3.90428,43.60241,2023,2023-02-24
164000.0,37.0,2,34090,3.881119,43.618365,2023,2023-02-14
145000.0,67.0,4,34070,3.867284,43.59399,2023,2023-02-14
211300.0,55.0,3,34000,3.891809,43.620421,2023,2023-02-14
96088.0,21.0,1,34070,3.891022,43.590893,2023,2023-03-08
145000.0,50.0,2,34070,3.868984,43.592641,2023,2023-02-17
146000.0,38.0,2,34000,3.878575,43.602153,2023,2023-03-01
119000.0,66.0,3,34070,3.894479,43.600441,2023,2023-03-03
156050.0,40.0,2,34000,3.880891,43.603343,2023,2023-02-21
120000.0,45.0,2,34090,3.86267,43.626345,2023,2023-02-24
212500.0,52.0,2,34090,3.887617,43.62973,2023,2023-03-09
155000.0,54.0,3,34080,3.844554,43.61491,2023,2023-02-16
190000.0,45.0,2,34000,3.889734,43.606871,2023,2023-02-23
147000.0,78.0,4,34070,3.871429,43.595557,2023,2023-02-16
134000.0,40.0,2,34090,3.879213,43.619433,2023,2023-02-17
245600.0,68.0,3,34070,3.860855,43.603947,2023,2023-02-22
383000.0,90.0,4,34000,3.863083,43.61359,2023,2023-02-27
214605.0,73.0,4,34000,3.899475,43.61403,2023,2023-02-08
168000.0,36.0,2,34090,3.890575,43.627295,2023,2023-02-15
161350.0,69.0,3,34070,3.874216,43.595399,2023,2023-02-21
246000.0,90.0,5,34000,3.899475,43.61403,2023,2023-02-08
263000.0,67.0,3,34000,3.883524,43.616819,2023,2023-02-27
137000.0,69.0,3,34070,3.868421,43.594405,2023,2023-02-20
103000.0,29.0,2,34070,3.882801,43.605381,2023,2023-02-27
180000.0,82.0,5,34070,3.856057,43.602962,2023,2023-02-16
115930.0,47.0,2,34080,3.822443,43.615583,2023,2023-03-06
436200.0,99.0,4,34000,3.863465,43.610195,2023,2023-02-23
135000.0,30.0,2,34000,3.881841,43.606458,2023,2023-02-27
165000.0,43.0,2,34070,3.851531,43.589201,2023,2023-02-27
142500.0,36.0,2,34090,3.864091,43.624081,2023,2023-02-23
203900.0,57.0,3,34000,3.888642,43.617776,2023,2023-02-27
178000.0,39.0,2,34000,3.889476,43.612657,2023,2023-03-02
118000.0,57.0,3,34070,3.885032,43.591232,2023,2023-03-03
215000.0,70.0,3,34000,3.906581,43.613534,2023,2023-02-24
235200.0,60.0,3,34070,3.856158,43.580939,2023,2023-02-23
351800.0,58.0,3,34000,3.902211,43.596053,2023,2023-02-23
193000.0,43.0,2,34070,3.894014,43.60062,2023,2023-02-22
147000.0,92.0,5,34080,3.814024,43.639114,2023,2023-02-08
105000.0,31.0,1,34090,3.873526,43.619335,2023,2023-03-03
242140.0,70.0,3,34070,3.890619,43.599089,2023,2023-02-27
309000.0,62.0,3,34090,3.892341,43.628359,2023,2023-02-27
184620.0,43.0,2,34000,3.871668,43.606245,2023,2023-03-01
208650.0,54.0,3,34070,3.844996,43.615645,2023,2023-02-09
145000.0,54.0,3,34070,3.864364,43.597896,2023,2023-02-17
145000.0,32.0,2,34000,3.895137,43.600662,2023,2023-02-14
416000.0,86.0,4,34090,3.878987,43.622238,2023,2023-03-01
138000.0,36.0,2,34090,3.873657,43.624511,2023,2023-02-07
174500.0,56.0,3,34070,3.846225,43.615092,2023,2023-02-17
186000.0,41.0,2,34000,3.877015,43.612766,2023,2023-02-24
159000.0,30.0,1,34000,3.863083,43.61359,2023,2023-02-22
365000.0,78.0,4,34000,3.90602,43.602603,2023,2023-02-13
221500.0,80.0,4,34070,3.853975,43.595259,2023,2023-02-22
62880.0,25.0,1,34080,3.841272,43.616814,2023,2023-02-23
155000.0,50.0,2,34090,3.838533,43.636989,2023,2023-02-27
74000.0,19.0,1,34000,3.889208,43.60492,2023,2023-03-02
160000.0,46.0,2,34070,3.855839,43.602133,2023,2023-03-02
424000.0,95.0,5,34090,3.872421,43.637625,2023,2023-03-01
230000.0,41.0,3,34000,3.869143,43.60397,2023,2023-02-28
92000.0,35.0,1,34080,3.829602,43.614279,2023,2023-02-28
125000.0,45.0,2,34070,3.84453,43.594567,2023,2023-02-17
182000.0,64.0,3,34070,3.84453,43.594567,2023,2023-03-01
161510.0,46.0,2,34090,3.838637,43.640729,2023,2023-02-27
236000.0,67.0,3,34000,3.891185,43.60927,2023,2023-03-02
664271.0,120.0,5,34000,3.902597,43.598364,2023,2023-03-03
198550.0,63.0,3,34070,3.851531,43.589201,2023,2023-03-09
196000.0,82.0,5,34070,3.892207,43.595045,2023,2023-02-20
592000.0,132.0,5,34070,3.865975,43.598651,2023,2023-03-06
187500.0,70.0,3,34080,3.839996,43.617962,2023,2023-02-28
211500.0,50.0,3,34070,3.855806,43.610542,2023,2023-03-07
81000.0,21.0,1,34070,3.891022,43.590893,2023,2023-02-23
78520.0,31.0,2,34070,3.877786,43.582088,2023,2023-02-23
185000.0,65.0,3,34070,3.84453,43.594567,2023,2023-02-08
113005.0,27.0,1,34090,3.846838,43.62966,2023,2023-02-20
290000.0,94.0,3,34000,3.878869,43.611934,2023,2023-02-28
112000.0,59.0,2,34080,3.830119,43.615175,2023,2023-03-13
190000.0,42.0,2,34000,3.904075,43.607733,2023,2023-02-20
179000.0,41.0,2,34090,3.880986,43.6261,2023,2023-02-23
395940.0,84.0,3,34000,3.867973,43.613099,2023,2023-02-23
105500.0,80.0,4,34080,3.81896,43.633792,2023,2023-03-10
182000.0,59.0,4,34090,3.859919,43.627462,2023,2023-02-23
136000.0,60.0,3,34090,3.851657,43.623744,2023,2023-02-17
147000.0,54.0,2,34090,3.873657,43.624511,2023,2023-03-03
140000.0,35.0,2,34070,3.862562,43.60638,2023,2023-02-24
213000.0,73.0,3,34070,3.878181,43.59509,2023,2023-02-17
84500.0,72.0,3,34080,3.814533,43.62401,2023,2023-03-08
283100.0,55.0,3,34000,3.876726,43.611871,2023,2023-02-27
91270.0,19.0,1,34000,3.878575,43.602153,2023,2023-02-20
65550.0,19.0,1,34000,3.878575,43.602153,2023,2023-02-17
65000.0,33.0,1,34070,3.876339,43.581538,2023,2023-03-01
141000.0,64.0,3,34080,3.846396,43.620739,2023,2023-03-07
140000.0,38.0,2,34090,3.860745,43.626133,2023,2023-02-24
319315.0,113.0,4,34090,3.859375,43.624466,2023,2023-03-15
130000.0,64.0,2,34070,3.884143,43.596092,2023,2023-02-28
138000.0,43.0,2,34080,3.841634,43.61433,2023,2023-03-08
127550.0,32.0,2,34000,3.874398,43.609743,2023,2023-02-28
280015.0,83.0,4,34070,3.886635,43.601341,2023,2023-03-14
75000.0,29.0,1,34080,3.826113,43.613047,2023,2023-03-14
248520.0,63.0,3,34000,3.893509,43.606468,2023,2023-02-21
241000.0,62.0,3,34090,3.871224,43.627565,2023,2023-03-10
89830.0,27.0,1,34070,3.889766,43.594677,2023,2023-02-28
75000.0,24.0,1,34090,3.847191,43.62597,2023,2023-03-01
293450.0,58.0,3,34000,3.9103,43.602999,2023,2023-02-14
120000.0,45.0,2,34090,3.850739,43.637893,2023,2023-03-15
360000.0,78.0,3,34000,3.874159,43.608047,2023,2023-03-01
187488.0,42.0,2,34000,3.87306,43.60078,2023,2023-03-10
195000.0,73.0,4,34080,3.832834,43.615261,2023,2023-02-28
107554.0,33.0,1,34070,3.886635,43.601341,2023,2023-03-02
165200.0,30.0,1,34070,3.884556,43.601593,2023,2023-02-27
115100.0,54.0,3,34070,3.853884,43.605976,2023,2023-03-01
185000.0,37.0,2,34090,3.891509,43.628156,2023,2023-03-08
235000.0,63.0,3,34090,3.838637,43.640729,2023,2023-03-10
90000.0,19.0,1,34000,3.887367,43.603241,2023,2023-03-06
270000.0,65.0,3,34000,3.877361,43.604958,2023,2023-02-27
74026.0,18.0,1,34090,3.852657,43.623307,2023,2023-03-13
175000.0,49.0,2,34090,3.842617,43.640476,2023,2023-02-24
184200.0,73.0,4,34080,3.822144,43.623868,2023,2023-03-03
425000.0,72.0,3,34090,3.862511,43.641566,2023,2023-03-07
170000.0,59.0,4,34090,3.859919,43.627462,2023,2023-03-09
190000.0,71.0,3,34090,3.868251,43.627279,2023,2023-03-08
145000.0,83.0,1,34000,3.868912,43.601163,2023,2023-03-09
93500.0,27.0,1,34080,3.841355,43.623466,2023,2023-02-28
207000.0,68.0,4,34000,3.888198,43.620449,2023,2023-03-03
164500.0,35.0,2,34090,3.873265,43.620356,2023,2023-02-27
105030.0,22.0,1,34090,3.860747,43.619028,2023,2023-03-13
138500.0,81.0,4,34080,3.841634,43.61433,2023,2023-03-10
224000.0,76.0,3,34000,3.872466,43.602029,2023,2023-03-07
350000.0,61.0,3,34000,3.869048,43.615726,2023,2023-03-09
165820.0,50.0,2,34070,3.859954,43.607871,2023,2023-02-23
160000.0,67.0,3,34070,3.868984,43.592641,2023,2023-03-14
270000.0,64.0,3,34000,3.895381,43.603174,2023,2023-03-02
285290.0,62.0,3,34080,3.848437,43.625109,2023,2023-03-14
246000.0,48.0,2,34090,3.87339,43.63055,2023,2023-03-15
139000.0,49.0,2,34070,3.874216,43.595399,2023,2023-03-13
114000.0,36.0,2,34080,3.824645,43.636044,2023,2023-03-03
218000.0,76.0,4,34070,3.88571,43.584374,2023,2023-03-07
183200.0,68.0,3,34070,3.846077,43.61599,2023,2023-02-22
136000.0,61.0,3,34070,3.868421,43.594405,2023,2023-02-20
171150.0,36.0,1,34000,3.888223,43.624367,2023,2023-02-28
92000.0,20.0,1,34000,3.897996,43.603349,2023,2023-03-02
470550.0,111.0,6,34090,3.87593,43.627496,2023,2023-02-24
141000.0,76.0,4,34070,3.85736,43.608531,2023,2023-03-14
173000.0,72.0,4,34070,3.886999,43.594906,2023,2023-03-10
241900.0,100.0,5,34070,3.838662,43.607895,2023,2023-03-03
149000.0,37.0,1,34000,3.903771,43.607477,2023,2023-03-14
194950.0,67.0,4,34070,3.847621,43.605817,2023,2023-03-15
90500.0,25.0,1,34090,3.833475,43.639115,2023,2023-03-16
200710.0,50.0,2,34000,3.902916,43.610334,2023,2023-02-21
266200.0,103.0,4,34070,3.857018,43.602454,2023,2023-03-06
667300.0,155.0,6,34070,3.851782,43.61241,2023,2023-03-03
238000.0,81.0,4,34000,3.89211,43.604068,2023,2023-03-14
96000.0,27.0,1,34070,3.872598,43.590303,2023,2023-03-01
90500.0,24.0,1,34090,3.833475,43.639115,2023,2023-03-16
100000.0,21.0,1,34090,3.872194,43.634386,2023,2023-02-23
105000.0,76.0,4,34080,3.825338,43.614042,2023,2023-03-13
245000.0,49.0,2,34000,3.878078,43.608494,2023,2023-03-01
203000.0,80.0,4,34070,3.853233,43.593175,2023,2023-03-06
162300.0,30.0,1,34070,3.863742,43.59048,2023,2023-03-10
50000.0,19.0,1,34080,3.847573,43.619412,2023,2023-03-16
69000.0,22.0,1,34090,3.852553,43.621567,2023,2023-03-02
90000.0,67.0,4,34070,3.885124,43.593451,2023,2023-02-24
166000.0,73.0,4,34070,3.868794,43.594206,2023,2023-02-28
83000.0,34.0,1,34080,3.847504,43.62381,2023,2023-03-15
174000.0,55.0,3,34090,3.846922,43.638091,2023,2023-03-03
176500.0,56.0,3,34000,3.875359,43.612905,2023,2023-03-17
125000.0,48.0,2,34080,3.837587,43.624674,2023,2023-03-10
322400.0,75.0,4,34000,3.882,43.614576,2023,2023-03-14
432300.0,97.0,5,34000,3.88786,43.60634,2023,2023-03-06
490000.0,134.0,5,34000,3.876163,43.611539,2023,2023-02-28
84000.0,36.0,1,34070,3.900349,43.594578,2023,2023-02-28
512800.0,86.0,4,34000,3.901165,43.596946,2023,2023-02-28
167500.0,79.0,3,34070,3.874537,43.592335,2023,2023-03-13
191000.0,45.0,2,34000,3.86804,43.606208,2023,2023-03-13
236070.0,68.0,4,34000,3.871275,43.603621,2023,2023-03-14
82000.0,18.0,1,34090,3.856655,43.631871,2023,2023-02-27
166500.0,44.0,2,34070,3.860218,43.582009,2023,2023-03-20
152000.0,45.0,2,34070,3.86604,43.596752,2023,2023-03-17
351000.0,71.0,3,34000,3.902176,43.601085,2023,2023-03-17
170000.0,56.0,3,34070,3.859377,43.58258,2023,2023-03-14
121150.0,27.0,1,34090,3.848751,43.638159,2023,2023-03-16
185000.0,64.0,3,34070,3.84453,43.594567,2023,2023-02-24
155640.0,49.0,3,34090,3.868382,43.626196,2023,2023-03-21
170000.0,74.0,4,34070,3.889789,43.594165,2023,2023-03-01
200000.0,33.0,1,34000,3.869048,43.615726,2023,2023-03-16
103550.0,55.0,2,34070,3.836052,43.608116,2023,2023-03-17
156716.0,48.0,2,34080,3.83071,43.63444,2023,2023-03-22
115000.0,29.0,2,34070,3.866894,43.592834,2023,2023-02-17
105400.0,47.0,2,34090,3.852553,43.621567,2023,2023-03-16
218550.0,84.0,4,34070,3.883362,43.596415,2023,2023-03-20
275000.0,78.0,3,34000,3.883229,43.608182,2023,2023-03-15
128390.0,34.0,2,34070,3.850396,43.611706,2023,2023-03-14
243900.0,64.0,3,34080,3.830573,43.633376,2023,2023-03-07
267000.0,65.0,3,34000,3.894417,43.603146,2023,2023-03-21
178000.0,67.0,3,34000,3.871794,43.602753,2023,2023-03-15
345000.0,86.0,3,34070,3.865549,43.607609,2023,2023-03-14
164000.0,32.0,1,34090,3.856655,43.639738,2023,2023-03-23
187500.0,38.0,2,34070,3.860786,43.578387,2023,2023-03-16
145000.0,29.0,1,34000,3.868682,43.614331,2023,2023-03-02
179900.0,51.0,2,34090,3.865709,43.622756,2023,2023-02-27
271600.0,83.0,5,34000,3.86706,43.617116,2023,2023-03-01
235849.0,65.0,3,34000,3.875012,43.609007,2023,2023-03-17
110000.0,40.0,2,34070,3.839541,43.607688,2023,2023-03-03
160000.0,36.0,1,34000,3.906609,43.612353,2023,2023-03-23
149860.0,49.0,2,34080,3.826286,43.613981,2023,2023-03-15
63000.0,17.0,1,34090,3.852553,43.621567,2023,2023-03-06
237500.0,80.0,4,34070,3.85736,43.608531,2023,2023-03-15
185500.0,70.0,3,34000,3.906581,43.613534,2023,2023-02-27
45000.0,19.0,1,34070,3.876339,43.581538,2023,2023-03-10
288000.0,92.0,4,34000,3.884721,43.606079,2023,2023-03-03
234500.0,95.0,4,34070,3.867489,43.594589,2023,2023-03-14
220000.0,43.0,2,34000,3.905033,43.599173,2023,2023-03-17
250000.0,72.0,3,34080,3.831666,43.63305,2023,2023-03-08
239000.0,67.0,4,34090,3.858643,43.618409,2023,2023-03-13
605150.0,109.0,5,34070,3.858923,43.581695,2023,2023-03-08
200000.0,50.0,2,34000,3.893608,43.603708,2023,2023-03-15
156316.0,31.0,2,34000,3.896269,43.605244,2023,2023-03-08
121000.0,23.0,1,34000,3.876761,43.612202,2023,2023-03-07
198000.0,70.0,3,34080,3.838117,43.624314,2023,2023-03-16
145684.0,69.0,3,34070,3.833325,43.597931,2023,2023-03-15
327726.0,74.0,5,34000,3.875227,43.611477,2023,2023-03-20
166922.0,104.0,5,34070,3.842265,43.594255,2023,2023-03-15
140000.0,34.0,2,34000,3.875995,43.607495,2023,2023-03-14
208845.0,41.0,2,34000,3.877873,43.613203,2023,2023-03-20
306400.0,66.0,3,34000,3.896269,43.605244,2023,2023-03-15
254990.0,68.0,3,34000,3.899793,43.597635,2023,2023-03-14
127000.0,57.0,3,34070,3.85736,43.608531,2023,2023-03-16
214600.0,60.0,3,34000,3.879048,43.606964,2023,2023-03-13
129450.0,42.0,2,34070,3.864628,43.594644,2023,2023-03-20
143000.0,31.0,2,34090,3.842796,43.634633,2023,2023-03-21
430000.0,74.0,3,34090,3.862511,43.641566,2023,2023-03-17
83000.0,29.0,1,34080,3.840901,43.617317,2023,2023-03-17
178000.0,54.0,3,34090,3.838355,43.640196,2023,2023-03-10
175000.0,49.0,2,34080,3.831735,43.635308,2023,2023-03-20
110000.0,22.0,2,34090,3.86002,43.628295,2023,2023-03-22
119000.0,34.0,2,34070,3.856644,43.59141,2023,2023-03-16
760000.0,134.0,4,34000,3.874139,43.611811,2023,2023-03-02
205500.0,61.0,3,34070,3.873106,43.597041,2023,2023-03-09
160000.0,40.0,2,34070,3.884083,43.595043,2023,2023-03-06
95000.0,19.0,1,34000,3.90586,43.613163,2023,2023-03-24
374540.0,108.0,5,34090,3.866041,43.625551,2023,2023-03-08
302300.0,78.0,4,34070,3.893464,43.593694,2023,2023-03-24
253700.0,62.0,3,34000,3.873647,43.604204,2023,2023-03-09
142200.0,44.0,2,34080,3.831735,43.635308,2023,2023-03-27
100000.0,67.0,4,34000,3.858643,43.618409,2023,2023-03-14
128310.0,47.0,2,34080,3.822327,43.624975,2023,2023-03-15
335200.0,74.0,3,34000,3.885853,43.606513,2023,2023-03-20
187000.0,84.0,4,34070,3.837468,43.602094,2023,2023-03-21
265000.0,103.0,5,34070,3.861093,43.599745,2023,2023-03-08
100000.0,37.0,2,34080,3.832152,43.611662,2023,2023-03-22
220000.0,45.0,2,34000,3.900764,43.614252,2023,2023-03-21
198500.0,41.0,2,34070,3.891368,43.602018,2023,2023-03-06
116000.0,54.0,3,34070,3.84659,43.598277,2023,2023-03-17
110700.0,32.0,2,34000,3.868387,43.60643,2023,2023-03-22
224000.0,75.0,4,34090,3.871224,43.627565,2023,2023-03-27
75000.0,19.0,1,34090,3.860745,43.626133,2023,2023-03-27
66000.0,21.0,1,34070,3.894636,43.599749,2023,2023-03-02
127000.0,45.0,2,34090,3.846269,43.628377,2023,2023-03-15
74000.0,13.0,1,34000,3.87903,43.612098,2023,2023-03-17
174500.0,74.0,3,34070,3.884236,43.593969,2023,2023-03-21
469000.0,138.0,4,34000,3.884101,43.601901,2023,2023-03-10
233000.0,70.0,3,34090,3.875652,43.628043,2023,2023-03-24
194000.0,65.0,3,34080,3.839912,43.620624,2023,2023-03-30
150000.0,49.0,2,34070,3.856644,43.59141,2023,2023-03-29
197400.0,86.0,4,34070,3.864628,43.594644,2023,2023-03-08
190000.0,48.0,2,34090,3.8821,43.623625,2023,2023-03-16
358000.0,96.0,4,34000,3.877324,43.612098,2023,2023-03-17
277000.0,81.0,4,34070,3.892873,43.603053,2023,2023-03-22
64000.0,30.0,1,34080,3.846555,43.619867,2023,2023-03-22
152365.0,27.0,2,34000,3.87125,43.608428,2023,2023-03-17
210000.0,56.0,2,34000,3.870254,43.602564,2023,2023-03-20
332000.0,62.0,3,34070,3.865717,43.608662,2023,2023-03-20
120000.0,48.0,2,34080,3.843134,43.61517,2023,2023-03-23
145000.0,42.0,2,34090,3.870352,43.628869,2023,2023-03-10
397800.0,78.0,4,34000,3.9103,43.602999,2023,2023-03-20
158000.0,48.0,2,34070,3.852017,43.58965,2023,2023-03-09
250000.0,55.0,3,34000,3.902474,43.601863,2023,2023-03-20
276088.0,55.0,3,34070,3.8933,43.599944,2023,2023-03-27
173010.0,73.0,4,34070,3.868967,43.59327,2023,2023-03-21
307200.0,99.0,4,34000,3.884323,43.601563,2023,2023-03-23
95100.0,80.0,4,34080,3.814533,43.62401,2023,2023-03-15
40000.0,24.0,1,34070,3.850511,43.615745,2023,2023-03-20
115000.0,30.0,1,34090,3.840041,43.639678,2023,2023-03-09
94950.0,25.0,2,34000,3.869915,43.605169,2023,2023-03-17
104500.0,22.0,1,34090,3.840099,43.648378,2023,2023-03-28
224080.0,50.0,2,34090,3.873223,43.632688,2023,2023-03-13
129000.0,42.0,2,34070,3.84453,43.594567,2023,2023-03-24
239100.0,79.0,4,34070,3.846246,43.59736,2023,2023-03-10
293600.0,70.0,3,34000,3.889267,43.606138,2023,2023-03-10
295000.0,64.0,3,34000,3.902597,43.598364,2023,2023-03-08
155000.0,88.0,4,34070,3.874633,43.591677,2023,2023-02-28
95000.0,25.0,1,34000,3.878785,43.612933,2023,2023-03-14
290000.0,68.0,4,34000,3.888642,43.617776,2023,2023-03-22
245000.0,62.0,3,34000,3.884908,43.609836,2023,2023-03-22
27000.0,9.0,1,34000,3.872398,43.607581,2023,2023-03-31
194550.0,49.0,3,34070,3.885517,43.605908,2023,2023-03-29
150000.0,57.0,2,34070,3.86604,43.596752,2023,2023-03-28
66000.0,19.0,1,34090,3.847191,43.62597,2023,2023-03-27
82000.0,26.0,1,34070,3.860855,43.603947,2023,2023-03-20
117550.0,55.0,4,34090,3.868382,43.626196,2023,2023-03-15
110000.0,30.0,1,34000,3.86804,43.606208,2023,2023-03-14
179200.0,65.0,3,34070,3.86213,43.604886,2023,2023-03-29
345000.0,77.0,2,34000,3.875515,43.614148,2023,2023-03-10
290100.0,102.0,5,34000,3.89248,43.613723,2023,2023-03-13
162500.0,47.0,2,34070,3.846225,43.615092,2023,2023-03-23
272200.0,87.0,4,34070,3.855839,43.602133,2023,2023-03-31
187000.0,82.0,4,34070,3.856765,43.603863,2023,2023-04-03
102600.0,36.0,1,34070,3.834146,43.608785,2023,2023-03-17
235000.0,94.0,4,34000,3.890634,43.604065,2023,2023-03-31
207400.0,44.0,2,34000,3.909445,43.60579,2023,2023-03-31
181600.0,46.0,2,34000,3.8707,43.604519,2023,2023-03-17
132000.0,31.0,2,34000,3.878575,43.602153,2023,2023-03-31
145720.0,40.0,2,34070,3.857006,43.588056,2023,2023-03-22
192000.0,62.0,2,34000,3.911367,43.61604,2023,2023-03-08
279225.0,62.0,3,34070,3.847127,43.598015,2023,2023-03-21
172000.0,47.0,2,34090,3.854914,43.639456,2023,2023-03-31
95000.0,50.0,2,34070,3.868984,43.592641,2023,2023-03-17
289000.0,62.0,3,34000,3.900764,43.614252,2023,2023-03-23
138000.0,35.0,1,34070,3.885208,43.600898,2023,2023-03-22
278000.0,91.0,4,34080,3.830251,43.63296,2023,2023-03-09
151000.0,37.0,2,34000,3.883757,43.606035,2023,2023-03-27
230000.0,80.0,3,34070,3.850341,43.614497,2023,2023-03-10
240000.0,62.0,4,34000,3.879491,43.602844,2023,2023-03-14
95000.0,43.0,2,34080,3.851319,43.618445,2023,2023-03-29
66500.0,22.0,1,34090,3.852553,43.621567,2023,2023-04-04
180000.0,70.0,4,34070,3.875006,43.594018,2023,2023-03-27
211400.0,75.0,3,34070,3.854993,43.593074,2023,2023-04-03
90000.0,25.0,1,34000,3.874106,43.608411,2023,2023-03-06
170000.0,64.0,3,34000,3.878104,43.598563,2023,2023-03-14
60000.0,28.0,1,34070,3.862843,43.610041,2023,2023-03-14
144800.0,47.0,2,34080,3.827376,43.612293,2023,2023-04-03
255000.0,67.0,3,34070,3.856099,43.579777,2023,2023-03-21
112000.0,26.0,1,34000,3.874338,43.608373,2023,2023-03-17
101050.0,30.0,2,34080,3.844517,43.622445,2023,2023-03-31
293500.0,72.0,3,34000,3.886231,43.603792,2023,2023-03-31
406510.0,98.0,3,34000,3.876608,43.61263,2023,2023-03-30
335000.0,96.0,4,34000,3.881835,43.607559,2023,2023-03-14
228000.0,82.0,4,34070,3.844996,43.615645,2023,2023-03-29
118560.0,60.0,3,34000,3.870722,43.607908,2023,2023-03-09
130000.0,23.0,1,34070,3.871375,43.590748,2023,2023-03-27
85220.0,27.0,1,34090,3.846838,43.62966,2023,2023-03-31
185000.0,98.0,5,34070,3.855474,43.594061,2023,2023-03-22
185649.0,43.0,3,34070,3.884799,43.604968,2023,2023-03-16
108500.0,26.0,1,34070,3.879735,43.595049,2023,2023-03-14
183170.0,44.0,2,34070,3.847952,43.59103,2023,2023-03-20
127880.0,109.0,4,34080,3.831137,43.618123,2023,2023-03-30
249000.0,69.0,3,34070,3.854115,43.600002,2023,2023-03-29
93000.0,19.0,1,34000,3.878575,43.602153,2023,2023-03-30
208800.0,60.0,3,34070,3.851531,43.589201,2023,2023-03-30
152800.0,50.0,2,34070,3.859954,43.607871,2023,2023-03-27
98000.0,42.0,2,34080,3.826704,43.613257,2023,2023-03-28
190000.0,80.0,4,34070,3.866464,43.591485,2023,2023-03-08
115000.0,23.0,1,34070,3.858697,43.612939,2023,2023-03-31
195700.0,46.0,2,34090,3.861006,43.628264,2023,2023-03-23
107500.0,67.0,4,34070,3.864364,43.597896,2023,2023-03-09
158000.0,62.0,3,34000,3.871778,43.60814,2023,2023-03-07
182000.0,45.0,2,34070,3.891238,43.590278,2023,2023-03-17
60000.0,25.0,1,34080,3.851319,43.618445,2023,2023-04-03
174000.0,81.0,4,34070,3.86213,43.604886,2023,2023-03-24
117000.0,70.0,3,34080,3.831436,43.611628,2023,2023-03-31
154550.0,52.0,3,34080,3.831356,43.6141,2023,2023-03-29
326300.0,66.0,3,34000,3.901197,43.608396,2023,2023-03-30
120000.0,39.0,2,34000,3.883401,43.603436,2023,2023-03-24
98000.0,34.0,1,34090,3.865709,43.622756,2023,2023-03-20
147800.0,67.0,4,34070,3.883988,43.591519,2023,2023-03-27
95000.0,50.0,2,34070,3.868984,43.592641,2023,2023-03-20
238500.0,40.0,2,34000,3.905077,43.604972,2023,2023-03-27
282000.0,67.0,3,34000,3.906659,43.608548,2023,2023-03-27
215000.0,76.0,4,34070,3.872839,43.596044,2023,2023-03-27
312800.0,65.0,3,34080,3.835575,43.629711,2023,2023-03-29
130000.0,41.0,2,34080,3.82805,43.614783,2023,2023-03-28
165000.0,43.0,2,34070,3.879735,43.595049,2023,2023-03-28
225000.0,83.0,4,34000,3.89571,43.60574,2023,2023-03-21
183000.0,61.0,3,34000,3.891485,43.60737,2023,2023-03-30
100000.0,25.0,1,34000,3.875375,43.612671,2023,2023-04-07
132000.0,25.0,1,34090,3.854105,43.638805,2023,2023-03-20
110000.0,35.0,2,34000,3.886378,43.614835,2023,2023-03-20
180000.0,31.0,1,34070,3.852922,43.615281,2023,2023-03-30
95000.0,32.0,1,34080,3.847504,43.62381,2023,2023-03-31
783500.0,119.0,5,34090,3.877065,43.627714,2023,2023-03-30
106000.0,27.0,1,34070,3.879735,43.595049,2023,2023-03-28
153000.0,66.0,4,34070,3.875352,43.594452,2023,2023-04-06
190000.0,72.0,3,34080,3.829242,43.613942,2023,2023-03-16
85000.0,25.0,2,34070,3.885065,43.605172,2023,2023-03-23
183000.0,65.0,3,34070,3.853545,43.614728,2023,2023-04-07
275800.0,61.0,3,34070,3.893464,43.593694,2023,2023-04-07
138000.0,51.0,3,34080,3.822327,43.624975,2023,2023-03-31
324500.0,75.0,4,34090,3.873715,43.617164,2023,2023-04-05
159500.0,69.0,3,34070,3.847755,43.598164,2023,2023-03-27
160000.0,41.0,2,34000,3.910818,43.60635,2023,2023-03-17
146000.0,35.0,2,34070,3.894014,43.60062,2023,2023-03-15
283950.0,70.0,3,34070,3.894621,43.601665,2023,2023-03-23
115000.0,40.0,2,34000,3.875159,43.607989,2023,2023-03-23
207000.0,48.0,3,34000,3.881918,43.607734,2023,2023-03-21
224650.0,72.0,3,34070,3.855474,43.594061,2023,2023-04-03
445000.0,121.0,4,34090,3.879837,43.623972,2023,2023-04-11
338550.0,81.0,4,34070,3.856158,43.580939,2023,2023-04-12
160000.0,86.0,4,34070,3.864628,43.594644,2023,2023-03-22
346100.0,70.0,3,34070,3.866208,43.60959,2023,2023-03-15
252600.0,67.0,3,34000,3.885118,43.606924,2023,2023-03-30
435000.0,120.0,7,34090,3.879837,43.623972,2023,2023-04-12
153500.0,68.0,3,34080,3.848718,43.622617,2023,2023-04-04
163900.0,52.0,2,34070,3.855474,43.594061,2023,2023-04-03
94000.0,28.0,1,34070,3.891022,43.590893,2023,2023-04-07
77375.0,21.0,1,34070,3.891022,43.590893,2023,2023-03-23
181500.0,69.0,4,34070,3.8555,43.605346,2023,2023-04-03
75500.0,15.0,1,34000,3.882486,43.61865,2023,2023-04-06
76900.0,25.0,1,34080,3.835291,43.618361,2023,2023-03-22
358000.0,93.0,4,34090,3.871303,43.626414,2023,2023-03-27
245000.0,61.0,3,34070,3.852017,43.58965,2023,2023-04-06
182450.0,43.0,2,34090,3.86319,43.62079,2023,2023-04-05
136640.0,33.0,2,34070,3.88468,43.605345,2023,2023-03-28
174900.0,47.0,2,34080,3.838064,43.630192,2023,2023-03-31
225000.0,68.0,4,34000,3.888642,43.617776,2023,2023-03-31
115750.0,60.0,3,34070,3.860786,43.578387,2023,2023-03-31
111110.0,20.0,1,34000,3.893338,43.614081,2023,2023-03-23
352600.0,72.0,3,34000,3.90082,43.598604,2023,2023-04-11
99750.0,22.0,1,34090,3.844825,43.632247,2023,2023-04-13
120000.0,30.0,2,34070,3.866354,43.599036,2023,2023-04-07
131000.0,74.0,3,34080,3.833891,43.617122,2023,2023-04-14
182000.0,78.0,4,34070,3.871429,43.595557,2023,2023-03-31
289000.0,75.0,4,34000,3.893338,43.614081,2023,2023-03-31
144700.0,57.0,3,34070,3.866188,43.595571,2023,2023-03-31
180400.0,86.0,3,34070,3.854115,43.600002,2023,2023-04-05
235560.0,99.0,4,34000,3.872263,43.599476,2023,2023-04-11
105990.0,19.0,1,34000,3.866346,43.613954,2023,2023-03-31
205500.0,90.0,4,34070,3.854993,43.593074,2023,2023-03-29
148790.0,57.0,3,34070,3.885032,43.591232,2023,2023-03-31
113000.0,35.0,2,34080,3.847297,43.621955,2023,2023-02-24
330000.0,92.0,4,34090,3.873657,43.624511,2023,2023-03-29
68000.0,18.0,1,34090,3.852553,43.621567,2023,2023-04-11
207150.0,42.0,2,34000,3.879177,43.61193,2023,2023-03-23
209000.0,56.0,3,34070,3.882176,43.592181,2023,2023-03-31
316000.0,61.0,3,34000,3.893366,43.606043,2023,2023-04-05
114000.0,46.0,2,34080,3.839996,43.617962,2023,2023-04-06
315900.0,102.0,5,34000,3.849091,43.616213,2023,2023-04-04
110000.0,24.0,1,34090,3.871707,43.63308,2023,2023-04-11
166000.0,42.0,2,34070,3.884972,43.602009,2023,2023-04-03
86945.0,17.0,1,34090,3.871034,43.629115,2023,2023-03-16
266850.0,71.0,3,34000,3.893509,43.606468,2023,2023-04-11
90000.0,24.0,1,34090,3.877104,43.615745,2023,2023-03-10
68820.0,21.0,1,34000,3.882486,43.61865,2023,2023-04-11
156000.0,58.0,2,34000,3.891014,43.613888,2023,2023-03-28
210480.0,46.0,2,34000,3.894887,43.610745,2023,2023-03-27
147550.0,62.0,4,34000,3.860946,43.614233,2023,2023-04-12
127800.0,40.0,2,34070,3.86512,43.608122,2023,2023-04-12
106000.0,27.0,1,34090,3.849118,43.636798,2023,2023-04-05
142056.0,34.0,2,34000,3.873823,43.610311,2023,2023-04-07
85000.0,18.0,1,34090,3.857702,43.633263,2023,2023-03-31
148000.0,46.0,2,34070,3.867211,43.601296,2023,2023-04-06
145000.0,39.0,1,34070,3.874328,43.59028,2023,2023-04-11
404150.0,108.0,3,34070,3.85123,43.610741,2023,2023-04-12
85000.0,25.0,1,34080,3.845822,43.622635,2023,2023-03-29
390350.0,83.0,3,34090,3.87665,43.617676,2023,2023-04-07
227000.0,71.0,3,34090,3.876765,43.625611,2023,2023-04-11
233700.0,39.0,2,34000,3.901148,43.598539,2023,2023-04-13
182000.0,41.0,2,34090,3.861077,43.627288,2023,2023-04-06
230000.0,66.0,3,34070,3.839562,43.597492,2023,2023-03-27
231050.0,48.0,2,34090,3.882154,43.624863,2023,2023-04-05
268800.0,57.0,3,34000,3.897826,43.606536,2023,2023-04-11
87000.0,18.0,1,34090,3.879026,43.623491,2023,2023-04-14
110400.0,25.0,1,34000,3.879028,43.610892,2023,2023-04-12
202430.0,46.0,2,34000,3.887215,43.603894,2023,2023-04-14
119000.0,30.0,1,34000,3.894456,43.607935,2023,2023-04-13
140000.0,60.0,2,34090,3.844744,43.633909,2023,2023-03-30
78500.0,18.0,1,34070,3.857794,43.612319,2023,2023-03-31
83000.0,18.0,1,34090,3.853449,43.624567,2023,2023-04-03
80000.0,14.0,1,34070,3.882876,43.605891,2023,2023-04-03
179000.0,47.0,2,34000,3.892732,43.606515,2023,2023-04-03
127250.0,40.0,1,34070,3.86552,43.588498,2023,2023-03-31
497600.0,90.0,4,34000,3.902972,43.60132,2023,2023-04-03
133000.0,79.0,4,34070,3.886522,43.592608,2023,2023-04-11
178100.0,57.0,2,34070,3.854115,43.600002,2023,2023-04-18
201630.0,78.0,3,34080,3.853297,43.617261,2023,2023-03-31
159050.0,65.0,3,34070,3.864464,43.605458,2023,2023-04-14
200000.0,62.0,3,34090,3.868251,43.627279,2023,2023-03-30
213700.0,65.0,3,34080,3.8366,43.631468,2023,2023-03-30
115000.0,28.0,2,34000,3.886859,43.603799,2023,2023-04-12
205150.0,67.0,4,34000,3.889579,43.618227,2023,2023-03-28
215000.0,44.0,2,34000,3.901953,43.607207,2023,2023-03-23
240500.0,62.0,3,34070,3.882176,43.592181,2023,2023-04-17
224200.0,62.0,3,34070,3.849805,43.591392,2023,2023-04-17
141150.0,35.0,2,34090,3.863205,43.61902,2023,2023-03-31
82500.0,19.0,1,34000,3.878575,43.602153,2023,2023-04-19
114000.0,82.0,5,34000,3.860218,43.614319,2023,2023-04-14
83000.0,17.0,1,34090,3.844744,43.633909,2023,2023-04-13
90000.0,18.0,1,34090,3.859694,43.626872,2023,2023-04-12
30000.0,20.0,1,34090,3.874735,43.617747,2023,2023-04-13
112457.0,21.0,1,34000,3.866346,43.613954,2023,2023-04-06
315000.0,84.0,4,34070,3.854022,43.59092,2023,2023-04-05
91479.0,18.0,1,34090,3.876934,43.617321,2023,2023-04-04
99000.0,27.0,1,34000,3.866493,43.609386,2023,2023-03-30
85200.0,22.0,1,34000,3.882486,43.61865,2023,2023-04-11
245000.0,65.0,3,34070,3.855063,43.58353,2023,2023-03-29
165290.0,32.0,1,34000,3.890245,43.622152,2023,2023-04-03
142500.0,44.0,2,34070,3.860218,43.582009,2023,2023-04-13
146650.0,31.0,1,34000,3.879505,43.61557,2023,2023-04-13
265000.0,69.0,3,34070,3.862576,43.60379,2023,2023-03-23
125500.0,51.0,2,34000,3.881649,43.599056,2023,2023-03-30
119376.0,27.0,1,34070,3.884761,43.58811,2023,2023-04-12
349440.0,103.0,3,34000,3.879882,43.60213,2023,2023-04-11
374140.0,113.0,4,34090,3.850333,43.624935,2023,2023-04-11
270000.0,105.0,5,34000,3.890634,43.604065,2023,2023-03-27
210000.0,48.0,2,34000,3.88347,43.619714,2023,2023-04-13
37000.0,10.0,1,34000,3.867021,43.609952,2023,2023-04-04
350000.0,125.0,5,34090,3.878059,43.615535,2023,2023-03-30
414000.0,82.0,5,34000,3.867576,43.612264,2023,2023-04-05
83000.0,22.0,1,34000,3.868901,43.607541,2023,2023-04-11
170000.0,66.0,4,34090,3.855716,43.630643,2023,2023-03-24
140000.0,47.0,2,34070,3.838534,43.597787,2023,2023-03-23
165000.0,55.0,3,34070,3.890712,43.601006,2023,2023-04-17
140566.0,75.0,4,34070,3.874468,43.59745,2023,2023-04-04
222000.0,47.0,2,34070,3.884311,43.604973,2023,2023-04-06
87786.0,42.0,1,34080,3.832496,43.61157,2023,2023-04-14
187000.0,53.0,2,34070,3.888246,43.594956,2023,2023-04-20
124000.0,47.0,2,34070,3.837082,43.598685,2023,2023-03-17
152000.0,46.0,2,34070,3.855822,43.615114,2023,2023-04-12
98830.0,19.0,1,34000,3.898506,43.601685,2023,2023-04-11
175000.0,90.0,5,34070,3.864628,43.594644,2023,2023-04-18
132500.0,33.0,2,34000,3.880141,43.60337,2023,2023-04-18
170000.0,76.0,4,34080,3.825338,43.614042,2023,2023-04-18
326500.0,135.0,3,34000,3.873939,43.608069,2023,2023-04-18
305290.0,75.0,3,34000,3.872646,43.607305,2023,2023-04-20
70000.0,30.0,2,34080,3.837947,43.613467,2023,2023-04-18
150000.0,68.0,3,34070,3.873179,43.588466,2023,2023-04-19
88000.0,23.0,1,34090,3.849118,43.636798,2023,2023-04-07
171560.0,71.0,4,34070,3.872174,43.595919,2023,2023-04-17
120000.0,43.0,3,34070,3.866471,43.608041,2023,2023-04-14
82150.0,21.0,1,34070,3.890704,43.59339,2023,2023-04-20
146000.0,27.0,1,34090,3.875368,43.631317,2023,2023-04-24
282140.0,67.0,4,34000,3.889579,43.618227,2023,2023-04-14
95000.0,62.0,3,34070,3.870092,43.592337,2023,2023-03-28
102000.0,32.0,1,34090,3.843053,43.641923,2023,2023-04-13
115000.0,41.0,2,34090,3.859971,43.641182,2023,2023-04-03
74000.0,26.0,2,34070,3.85269,43.603029,2023,2023-04-18
399000.0,140.0,6,34000,3.880187,43.607578,2023,2023-04-18
342500.0,74.0,3,34000,3.900839,43.59718,2023,2023-04-24
242000.0,60.0,3,34000,3.905215,43.599089,2023,2023-04-06
242150.0,67.0,3,34070,3.857121,43.580921,2023,2023-04-07
233950.0,64.0,3,34000,3.898536,43.602076,2023,2023-04-11
70000.0,19.0,1,34000,3.878575,43.602153,2023,2023-04-13
175000.0,83.0,4,34070,3.867284,43.59399,2023,2023-03-28
128900.0,35.0,2,34000,3.877586,43.612912,2023,2023-04-17
555000.0,130.0,5,34000,3.873001,43.607041,2023,2023-03-28
231500.0,87.0,4,34000,3.890634,43.604065,2023,2023-04-04
126000.0,26.0,1,34070,3.879735,43.595049,2023,2023-04-25
119000.0,28.0,1,34000,3.906581,43.613534,2023,2023-04-24
137000.0,35.0,2,34090,3.872207,43.618998,2023,2023-04-07
89390.0,26.0,1,34090,3.842283,43.628897,2023,2023-04-13
138000.0,56.0,3,34080,3.841541,43.621563,2023,2023-03-29
98000.0,19.0,1,34000,3.878575,43.602153,2023,2023-04-11
183100.0,40.0,2,34000,3.86796,43.607924,2023,2023-04-11
55000.0,45.0,2,34080,3.834838,43.6149,2023,2023-04-18
117500.0,29.0,2,34090,3.868501,43.636844,2023,2023-04-20
389600.0,110.0,5,34070,3.854115,43.600002,2023,2023-04-06
159000.0,42.0,2,34070,3.851154,43.607077,2023,2023-04-14
97000.0,23.0,1,34070,3.891022,43.590893,2023,2023-04-14
127000.0,52.0,3,34070,3.870783,43.598757,2023,2023-04-11
270800.0,70.0,3,34090,3.878987,43.622238,2023,2023-04-11
352950.0,71.0,3,34090,3.876765,43.625611,2023,2023-03-31
135580.0,35.0,2,34000,3.876541,43.609886,2023,2023-04-06
89000.0,31.0,2,34000,3.87639,43.606971,2023,2023-04-06
252000.0,67.0,3,34090,3.878442,43.616393,2023,2023-04-20
82650.0,23.0,1,34070,3.891022,43.590893,2023,2023-04-07
188000.88,64.0,3,34090,3.866332,43.62597,2023,2023-03-30
154925.0,67.0,4,34070,3.883533,43.592737,2023,2023-04-17
173000.0,63.0,4,34070,3.846371,43.606804,2023,2023-04-13
123000.0,36.0,2,34080,3.847984,43.622477,2023,2023-04-17
122005.0,42.0,2,34070,3.827536,43.61112,2023,2023-04-19
98700.0,32.0,1,34090,3.852553,43.621567,2023,2023-04-19
284110.0,75.0,3,34070,3.89376,43.601154,2023,2023-04-12
250000.0,92.0,4,34070,3.854993,43.593074,2023,2023-04-17
248169.0,51.0,2,34000,3.885038,43.605939,2023,2023-04-13
213000.0,73.0,4,34000,3.892687,43.60531,2023,2023-03-31
134500.0,46.0,2,34070,3.841297,43.604181,2023,2023-04-13
172350.0,42.0,2,34070,3.865756,43.585058,2023,2023-04-27
163000.0,28.0,1,34090,3.875437,43.617671,2023,2023-04-11
93000.0,34.0,2,34000,3.876378,43.60781,2023,2023-04-25
153100.0,54.0,3,34070,3.867128,43.596109,2023,2023-04-13
317450.0,55.0,2,34000,3.879949,43.613915,2023,2023-04-18
72500.0,26.0,1,34080,3.832006,43.620973,2023,2023-04-13
339000.0,68.0,3,34000,3.905319,43.599186,2023,2023-04-14
194000.0,48.0,3,34000,3.879937,43.602314,2023,2023-03-30
249300.0,52.0,3,34070,3.883278,43.605203,2023,2023-04-17
105000.0,30.0,1,34090,3.845294,43.628354,2023,2023-04-24
192370.0,60.0,3,34070,3.853903,43.590045,2023,2023-03-31
390000.0,68.0,3,34000,3.869048,43.615726,2023,2023-04-21
127000.0,42.0,2,34070,3.84453,43.594567,2023,2023-04-21
90670.0,32.0,1,34000,3.880815,43.603947,2023,2023-04-21
267800.0,113.0,6,34070,3.842265,43.594255,2023,2023-04-24
142000.0,35.0,2,34000,3.874671,43.608236,2023,2023-04-25
166350.0,41.0,2,34070,3.86226,43.583993,2023,2023-04-03
226000.0,58.0,2,34000,3.879785,43.607688,2023,2023-04-20
262850.0,74.0,3,34070,3.856158,43.580939,2023,2023-04-28
215000.0,90.0,5,34080,3.833151,43.611295,2023,2023-04-28
118000.0,29.0,1,34000,3.898207,43.617475,2023,2023-04-06
106590.0,29.0,1,34070,3.860218,43.582009,2023,2023-04-25
280900.0,127.0,4,34000,3.86866,43.601057,2023,2023-03-30
112000.0,33.0,2,34070,3.84659,43.598277,2023,2023-04-24
138900.0,46.0,2,34080,3.841189,43.619543,2023,2023-04-18
405500.0,80.0,4,34000,3.9103,43.602999,2023,2023-04-19
112000.0,54.0,3,34070,3.850361,43.604001,2023,2023-03-31
220000.0,65.0,3,34080,3.8366,43.631468,2023,2023-04-27
57200.0,45.0,2,34080,3.834838,43.6149,2023,2023-04-18
345000.0,95.0,4,34070,3.849,43.610284,2023,2023-04-26
126450.0,32.0,2,34080,3.835291,43.618361,2023,2023-04-17
183300.0,76.0,4,34080,3.843134,43.61517,2023,2023-04-13
135000.0,37.0,2,34090,3.879398,43.616463,2023,2023-04-25
152000.0,39.0,2,34070,3.833678,43.602844,2023,2023-04-21
710000.0,131.0,4,34000,3.872161,43.609512,2023,2023-04-28
147000.0,91.0,5,34070,3.846875,43.59517,2023,2023-04-03
300000.0,83.0,3,34090,3.888223,43.624367,2023,2023-04-25
125000.0,52.0,3,34070,3.88248,43.593792,2023,2023-04-20
155300.0,40.0,1,34000,3.870129,43.604545,2023,2023-04-06
210980.02,43.0,2,34000,3.907253,43.600202,2023,2023-04-27
118990.0,29.0,1,34080,3.83305,43.6325,2023,2023-04-18
180000.0,39.0,2,34090,3.873922,43.620205,2023,2023-04-21
185000.0,70.0,4,34070,3.88735,43.60097,2023,2023-04-25
200000.0,76.0,3,34070,3.846875,43.59517,2023,2023-04-07
88900.0,19.0,1,34090,3.879026,43.623491,2023,2023-04-20
135000.0,41.0,2,34000,3.875634,43.607098,2023,2023-04-27
110000.0,30.0,1,34070,3.886635,43.601341,2023,2023-04-04
400000.0,70.0,1,34000,3.873389,43.606631,2023,2023-04-17
214000.0,53.0,2,34070,3.842157,43.591425,2023,2023-04-11
190000.0,40.0,2,34000,3.875506,43.608649,2023,2023-04-28
57000.0,18.0,1,34090,3.852553,43.621567,2023,2023-04-11
79000.0,31.0,2,34080,3.829928,43.614546,2023,2023-04-17
130000.0,39.0,2,34000,3.873951,43.609829,2023,2023-04-05
150000.0,67.0,4,34070,3.867128,43.596109,2023,2023-04-17
71394.0,27.0,1,34080,3.832006,43.620973,2023,2023-04-17
613000.0,150.0,5,34000,3.87397,43.600423,2023,2023-04-26
217898.0,59.0,2,34000,3.909445,43.60579,2023,2023-04-28
225000.0,62.0,3,34070,3.851531,43.589201,2023,2023-05-03
140000.0,77.0,3,34090,3.84562,43.627769,2023,2023-04-18
116500.0,29.0,1,34070,3.879735,43.595049,2023,2023-04-11
152000.0,56.0,3,34000,3.895451,43.62403,2023,2023-04-07
98000.0,19.0,1,34000,3.878575,43.602153,2023,2023-04-18
95170.0,42.0,2,34070,3.857121,43.580921,2023,2023-04-06
163210.0,44.0,2,34000,3.869891,43.608939,2023,2023-04-25
240000.0,96.0,5,34000,3.88704,43.621277,2023,2023-04-25
231500.0,60.0,3,34090,3.837875,43.6391,2023,2023-05-02
135500.0,48.0,2,34000,3.874868,43.615077,2023,2023-04-24
113000.0,27.0,1,34070,3.891097,43.598985,2023,2023-04-19
222400.0,44.0,2,34070,3.894014,43.60062,2023,2023-04-18
187900.0,63.0,3,34070,3.866259,43.597428,2023,2023-04-26
237000.0,61.0,3,34000,3.865191,43.613524,2023,2023-04-12
151570.0,72.0,3,34070,3.832739,43.598198,2023,2023-04-19
225000.0,68.0,2,34000,3.90586,43.613163,2023,2023-04-27
170000.0,51.0,2,34000,3.881407,43.606219,2023,2023-04-21
165800.0,40.0,1,34090,3.876389,43.62884,2023,2023-04-14
180000.0,42.0,4,34000,3.868654,43.614572,2023,2023-04-19
297300.0,70.0,3,34070,3.900349,43.594578,2023,2023-04-21
170440.0,54.0,2,34070,3.839562,43.597492,2023,2023-04-24
170000.0,52.0,2,34090,3.842283,43.628897,2023,2023-04-27
256620.0,77.0,3,34000,3.881451,43.606572,2023,2023-04-27
281020.0,65.0,3,34000,3.895154,43.60583,2023,2023-04-21
127000.0,44.0,2,34070,3.84453,43.594567,2023,2023-05-02
188125.0,77.0,4,34070,3.855474,43.594061,2023,2023-04-20
173000.0,66.0,4,34080,3.834593,43.614124,2023,2023-04-19
358990.0,83.0,4,34000,3.905641,43.611473,2023,2023-04-28
80000.0,20.0,1,34080,3.832006,43.620973,2023,2023-04-13
240000.0,42.0,2,34000,3.869048,43.615726,2023,2023-04-28
188950.0,45.0,2,34090,3.88484,43.626886,2023,2023-04-26
279440.0,95.0,4,34000,3.884515,43.614454,2023,2023-04-28
85000.0,19.0,1,34000,3.887367,43.603241,2023,2023-04-27
155250.0,36.0,2,34000,3.882735,43.615631,2023,2023-04-25
285000.0,64.0,3,34000,3.871221,43.610345,2023,2023-04-18
110000.0,59.0,4,34090,3.868382,43.626196,2023,2023-04-11
125000.0,36.0,1,34000,3.891485,43.60737,2023,2023-04-26
118000.0,32.0,1,34070,3.867499,43.598342,2023,2023-04-20
122000.0,32.0,1,34070,3.862383,43.588723,2023,2023-05-09
125000.0,74.0,3,34080,3.833891,43.617122,2023,2023-04-19
102000.0,20.0,1,34090,3.869792,43.638598,2023,2023-04-13
275000.0,90.0,3,34000,3.870129,43.604545,2023,2023-04-13
192950.0,41.0,1,34000,3.880752,43.602384,2023,2023-05-04
52000.0,17.0,1,34080,3.837947,43.613467,2023,2023-04-21
206700.0,64.0,3,34070,3.854663,43.615572,2023,2023-04-25
172000.0,44.0,2,34070,3.846538,43.60439,2023,2023-04-20
56000.0,20.0,1,34070,3.839541,43.607688,2023,2023-05-02
148000.0,50.0,2,34080,3.849301,43.621547,2023,2023-04-21
124000.0,35.0,2,34090,3.851994,43.624065,2023,2023-04-14
142500.0,76.0,3,34070,3.866579,43.594249,2023,2023-04-11
128171.0,39.0,2,34070,3.874328,43.59028,2023,2023-04-27
238200.0,70.0,3,34070,3.850997,43.588957,2023,2023-05-03
188200.0,55.0,2,34070,3.856653,43.582749,2023,2023-04-28
108000.0,23.0,1,34000,3.874285,43.60817,2023,2023-05-04
134000.0,40.0,2,34070,3.834406,43.610006,2023,2023-05-02
138800.0,79.0,5,34070,3.883533,43.592737,2023,2023-05-02
125000.0,25.0,2,34090,3.875437,43.617671,2023,2023-05-09
390000.0,72.0,4,34000,3.879768,43.613053,2023,2023-04-20
129300.0,31.0,1,34070,3.855667,43.593828,2023,2023-04-18
126316.0,71.0,3,34070,3.842265,43.594255,2023,2023-04-21
118000.0,25.0,1,34090,3.874773,43.633341,2023,2023-04-24
86000.0,21.0,1,34070,3.862511,43.610145,2023,2023-04-24
197000.0,46.0,2,34070,3.859111,43.584012,2023,2023-04-25
68000.0,30.0,1,34090,3.851932,43.623432,2023,2023-04-24
178350.0,78.0,4,34070,3.871429,43.595557,2023,2023-04-26
291410.0,48.0,2,34000,3.877595,43.607665,2023,2023-04-25
253200.0,64.0,3,34070,3.886817,43.595251,2023,2023-04-24
165590.0,49.0,2,34070,3.872022,43.588971,2023,2023-05-09
85793.0,27.0,1,34080,3.832006,43.620973,2023,2023-04-17
191837.0,76.0,4,34070,3.88571,43.584374,2023,2023-02-28
132000.0,55.0,4,34000,3.877738,43.613492,2023,2023-04-28
186680.0,51.0,2,34090,3.861361,43.640906,2023,2023-05-04
168850.0,39.0,2,34000,3.87658,43.614788,2023,2023-04-25
225000.0,77.0,3,34070,3.850997,43.588957,2023,2023-04-14
390000.0,85.0,4,34000,3.86765,43.611114,2023,2023-04-27
263000.0,43.0,2,34000,3.892476,43.604929,2023,2023-04-19
85530.0,18.0,1,34090,3.857702,43.633263,2023,2023-05-09
180000.0,65.0,3,34070,3.86213,43.604886,2023,2023-04-17
249430.0,70.0,3,34000,3.881271,43.604324,2023,2023-05-03
230600.0,65.0,3,34070,3.854115,43.600002,2023,2023-05-10
200000.0,47.0,2,34000,3.902597,43.598364,2023,2023-04-27
356650.0,95.0,5,34000,3.911367,43.61604,2023,2023-04-25
177000.0,46.0,2,34080,3.839912,43.620624,2023,2023-05-03
56730.0,19.0,1,34070,3.876339,43.581538,2023,2023-03-20
417070.0,129.0,5,34090,3.85224,43.634975,2023,2023-05-04
124000.0,33.0,1,34000,3.872702,43.60768,2023,2023-04-17
210000.0,74.0,3,34000,3.876339,43.609796,2023,2023-04-26
87570.0,17.0,1,34090,3.871034,43.629115,2023,2023-05-09
265000.0,49.0,2,34000,3.869048,43.615726,2023,2023-05-05
138450.0,50.0,2,34070,3.872201,43.589253,2023,2023-05-02
459310.0,130.0,2,34070,3.859572,43.611392,2023,2023-04-14
230000.0,85.0,5,34000,3.892073,43.621437,2023,2023-04-19
55000.0,19.0,1,34070,3.876339,43.581538,2023,2023-04-20
87000.0,23.0,1,34070,3.891022,43.590893,2023,2023-05-12
149000.0,42.0,2,34090,3.838637,43.640729,2023,2023-05-02
377850.0,72.0,4,34090,3.880918,43.615966,2023,2023-04-12
161000.0,43.0,2,34080,3.847271,43.619339,2023,2023-05-03
138500.0,48.0,2,34090,3.858081,43.621255,2023,2023-05-09
78500.0,25.0,1,34080,3.83588,43.621424,2023,2023-04-26
150000.0,29.0,2,34000,3.90586,43.613163,2023,2023-05-04
55200.0,17.0,1,34080,3.824287,43.61458,2023,2023-05-04
185250.0,67.0,3,34070,3.83598,43.597454,2023,2023-04-21
150000.0,76.0,3,34080,3.844517,43.622445,2023,2023-04-28
190000.0,42.0,2,34000,3.87306,43.60078,2023,2023-05-09
230250.0,52.0,3,34080,3.847984,43.622477,2023,2023-05-05
66000.0,30.0,1,34080,3.824038,43.613803,2023,2023-04-25
330000.0,88.0,4,34000,3.880037,43.611032,2023,2023-04-27
125000.0,35.0,1,34000,3.88819,43.606195,2023,2023-04-27
173600.0,54.0,3,34000,3.882037,43.604835,2023,2023-04-25
228000.0,83.0,4,34070,3.855152,43.602019,2023,2023-05-05
187000.0,73.0,4,34070,3.853732,43.615661,2023,2023-04-20
54000.0,21.0,2,34000,3.870132,43.60253,2023,2023-05-04
65000.0,20.0,1,34090,3.854352,43.622296,2023,2023-05-04
50000.0,19.0,1,34070,3.866894,43.592834,2023,2023-04-25
105000.0,53.0,3,34000,3.860946,43.614233,2023,2023-04-17
203000.0,62.0,3,34070,3.83734,43.596008,2023,2023-05-03
116450.0,33.0,2,34080,3.841694,43.624554,2023,2023-05-04
94400.0,25.0,1,34090,3.849118,43.636798,2023,2023-05-11
153100.0,56.0,3,34070,3.865829,43.607056,2023,2023-04-27
235000.0,99.0,4,34000,3.89102,43.61285,2023,2023-04-26
97000.0,42.0,2,34080,3.82318,43.614018,2023,2023-05-15
358510.0,111.0,4,34000,3.872299,43.608977,2023,2023-05-12
470850.0,124.0,4,34000,3.876041,43.610387,2023,2023-04-24
86000.0,37.0,2,34000,3.900319,43.620236,2023,2023-05-15
349000.0,95.0,5,34000,3.889974,43.607758,2023,2023-04-24
177530.0,42.0,2,34070,3.884972,43.602009,2023,2023-04-25
170000.0,65.0,3,34000,3.867094,43.604513,2023,2023-04-26
203300.0,58.0,2,34000,3.895334,43.606638,2023,2023-04-21
164000.0,47.0,2,34090,3.864042,43.620763,2023,2023-05-10
112000.0,38.0,2,34080,3.830573,43.633376,2023,2023-04-27
154828.16,45.0,2,34070,3.856707,43.580128,2023,2023-04-20
248050.0,67.0,3,34000,3.891867,43.606091,2023,2023-04-25
120260.0,38.0,2,34080,3.835291,43.618361,2023,2023-05-04
120000.0,46.0,2,34070,3.856473,43.600283,2023,2023-05-12
189150.0,41.0,2,34080,3.835626,43.630116,2023,2023-04-19
296000.0,65.0,3,34070,3.856882,43.616024,2023,2023-05-04
150000.0,65.0,3,34070,3.86213,43.604886,2023,2023-05-02
157670.0,56.0,1,34070,3.847621,43.605817,2023,2023-04-25
233000.0,64.0,3,34090,3.872686,43.636985,2023,2023-04-20
172000.0,45.0,2,34070,3.853976,43.588185,2023,2023-04-27
37000.0,18.0,2,34000,3.872398,43.607581,2023,2023-05-09
148500.0,35.0,1,34000,3.898207,43.617475,2023,2023-04-25
301612.0,58.0,3,34000,3.902126,43.597026,2023,2023-05-10
168295.0,45.0,2,34090,3.861751,43.619627,2023,2023-05-10
338800.0,81.0,4,34090,3.863205,43.61902,2023,2023-05-12
176000.0,45.0,2,34000,3.877158,43.608489,2023,2023-05-12
94500.0,44.0,2,34080,3.827944,43.612713,2023,2023-05-10
49200.0,18.0,1,34000,3.897996,43.603349,2023,2023-04-11
169000.0,66.0,3,34070,3.878927,43.593629,2023,2023-05-15
250000.0,83.0,4,34000,3.894063,43.618911,2023,2023-04-18
205000.0,42.0,2,34070,3.89175,43.589944,2023,2023-05-16
203600.0,36.0,2,34000,3.879024,43.602103,2023,2023-05-09
258040.0,48.0,2,34000,3.877758,43.60876,2023,2023-05-03
88350.0,34.0,1,34080,3.824806,43.615382,2023,2023-05-09
231550.0,63.0,3,34070,3.884761,43.58811,2023,2023-05-22
262400.0,62.0,3,34070,3.886817,43.595251,2023,2023-05-17
145000.0,63.0,4,34070,3.850279,43.603098,2023,2023-05-10
220000.0,42.0,2,34070,3.891097,43.598985,2023,2023-04-25
156000.0,40.0,1,34070,3.858691,43.611795,2023,2023-04-24
354900.0,68.0,3,34000,3.885972,43.619544,2023,2023-05-09
155800.0,69.0,4,34070,3.8555,43.605346,2023,2023-05-17
187000.0,70.0,3,34080,3.841355,43.623466,2023,2023-05-16
124250.0,36.0,2,34070,3.893722,43.60234,2023,2023-05-15
225000.0,67.0,3,34070,3.852788,43.589228,2023,2023-05-10
308000.0,68.0,3,34090,3.878094,43.61667,2023,2023-05-12
116680.0,25.0,2,34070,3.85876,43.581164,2023,2023-05-10
61000.0,22.0,1,34090,3.852553,43.621567,2023,2023-05-15
400995.0,83.0,4,34000,3.874476,43.608087,2023,2023-05-16
138000.0,48.0,3,34000,3.869145,43.604668,2023,2023-05-12
174700.0,72.0,3,34090,3.84402,43.641391,2023,2023-05-15
125650.0,29.0,2,34070,3.866885,43.598339,2023,2023-05-10
120000.0,30.0,1,34090,3.851726,43.633071,2023,2023-05-11
460000.0,101.0,4,34000,3.879775,43.609747,2023,2023-05-10
124400.0,40.0,3,34000,3.882679,43.604651,2023,2023-05-17
129000.0,37.0,2,34070,3.859627,43.591212,2023,2023-05-17
708000.0,116.0,4,34000,3.876294,43.612238,2023,2023-03-20
274000.0,60.0,3,34000,3.875324,43.607615,2023,2023-05-15
155000.0,46.0,3,34000,3.890981,43.614682,2023,2023-04-27
222000.0,80.0,4,34000,3.849091,43.616213,2023,2023-04-27
314850.0,115.0,4,34070,3.851083,43.609851,2023,2023-05-09
156650.0,50.0,2,34070,3.846875,43.59517,2023,2023-04-27
174000.0,52.0,3,34000,3.874627,43.602377,2023,2023-05-12
189900.0,61.0,3,34070,3.875712,43.593971,2023,2023-05-17
399000.0,67.0,3,34000,3.877467,43.603668,2023,2023-04-27
167000.0,69.0,3,34070,3.846077,43.61599,2023,2023-05-03
89400.0,27.0,1,34080,3.847573,43.619412,2023,2023-05-03
272500.0,65.0,3,34070,3.855063,43.58353,2023,2023-05-02
220000.0,82.0,4,34090,3.874979,43.628781,2023,2023-04-04
78900.0,22.0,1,34090,3.854352,43.622296,2023,2023-05-12
185000.0,46.0,2,34090,3.838533,43.636989,2023,2023-05-12
163665.0,40.0,2,34090,3.859971,43.641182,2023,2023-05-17
157000.0,67.0,4,34070,3.890712,43.601006,2023,2023-03-28
223875.0,48.0,2,34090,3.87339,43.63055,2023,2023-05-16
154060.0,64.0,3,34080,3.849301,43.621547,2023,2023-05-17
260000.0,82.0,4,34070,3.866464,43.591485,2023,2023-05-22
95000.0,19.0,1,34000,3.878575,43.602153,2023,2023-05-12
95000.0,40.0,1,34080,3.843208,43.616384,2023,2023-05-17
103000.0,23.0,1,34090,3.849118,43.636798,2023,2023-05-16
92100.0,23.0,1,34070,3.891022,43.590893,2023,2023-05-24
237750.0,71.0,4,34000,3.89211,43.604068,2023,2023-04-28
169000.0,36.0,2,34000,3.89571,43.60574,2023,2023-04-28
121651.0,54.0,2,34080,3.841269,43.615326,2023,2023-05-15
170000.0,72.0,3,34080,3.846846,43.622255,2023,2023-05-11
217670.0,40.0,2,34000,3.875478,43.609975,2023,2023-05-10
149500.0,32.0,2,34070,3.888252,43.603847,2023,2023-05-12
111790.0,38.0,1,34000,3.878938,43.601675,2023,2023-05-15
80000.0,18.0,1,34000,3.882733,43.602668,2023,2023-05-23
65000.0,18.0,1,34090,3.854352,43.622296,2023,2023-05-24
340000.0,70.0,3,34090,3.872118,43.619206,2023,2023-05-17
85000.0,21.0,1,34070,3.891022,43.590893,2023,2023-05-23
230200.0,52.0,2,34000,3.868912,43.601163,2023,2023-05-23
132000.0,35.0,2,34000,3.870913,43.608099,2023,2023-05-22
160000.0,55.0,3,34070,3.88694,43.598902,2023,2023-05-17
91650.0,24.0,1,34000,3.868831,43.602949,2023,2023-05-22
224660.0,63.0,3,34000,3.893083,43.609122,2023,2023-05-23
48500.0,10.0,1,34000,3.875243,43.609364,2023,2023-05-22
350000.0,82.0,3,34000,3.873461,43.60448,2023,2023-05-24
130000.0,39.0,2,34090,3.837875,43.6391,2023,2023-05-17
245000.0,90.0,4,34070,3.874633,43.591677,2023,2023-05-02
275500.0,70.0,4,34000,3.909448,43.610374,2023,2023-05-16
68000.0,38.0,2,34080,3.835291,43.618361,2023,2023-05-10
420000.0,115.0,5,34070,3.892901,43.599036,2023,2023-04-26
139000.0,58.0,3,34070,3.8555,43.605346,2023,2023-05-10
213000.0,47.0,2,34070,3.892468,43.592944,2023,2023-05-10
150000.0,58.0,4,34000,3.871529,43.609199,2023,2023-05-12
100000.0,33.0,2,34080,3.841694,43.624554,2023,2023-05-30
83000.0,21.0,1,34000,3.87629,43.606813,2023,2023-04-28
117800.0,41.0,2,34090,3.856229,43.633435,2023,2023-05-16
120000.0,23.0,1,34000,3.877398,43.613582,2023,2023-05-10
132500.0,29.0,2,34000,3.867305,43.60917,2023,2023-05-16
173300.0,40.0,2,34070,3.858043,43.590199,2023,2023-05-12
145000.0,30.0,1,34090,3.873657,43.624511,2023,2023-05-22
80000.0,24.0,1,34080,3.841683,43.617622,2023,2023-05-16
122000.0,26.0,1,34000,3.896269,43.605244,2023,2023-05-30
108400.0,21.0,1,34070,3.891022,43.590893,2023,2023-05-30
226060.0,71.0,2,34000,3.868912,43.601163,2023,2023-05-26
100000.0,33.0,2,34080,3.834267,43.631002,2023,2023-05-22
157020.0,42.0,2,34090,3.869792,43.638598,2023,2023-05-25
150000.0,63.0,3,34070,3.842618,43.608378,2023,2023-05-25
83000.0,23.0,1,34090,3.849118,43.636798,2023,2023-05-17
250000.0,51.0,2,34000,3.887901,43.627569,2023,2023-05-23
130000.0,67.0,3,34000,3.904518,43.609703,2023,2023-05-25
120000.0,46.0,2,34070,3.882919,43.605328,2023,2023-05-24
76000.0,29.0,2,34080,3.837947,43.613467,2023,2023-05-02
135400.0,34.0,2,34070,3.885208,43.600898,2023,2023-05-24
79900.0,21.0,1,34000,3.864633,43.610943,2023,2023-05-17
493000.0,88.0,3,34000,3.891867,43.606091,2023,2023-05-25
394800.0,88.0,4,34000,3.881721,43.608335,2023,2023-05-24
30000.0,8.0,1,34000,3.881962,43.606934,2023,2023-05-25
127233.0,58.0,2,34080,3.841634,43.61433,2023,2023-05-31
151000.0,74.0,4,34070,3.868279,43.597017,2023,2023-05-15
94000.0,18.0,1,34090,3.856229,43.633435,2023,2023-05-11
100000.0,65.0,3,34000,3.88786,43.60634,2023,2023-05-31
81000.0,17.0,1,34090,3.873657,43.624511,2023,2023-05-30
126185.0,30.0,2,34080,3.83071,43.63444,2023,2023-04-27
63280.0,24.0,1,34080,3.841824,43.616286,2023,2023-05-25
343000.0,67.0,3,34070,3.864997,43.609028,2023,2023-05-30
214855.0,45.0,2,34070,3.826592,43.609713,2023,2023-05-17
201666.0,83.0,3,34000,3.890207,43.608306,2023,2023-05-30
155000.0,59.0,2,34000,3.873603,43.602929,2023,2023-05-22
169000.0,52.0,2,34070,3.855474,43.594061,2023,2023-05-09
64000.0,18.0,1,34090,3.852553,43.621567,2023,2023-05-22
90000.0,17.0,1,34090,3.838355,43.640196,2023,2023-05-22
264100.0,67.0,3,34000,3.9008,43.617566,2023,2023-05-05
280000.0,88.0,4,34000,3.881918,43.607734,2023,2023-05-02
115000.0,50.0,2,34070,3.868984,43.592641,2023,2023-05-26
155000.0,69.0,3,34080,3.849228,43.620166,2023,2023-05-25
84500.0,51.0,3,34070,3.855667,43.593828,2023,2023-05-24
172000.0,76.0,4,34070,3.866188,43.595571,2023,2023-04-21
162050.0,68.0,3,34090,3.852553,43.621567,2023,2023-05-26
327055.0,95.0,4,34070,3.885235,43.593968,2023,2023-05-10
115000.0,30.0,1,34000,3.893415,43.604874,2023,2023-05-12
167350.0,74.0,4,34070,3.88856,43.598383,2023,2023-05-10
200160.0,62.0,3,34070,3.854115,43.600002,2023,2023-05-25
93000.0,24.0,1,34000,3.896269,43.605244,2023,2023-05-30
91400.0,21.0,1,34000,3.86866,43.601057,2023,2023-04-25
180000.0,48.0,2,34070,3.860218,43.582009,2023,2023-04-28
282000.0,102.0,5,34090,3.844825,43.632247,2023,2023-05-26
45000.0,15.0,1,34070,3.85736,43.608531,2023,2023-05-17
229245.0,57.0,3,34000,3.901244,43.620771,2023,2023-05-26
130000.0,40.0,2,34070,3.862383,43.588723,2023,2023-05-22
119000.0,35.0,2,34090,3.844259,43.636956,2023,2023-04-25
272000.0,63.0,3,34000,3.870215,43.601725,2023,2023-05-22
207700.0,57.0,3,34000,3.888642,43.617776,2023,2023-05-25
94500.0,22.0,1,34090,3.877104,43.615745,2023,2023-05-09
95350.0,26.0,2,34000,3.872099,43.612259,2023,2023-05-26
88000.0,40.0,2,34080,3.828331,43.614847,2023,2023-05-24
266384.3,107.0,5,34000,3.877627,43.610622,2023,2023-05-24
147030.0,38.0,2,34000,3.876569,43.606854,2023,2023-05-17
155000.0,84.0,4,34070,3.868984,43.592641,2023,2023-05-24
96181.0,48.0,2,34000,3.870333,43.60772,2023,2023-05-31
246000.0,41.0,2,34080,3.848437,43.625109,2023,2023-05-30
147000.0,63.0,4,34070,3.850061,43.602959,2023,2023-05-12
73500.0,20.0,1,34070,3.894636,43.599749,2023,2023-05-30
428000.0,83.0,3,34070,3.854585,43.61248,2023,2023-06-02
48000.0,31.0,2,34070,3.877786,43.582088,2023,2023-05-30
200100.0,49.0,2,34000,3.872025,43.606087,2023,2023-05-17
394320.0,72.0,4,34000,3.906072,43.599602,2023,2023-05-09
70000.0,31.0,1,34070,3.84918,43.61505,2023,2023-05-16
195800.0,68.0,3,34080,3.853297,43.617261,2023,2023-06-01
160000.0,51.0,2,34090,3.871225,43.630624,2023,2023-05-31
223000.0,67.0,3,34070,3.862978,43.617611,2023,2023-05-22
423919.0,82.0,3,34000,3.87557,43.60192,2023,2023-05-30
96791.0,15.0,1,34000,3.88256,43.607034,2023,2023-05-31
179900.0,40.0,2,34000,3.895381,43.603174,2023,2023-05-30
266000.0,68.0,3,34090,3.877231,43.622493,2023,2023-06-01
140000.0,49.0,3,34000,3.875464,43.613035,2023,2023-05-30
107500.0,25.0,2,34070,3.885065,43.605172,2023,2023-05-26
117500.0,32.0,2,34070,3.867489,43.594589,2023,2023-05-25
155000.0,69.0,4,34070,3.85736,43.608531,2023,2023-05-25
274350.0,71.0,3,34000,3.890749,43.606067,2023,2023-05-17
75000.0,25.0,1,34090,3.863317,43.62565,2023,2023-05-12
175000.0,45.0,2,34000,3.877273,43.609177,2023,2023-04-13
285190.0,71.0,3,34090,3.841514,43.639017,2023,2023-05-30
83050.0,24.0,1,34070,3.834146,43.608785,2023,2023-05-10
70000.0,18.0,1,34090,3.838355,43.640196,2023,2023-05-26
155000.0,45.0,2,34000,3.895381,43.603174,2023,2023-05-26
159170.0,29.0,1,34090,3.880614,43.616871,2023,2023-05-26
120000.0,46.0,2,34070,3.885038,43.605939,2023,2023-05-23
237750.0,63.0,3,34000,3.892171,43.607591,2023,2023-05-22
90000.0,21.0,1,34090,3.856229,43.633435,2023,2023-05-30
129950.0,64.0,4,34070,3.855749,43.614484,2023,2023-05-31
193000.0,50.0,3,34080,3.830573,43.633376,2023,2023-05-11
134000.0,30.0,1,34090,3.844188,43.640541,2023,2023-05-23
179000.0,47.0,2,34070,3.843493,43.592255,2023,2023-05-30
260000.0,101.0,4,34070,3.852387,43.614877,2023,2023-05-31
134800.0,46.0,2,34090,3.852303,43.620818,2023,2023-05-23
107700.0,37.0,1,34070,3.850511,43.615745,2023,2023-05-29
276380.0,73.0,3,34090,3.854989,43.621685,2023,2023-05-24
219500.0,66.0,3,34000,3.879137,43.611779,2023,2023-05-23
95000.0,21.0,1,34090,3.856229,43.633435,2023,2023-06-01
152400.0,30.0,1,34000,3.893083,43.609122,2023,2023-05-24
75530.0,20.0,1,34080,3.832006,43.620973,2023,2023-06-07
193900.0,69.0,3,34070,3.88571,43.584374,2023,2023-06-01
132970.0,47.0,2,34080,3.849844,43.619362,2023,2023-05-23
252000.0,72.0,3,34090,3.848031,43.628082,2023,2023-05-24
120000.0,34.0,2,34000,3.87405,43.609177,2023,2023-05-30
217620.0,77.0,3,34070,3.843817,43.592403,2023,2023-05-12
177974.0,32.0,1,34000,3.878718,43.613204,2023,2023-06-01
135370.0,58.0,2,34080,3.842112,43.617852,2023,2023-05-31
120000.0,40.0,2,34090,3.864042,43.620763,2023,2023-05-26
340000.0,93.0,5,34000,3.885292,43.621256,2023,2023-05-31
130680.0,38.0,2,34070,3.869605,43.588998,2023,2023-05-24
123000.0,76.0,4,34070,3.866188,43.595571,2023,2023-05-12
190000.0,66.0,4,34070,3.857006,43.588056,2023,2023-05-26
265000.0,73.0,3,34070,3.859954,43.607871,2023,2023-05-17
204846.0,40.0,2,34080,3.848437,43.625109,2023,2023-05-31
70900.0,12.0,1,34000,3.877015,43.612766,2023,2023-05-10
120000.0,66.0,3,34070,3.836052,43.608116,2023,2023-05-10
78364.0,28.0,2,34070,3.856007,43.590733,2023,2023-05-19
134000.0,36.0,2,34070,3.866354,43.599036,2023,2023-05-15
100000.0,48.0,2,34080,3.825337,43.613277,2023,2023-05-31
127850.0,37.0,1,34070,3.857153,43.582955,2023,2023-06-02
174000.0,67.0,3,34070,3.84453,43.594567,2023,2023-05-24
487800.0,120.0,4,34000,3.910693,43.607951,2023,2023-06-05
244500.0,40.0,2,34080,3.848437,43.625109,2023,2023-06-05
185989.0,77.0,3,34090,3.853984,43.624178,2023,2023-06-05
103000.0,32.0,1,34070,3.868166,43.608087,2023,2023-06-08
307500.0,68.0,3,34000,3.901217,43.598264,2023,2023-05-31
113779.0,31.0,1,34090,3.852553,43.621567,2023,2023-06-01
175750.0,49.0,2,34000,3.87683,43.609775,2023,2023-05-23
240000.0,67.0,3,34070,3.849805,43.591392,2023,2023-05-15
104000.0,36.0,2,34070,3.834146,43.608785,2023,2023-05-12
246000.0,62.0,3,34070,3.890619,43.599089,2023,2023-05-31
165000.0,55.0,2,34090,3.873636,43.618173,2023,2023-05-24
147000.0,53.0,2,34070,3.86336,43.603421,2023,2023-06-01
76000.0,17.0,1,34090,3.838355,43.640196,2023,2023-05-31
91295.0,25.0,1,34000,3.875009,43.609072,2023,2023-06-06
118225.0,30.0,1,34090,3.875084,43.617688,2023,2023-06-07
132000.0,83.0,4,34070,3.836052,43.608116,2023,2023-06-08
70000.0,24.0,1,34000,3.878938,43.601675,2023,2023-06-12
72000.0,25.0,1,34080,3.841108,43.619029,2023,2023-06-06
208000.0,67.0,4,34000,3.894306,43.623446,2023,2023-06-06
194880.0,83.0,4,34070,3.846077,43.61599,2023,2023-06-09
113850.0,39.0,2,34070,3.874328,43.59028,2023,2023-05-30
213750.0,48.0,2,34000,3.896269,43.605244,2023,2023-06-07
169000.0,48.0,2,34090,3.856655,43.639738,2023,2023-06-06
160000.0,78.0,3,34000,3.87388,43.600095,2023,2023-05-24
183080.0,39.0,2,34090,3.869192,43.627993,2023,2023-06-01
214100.0,67.0,4,34070,3.887613,43.600466,2023,2023-05-23
216050.0,69.0,3,34090,3.84402,43.641391,2023,2023-06-06
130000.0,61.0,3,34070,3.868421,43.594405,2023,2023-06-06
118040.0,52.0,2,34070,3.868421,43.594405,2023,2023-06-02
149333.0,73.0,2,34070,3.865756,43.585058,2023,2023-05-30
129030.0,66.0,4,34070,3.887613,43.600466,2023,2023-06-06
129000.0,81.0,4,34080,3.830808,43.615516,2023,2023-06-09
396000.0,96.0,4,34000,3.894414,43.607497,2023,2023-05-16
190000.0,44.0,2,34000,3.87306,43.60078,2023,2023-05-26
142850.0,58.0,3,34080,3.849844,43.619362,2023,2023-06-01
220000.0,71.0,3,34000,3.883517,43.607157,2023,2023-06-08
125550.0,67.0,4,34070,3.883533,43.592737,2023,2023-05-17
150000.0,65.0,4,34070,3.867128,43.596109,2023,2023-05-15
69000.0,21.0,1,34080,3.83588,43.621424,2023,2023-06-13
454000.0,78.0,4,34090,3.881042,43.625605,2023,2023-06-08
130000.0,34.0,1,34090,3.837875,43.6391,2023,2023-06-09
103000.0,37.0,2,34080,3.837587,43.624674,2023,2023-06-08
141000.0,24.0,1,34070,3.86055,43.600886,2023,2023-05-24
216775.0,67.0,4,34000,3.889579,43.618227,2023,2023-06-05
174500.0,66.0,3,34080,3.826113,43.613047,2023,2023-05-30
265000.0,57.0,3,34000,3.894887,43.610745,2023,2023-05-24
150000.0,36.0,2,34070,3.859627,43.591212,2023,2023-05-15
68330.0,21.0,1,34070,3.876339,43.581538,2023,2023-06-09
90250.0,20.0,1,34090,3.838355,43.640196,2023,2023-05-15
294700.0,60.0,3,34000,3.904868,43.59958,2023,2023-05-15
190000.0,79.0,4,34070,3.874216,43.595399,2023,2023-05-30
189275.0,35.0,2,34000,3.901812,43.607064,2023,2023-05-30
172000.0,70.0,3,34000,3.902572,43.596568,2023,2023-05-17
225000.0,66.0,3,34070,3.888161,43.600161,2023,2023-05-15
255000.0,76.0,4,34090,3.851498,43.625245,2023,2023-05-31
74900.0,26.0,1,34080,3.83588,43.621424,2023,2023-05-31
70000.0,30.0,1,34070,3.856605,43.607709,2023,2023-05-26
175000.0,43.0,2,34070,3.841407,43.59216,2023,2023-05-17
148100.0,49.0,3,34000,3.871275,43.603621,2023,2023-05-31
406100.0,102.0,5,34000,3.895167,43.616383,2023,2023-05-22
124651.0,40.0,2,34070,3.83734,43.596008,2023,2023-05-26
245000.0,63.0,3,34070,3.856255,43.582937,2023,2023-05-23
249000.0,60.0,3,34000,3.904075,43.607733,2023,2023-05-31
303550.0,80.0,4,34070,3.885631,43.604639,2023,2023-06-13
260000.0,49.0,2,34000,3.869048,43.615726,2023,2023-06-12
155000.0,63.0,3,34080,3.832496,43.61157,2023,2023-06-13
171500.0,77.0,5,34070,3.88694,43.598902,2023,2023-06-07
163000.0,50.0,2,34090,3.872285,43.638446,2023,2023-06-13
68000.0,25.0,1,34090,3.857257,43.621294,2023,2023-06-07
93900.0,30.0,1,34080,3.826286,43.613981,2023,2023-06-07
190050.0,69.0,3,34070,3.88571,43.584374,2023,2023-06-01
158000.0,40.0,2,34000,3.875009,43.609072,2023,2023-06-09
227172.0,57.0,2,34000,3.889544,43.615163,2023,2023-05-16
178600.0,80.0,5,34070,3.875352,43.594452,2023,2023-05-25
330600.0,68.0,3,34000,3.907961,43.607285,2023,2023-06-01
178000.0,30.0,2,34090,3.875887,43.617389,2023,2023-06-08
240840.0,57.0,2,34000,3.875238,43.608746,2023,2023-05-25
180500.0,51.0,2,34000,3.891485,43.60737,2023,2023-05-30
65000.0,36.0,1,34000,3.863566,43.610819,2023,2023-05-25
185000.0,56.0,3,34000,3.860946,43.614233,2023,2023-05-25
615000.0,118.0,4,34090,3.885027,43.625545,2023,2023-06-09
180900.0,58.0,3,34080,3.846235,43.622413,2023,2023-05-25
107000.0,33.0,2,34090,3.869163,43.625623,2023,2023-05-25
75000.0,19.0,1,34000,3.874433,43.608613,2023,2023-06-08
204120.0,43.0,2,34000,3.878523,43.615007,2023,2023-06-02
140000.0,50.0,2,34000,3.880592,43.601561,2023,2023-06-09
65000.0,20.0,1,34000,3.882592,43.604983,2023,2023-05-30
164480.0,46.0,2,34070,3.860218,43.582009,2023,2023-05-15
172000.0,40.0,4,34000,3.888395,43.614724,2023,2023-06-13
157340.0,77.0,3,34080,3.841634,43.61433,2023,2023-06-15
190000.0,64.0,3,34080,3.83071,43.63444,2023,2023-06-01
215000.0,59.0,3,34000,3.878087,43.601472,2023,2023-06-14
161500.0,35.0,2,34000,3.892476,43.604929,2023,2023-06-01
80364.0,28.0,2,34070,3.856007,43.590733,2023,2023-06-06
66000.0,22.0,1,34090,3.854352,43.622296,2023,2023-06-14
210000.0,55.0,2,34000,3.87514,43.612246,2023,2023-05-31
261000.0,82.0,4,34000,3.872781,43.601958,2023,2023-05-22
250150.0,67.0,4,34000,3.889579,43.618227,2023,2023-06-12
193000.0,61.0,3,34070,3.849169,43.590632,2023,2023-06-01
130802.0,43.0,2,34070,3.827045,43.611254,2023,2023-05-31
163000.0,106.0,4,34080,3.842112,43.617852,2023,2023-06-05
89000.0,22.0,1,34090,3.877104,43.615745,2023,2023-06-01
216000.0,86.0,4,34080,3.833151,43.611295,2023,2023-06-01
153500.0,34.0,2,34090,3.87259,43.634048,2023,2023-05-26
216180.0,58.0,2,34090,3.876389,43.62884,2023,2023-06-02
130000.0,43.0,2,34000,3.868377,43.604952,2023,2023-06-02
365000.0,91.0,4,34000,3.88786,43.60634,2023,2023-06-08
118000.0,41.0,2,34080,3.841683,43.617622,2023,2023-06-08
30000.0,8.0,1,34070,3.883175,43.605015,2023,2023-06-13
95740.0,23.0,1,34000,3.873789,43.609816,2023,2023-06-09
68500.0,19.0,1,34080,3.841683,43.617622,2023,2023-05-31
160000.0,45.0,2,34080,3.847984,43.622477,2023,2023-05-24
157000.0,62.0,3,34070,3.857382,43.593153,2023,2023-06-05
105000.0,26.0,2,34000,3.878662,43.609328,2023,2023-05-30
85500.0,14.0,1,34000,3.880621,43.601422,2023,2023-05-25
145850.0,88.0,4,34070,3.886999,43.594906,2023,2023-06-15
191550.0,56.0,3,34070,3.863239,43.600762,2023,2023-06-12
92000.0,19.0,1,34000,3.878575,43.602153,2023,2023-06-08
129000.0,48.0,2,34070,3.864542,43.600512,2023,2023-06-12
157000.0,46.0,2,34000,3.86969,43.606266,2023,2023-06-16
386000.0,116.0,5,34000,3.867564,43.60675,2023,2023-06-15
375000.0,106.0,5,34000,3.867898,43.609755,2023,2023-06-15
195000.0,74.0,4,34070,3.868279,43.597017,2023,2023-06-13
66510.0,23.0,1,34000,3.913011,43.603212,2023,2023-05-25
204000.0,60.0,3,34090,3.840041,43.639678,2023,2023-05-30
217400.0,59.0,3,34000,3.893219,43.619003,2023,2023-05-31
85000.0,23.0,1,34070,3.891022,43.590893,2023,2023-05-25
211320.0,62.0,3,34000,3.904648,43.610982,2023,2023-06-06
201500.0,57.0,2,34000,3.910656,43.607407,2023,2023-05-23
225000.0,53.0,3,34000,3.873723,43.604839,2023,2023-06-09
190000.0,50.0,3,34000,3.892494,43.605228,2023,2023-06-06
140241.0,50.0,2,34090,3.874979,43.628781,2023,2023-06-05
210000.0,62.0,3,34000,3.879491,43.602844,2023,2023-06-01
273500.0,80.0,4,34000,3.880621,43.601422,2023,2023-06-15
194000.0,66.0,3,34080,3.833728,43.63262,2023,2023-06-08
101000.0,25.0,1,34090,3.868049,43.636367,2023,2023-05-26
222150.0,66.0,3,34070,3.858043,43.590199,2023,2023-06-12
111000.0,23.0,1,34000,3.871095,43.607911,2023,2023-06-12
170000.0,47.0,2,34070,3.889455,43.601023,2023,2023-06-15
74000.0,18.0,1,34090,3.856655,43.631871,2023,2023-05-26
310000.0,82.0,3,34000,3.874562,43.599794,2023,2023-06-05
160000.0,79.0,4,34070,3.873296,43.595523,2023,2023-06-12
100000.0,25.0,1,34070,3.893722,43.60234,2023,2023-06-09
115000.0,53.0,2,34080,3.838455,43.611435,2023,2023-06-15
193000.0,63.0,3,34070,3.853572,43.589845,2023,2023-06-01
280000.0,98.0,3,34000,3.873601,43.608962,2023,2023-06-01
165000.0,44.0,2,34000,3.874643,43.609769,2023,2023-06-02
296000.0,68.0,3,34000,3.877467,43.603668,2023,2023-06-09
223000.0,79.0,4,34070,3.85352,43.587716,2023,2023-06-05
290000.0,95.0,4,34070,3.888246,43.594956,2023,2023-06-05
155000.0,65.0,4,34070,3.867128,43.596109,2023,2023-06-08
133750.0,110.0,4,34070,3.849,43.610284,2023,2023-06-19
199000.0,72.0,3,34070,3.855474,43.594061,2023,2023-06-09
242000.0,72.0,4,34000,3.869891,43.608939,2023,2023-06-05
313000.0,117.0,4,34070,3.851083,43.609851,2023,2023-06-12
130000.0,33.0,2,34090,3.844744,43.633909,2023,2023-06-13
198845.0,41.0,2,34000,3.879037,43.609909,2023,2023-06-02
120000.0,33.0,2,34080,3.841694,43.624554,2023,2023-06-02
128690.0,52.0,2,34070,3.836052,43.608116,2023,2023-06-08
175294.0,75.0,3,34070,3.854993,43.593074,2023,2023-06-20
144500.0,35.0,2,34090,3.868251,43.627279,2023,2023-06-05
153440.0,45.0,2,34000,3.894417,43.603146,2023,2023-06-05
97800.0,20.0,1,34090,3.869792,43.638598,2023,2023-06-08
336000.0,84.0,4,34000,3.863715,43.615767,2023,2023-05-30
182000.0,73.0,3,34070,3.837647,43.604385,2023,2023-06-20
85000.0,25.0,2,34000,3.86948,43.608417,2023,2023-06-15
136000.0,30.0,1,34090,3.882652,43.631313,2023,2023-06-08
306550.0,89.0,5,34090,3.857864,43.641347,2023,2023-06-14
309000.0,80.0,4,34090,3.873657,43.624511,2023,2023-06-09
129000.0,43.0,2,34080,3.847523,43.620189,2023,2023-06-20
95000.0,34.0,1,34000,3.873401,43.609515,2023,2023-06-13
160000.0,65.0,3,34000,3.875393,43.607975,2023,2023-06-15
130000.0,48.0,2,34090,3.856655,43.639738,2023,2023-06-02
55000.0,31.0,1,34000,3.869666,43.603234,2023,2023-06-05
391000.0,98.0,4,34070,3.853976,43.588185,2023,2023-06-07
279000.0,71.0,4,34090,3.868251,43.627279,2023,2023-05-31
76280.0,24.0,1,34090,3.84562,43.627769,2023,2023-06-01
135000.0,69.0,3,34090,3.887617,43.62973,2023,2023-06-20
80550.0,22.0,1,34080,3.841541,43.621563,2023,2023-06-15
95000.0,66.0,3,34070,3.836052,43.608116,2023,2023-05-26
197850.0,46.0,2,34070,3.856653,43.582749,2023,2023-06-01
369455.0,92.0,3,34000,3.888223,43.624367,2023,2023-05-26
360000.0,131.0,6,34000,3.87294,43.606314,2023,2023-06-02
130000.0,26.0,1,34070,3.891097,43.598985,2023,2023-06-05
176600.0,45.0,2,34000,3.905712,43.604967,2023,2023-06-07
162000.0,56.0,3,34000,3.885702,43.614675,2023,2023-06-14
177500.0,72.0,4,34070,3.868279,43.597017,2023,2023-06-19
135000.0,38.0,2,34070,3.862576,43.60379,2023,2023-06-08
340000.0,158.0,5,34000,3.887106,43.605408,2023,2023-05-25
280000.0,66.0,3,34000,3.88786,43.60634,2023,2023-06-14
129500.0,67.0,4,34070,3.883533,43.592737,2023,2023-05-25
264000.0,72.0,3,34070,3.865756,43.585058,2023,2023-06-21
76000.0,18.0,1,34070,3.857794,43.612319,2023,2023-06-21
85000.0,21.0,1,34080,3.850988,43.619817,2023,2023-06-16
306600.0,83.0,3,34000,3.875769,43.607994,2023,2023-05-26
202000.0,41.0,2,34000,3.874881,43.609037,2023,2023-05-26
149000.0,69.0,3,34070,3.891314,43.596369,2023,2023-06-06
140330.0,57.0,3,34070,3.859627,43.591212,2023,2023-06-06
175000.0,52.0,2,34000,3.895335,43.605977,2023,2023-06-07
226057.0,79.0,4,34070,3.892468,43.592944,2023,2023-05-26
300000.0,100.0,4,34000,3.88786,43.60634,2023,2023-05-31
200000.0,47.0,2,34000,3.898218,43.606595,2023,2023-03-01
199000.0,70.0,3,34070,3.846587,43.594407,2023,2023-06-16
130000.0,27.0,1,34000,3.8827,43.608879,2023,2023-06-13
101000.0,19.0,1,34090,3.879837,43.623972,2023,2023-06-06
391942.0,79.0,3,34090,3.869215,43.617234,2023,2023-06-06
195000.0,72.0,4,34080,3.841189,43.619543,2023,2023-05-26
236840.0,60.0,3,34000,3.884908,43.609836,2023,2023-06-15
279500.0,59.0,3,34000,3.878087,43.601472,2023,2023-06-09
80000.0,48.0,2,34090,3.842617,43.640476,2023,2023-06-14
187500.0,53.0,2,34090,3.873657,43.624511,2023,2023-06-16
255000.0,96.0,4,34000,3.869026,43.606385,2023,2023-06-08
189500.0,43.0,2,34070,3.852017,43.58965,2023,2023-06-13
167000.0,66.0,3,34080,3.826286,43.613981,2023,2023-06-22
177000.0,66.0,3,34080,3.838408,43.61972,2023,2023-06-22
149945.0,40.0,1,34000,3.87852,43.612565,2023,2023-06-08
272102.0,62.0,3,34080,3.848437,43.625109,2023,2023-06-16
360000.0,84.0,4,34000,3.889302,43.60666,2023,2023-06-16
170000.0,37.0,2,34000,3.863401,43.611452,2023,2023-06-14
130000.0,44.0,3,34000,3.875081,43.608763,2023,2023-06-19
309633.0,64.0,3,34000,3.885972,43.619544,2023,2023-06-22
233100.0,75.0,4,34070,3.886066,43.59545,2023,2023-06-21
214000.0,45.0,2,34090,3.880655,43.622579,2023,2023-06-13
129700.0,67.0,4,34070,3.885032,43.591232,2023,2023-06-20
74000.0,21.0,1,34000,3.872702,43.60768,2023,2023-06-05
196000.0,45.0,3,34090,3.877628,43.617477,2023,2023-05-26
76000.0,22.0,1,34090,3.852553,43.621567,2023,2023-06-07
157500.0,58.0,3,34080,3.822144,43.623868,2023,2023-06-13
197450.0,61.0,3,34070,3.851531,43.589201,2023,2023-06-16
267000.0,74.0,3,34090,3.860056,43.640959,2023,2023-06-01
80000.0,22.0,2,34000,3.867305,43.60917,2023,2023-06-15
115000.0,45.0,2,34000,3.867792,43.607815,2023,2023-06-13
87000.0,18.0,1,34090,3.856655,43.631871,2023,2023-06-16
230030.0,50.0,2,34000,3.896269,43.605244,2023,2023-06-21
77734.0,64.0,3,34000,3.878104,43.598563,2023,2023-06-02
447000.0,88.0,3,34000,3.875805,43.61171,2023,2023-06-16
157850.0,40.0,2,34000,3.875533,43.613203,2023,2023-06-16
102000.0,30.0,1,34090,3.845294,43.628354,2023,2023-06-12
105000.0,68.0,4,34070,3.885032,43.591232,2023,2023-06-22
195708.0,80.0,3,34000,3.8903,43.606151,2023,2023-06-06
220000.0,71.0,3,34070,3.893146,43.601071,2023,2023-06-01
121250.0,26.0,1,34000,3.868474,43.606501,2023,2023-06-01
113000.0,38.0,1,34070,3.891022,43.590893,2023,2023-06-16
180000.0,82.0,4,34070,3.874282,43.597166,2023,2023-06-21
122000.0,27.0,1,34000,3.877059,43.613107,2023,2023-06-20
113530.0,30.0,1,34000,3.878467,43.600588,2023,2023-05-30
318720.0,65.0,3,34070,3.867147,43.598172,2023,2023-06-05
190000.0,45.0,2,34000,3.910656,43.607407,2023,2023-06-08
249500.0,68.0,2,34000,3.878306,43.609934,2023,2023-06-01
283000.0,98.0,5,34000,3.890634,43.604065,2023,2023-06-05
110000.0,28.0,1,34000,3.891532,43.606104,2023,2023-06-20
82500.0,21.0,1,34090,3.859971,43.641182,2023,2023-06-20
300000.0,60.0,3,34070,3.885613,43.605431,2023,2023-06-21
215500.0,75.0,3,34070,3.851793,43.588202,2023,2023-06-09
150000.0,75.0,4,34080,3.841541,43.621563,2023,2023-06-27
58260.0,18.0,1,34090,3.852657,43.623307,2023,2023-06-29
155000.0,42.0,2,34000,3.880336,43.614033,2023,2023-02-22
120000.0,35.0,2,34000,3.868091,43.603489,2023,2023-06-01
255000.0,87.0,2,34090,3.886274,43.622247,2023,2023-06-21
248850.0,69.0,3,34000,3.9008,43.617566,2023,2023-06-21
147000.0,47.0,2,34070,3.86008,43.582786,2023,2023-06-14
143000.0,51.0,2,34000,3.88252,43.608128,2023,2023-06-20
150000.0,43.0,2,34090,3.882154,43.624863,2023,2023-06-20
84000.0,20.0,1,34070,3.852856,43.587074,2023,2023-06-22
74050.0,26.0,1,34000,3.874057,43.605132,2023,2023-06-22
162900.0,46.0,2,34090,3.838533,43.636989,2023,2023-06-19
199700.0,67.0,3,34070,3.856424,43.60366,2023,2023-06-12
100000.0,80.0,4,34070,3.854287,43.601316,2023,2023-05-31
277400.0,66.0,3,34090,3.882652,43.631313,2023,2023-06-16
151000.0,75.0,3,34080,3.831137,43.618123,2023,2023-06-06
270000.0,68.0,3,34090,3.873657,43.624511,2023,2023-06-02
228000.0,69.0,3,34000,3.866529,43.612902,2023,2023-06-21
99990.0,41.0,2,34000,3.870317,43.604837,2023,2023-06-21
140000.0,46.0,2,34000,3.874032,43.60427,2023,2023-06-22
354000.0,89.0,4,34070,3.854022,43.59092,2023,2023-06-23
120000.0,46.0,2,34080,3.841355,43.623466,2023,2023-06-15
220000.0,129.0,5,34000,3.882333,43.606403,2023,2023-05-31
279500.0,90.0,4,34000,3.884148,43.600971,2023,2023-06-13
320896.0,75.0,4,34070,3.884812,43.587799,2023,2023-06-23
110000.0,48.0,3,34080,3.840802,43.617681,2023,2023-06-27
223664.0,90.0,4,34070,3.854993,43.593074,2023,2023-06-12
117900.0,43.0,2,34090,3.852002,43.62535,2023,2023-06-26
225400.0,60.0,5,34000,3.882102,43.608118,2023,2023-06-09
94800.0,18.0,1,34090,3.856655,43.631871,2023,2023-06-28
111850.0,47.0,2,34080,3.829221,43.615924,2023,2023-06-08
272000.0,68.0,3,34090,3.873657,43.624511,2023,2023-06-12
214385.0,42.0,2,34000,3.875301,43.611403,2023,2023-05-31
103000.0,21.0,2,34000,3.873398,43.609849,2023,2023-06-14
123000.0,59.0,3,34070,3.84659,43.598277,2023,2023-06-28
335000.0,106.0,5,34000,3.888934,43.607869,2023,2023-06-12
207000.0,79.0,3,34070,3.86604,43.596752,2023,2023-06-08
238204.0,69.0,3,34070,3.859911,43.581747,2023,2023-06-22
200000.0,45.0,2,34000,3.892518,43.605981,2023,2023-06-21
83000.0,17.0,1,34000,3.875783,43.612473,2023,2023-06-08
154205.0,49.0,3,34000,3.871338,43.602013,2023,2023-06-07
77215.0,14.0,1,34000,3.879235,43.610342,2023,2023-06-12
90000.0,25.0,1,34090,3.833475,43.639115,2023,2023-06-20
423851.0,106.0,5,34000,3.882182,43.609508,2023,2023-06-05
72800.0,18.0,1,34070,3.857794,43.612319,2023,2023-06-07
70501.0,16.0,1,34000,3.869036,43.604733,2023,2023-06-12
159000.0,55.0,2,34090,3.876765,43.625611,2023,2023-06-23
190670.0,55.0,3,34070,3.884799,43.604968,2023,2023-06-20
184300.0,53.0,2,34070,3.874328,43.59028,2023,2023-06-29
229450.0,55.0,2,34000,3.873534,43.604835,2023,2023-06-12
130000.0,37.0,2,34080,3.847984,43.622477,2023,2023-06-22
74057.0,43.0,2,34080,3.826908,43.615558,2023,2023-06-23
136810.0,29.0,1,34090,3.840041,43.639678,2023,2023-06-14
310000.0,54.0,3,34090,3.869688,43.616854,2023,2023-06-26
154970.0,47.0,2,34070,3.853399,43.606062,2023,2023-06-16
160000.0,63.0,4,34000,3.892171,43.607591,2023,2023-05-26
147000.0,81.0,5,34080,3.847576,43.620535,2023,2023-06-28
187300.0,47.0,2,34070,3.85646,43.607908,2023,2023-06-26
85000.0,21.0,1,34090,3.844744,43.633909,2023,2023-06-16
91192.0,25.0,1,34070,3.834146,43.608785,2023,2023-06-12
112000.0,69.0,3,34070,3.846077,43.61599,2023,2023-06-28
132000.0,43.0,2,34070,3.853028,43.587231,2023,2023-06-22
120110.0,27.0,1,34090,3.85444,43.620964,2023,2023-06-27
89400.0,31.0,1,34070,3.875712,43.593971,2023,2023-06-20
70000.0,25.0,1,34080,3.851319,43.618445,2023,2023-06-26
220000.0,67.0,3,34070,3.855839,43.602133,2023,2023-06-12
100550.0,20.0,1,34090,3.872194,43.634386,2023,2023-06-28
231190.0,69.0,3,34000,3.87141,43.60326,2023,2023-06-08
129000.0,33.0,2,34070,3.877684,43.579713,2023,2023-06-05
158000.0,37.0,2,34070,3.842621,43.591855,2023,2023-06-16
99000.0,19.0,1,34000,3.878575,43.602153,2023,2023-06-09
245750.0,62.0,3,34000,3.875375,43.612671,2023,2023-06-27
136000.0,60.0,3,34070,3.864475,43.605018,2023,2023-05-30
225000.0,57.0,3,34000,3.895154,43.60583,2023,2023-06-28
338000.0,90.0,4,34090,3.878442,43.616393,2023,2023-06-20
132500.0,48.0,2,34080,3.827187,43.616086,2023,2023-06-09
276570.0,48.0,2,34000,3.885972,43.619544,2023,2023-06-29
53000.0,18.0,1,34090,3.852657,43.623307,2023,2023-06-26
60000.0,30.0,1,34070,3.830239,43.610672,2023,2023-06-23
100000.0,28.0,1,34000,3.874903,43.605543,2023,2023-06-22
182950.0,91.0,5,34080,3.834593,43.614124,2023,2023-06-23
205000.0,67.0,4,34000,3.894306,43.623446,2023,2023-06-19
90000.0,47.0,2,34080,3.825337,43.613277,2023,2023-06-15
190000.0,63.0,3,34070,3.89175,43.589944,2023,2023-06-19
146000.0,66.0,4,34080,3.844554,43.61491,2023,2023-06-13
178820.0,42.0,2,34070,3.851449,43.591723,2023,2023-06-16
144000.0,50.0,2,34070,3.854993,43.593074,2023,2023-06-08
110000.0,41.0,3,34070,3.865734,43.607133,2023,2023-06-12
289750.0,130.0,6,34070,3.885062,43.601305,2023,2023-06-08
115000.0,32.0,2,34080,3.835291,43.618361,2023,2023-06-27
183750.0,40.0,2,34070,3.860855,43.603947,2023,2023-06-26
100000.0,20.0,1,34090,3.838355,43.640196,2023,2023-06-09
670800.0,134.0,4,34000,3.865704,43.617114,2023,2023-06-30
67175.0,23.0,1,34080,3.830291,43.612011,2023,2023-06-16
96000.0,34.0,1,34080,3.841074,43.623897,2023,2023-06-20
354600.0,81.0,3,34000,3.88484,43.626886,2023,2023-06-19
150500.0,50.0,2,34070,3.886635,43.601341,2023,2023-06-14
145600.0,68.0,4,34070,3.870783,43.598757,2023,2023-06-19
104500.0,35.0,2,34000,3.882826,43.603846,2023,2023-06-12
318550.0,72.0,3,34000,3.89102,43.61285,2023,2023-06-12
109000.0,20.0,1,34000,3.897996,43.603349,2023,2023-06-27
94459.0,42.0,2,34070,3.853732,43.615661,2023,2023-06-21
100000.0,21.0,1,34000,3.897996,43.603349,2023,2023-06-23
230000.0,78.0,3,34000,3.87388,43.600095,2023,2023-06-21
23700.0,17.0,1,34080,3.837947,43.613467,2023,2023-06-27
189203.0,97.0,5,34070,3.839643,43.614007,2023,2023-06-12
165000.0,55.0,2,34070,3.848856,43.591092,2023,2023-06-30
137400.0,41.0,1,34070,3.852732,43.587933,2023,2023-06-12
170000.0,72.0,3,34000,3.849091,43.616213,2023,2023-06-30
79000.0,23.0,1,34000,3.873228,43.612083,2023,2023-06-27
178300.0,45.0,2,34090,3.846269,43.628377,2023,2023-06-29
245000.0,47.0,2,34000,3.899491,43.600329,2023,2023-06-30
42470.0,30.0,2,34090,3.833475,43.639115,2023,2023-06-29
240000.0,68.0,3,34000,3.870303,43.614658,2023,2023-05-31
85000.0,16.0,1,34000,3.873238,43.609398,2023,2023-06-19
147700.0,39.0,2,34070,3.882176,43.592181,2023,2023-06-30
205792.0,49.0,2,34090,3.8821,43.623625,2023,2023-06-26
359240.0,78.0,3,34000,3.878511,43.612628,2023,2023-06-15
110000.0,77.0,4,34070,3.836052,43.608116,2023,2023-06-14
392600.0,83.0,3,34000,3.874785,43.611535,2023,2023-06-07
400600.0,81.0,4,34000,3.87557,43.60192,2023,2023-06-06
173709.0,69.0,3,34090,3.863982,43.624471,2023,2023-06-22
69000.0,18.0,1,34070,3.864997,43.609028,2023,2023-06-12
250000.0,62.0,3,34070,3.856255,43.582937,2023,2023-06-28
74500.0,38.0,2,34080,3.827944,43.612713,2023,2023-06-30
102000.0,25.0,1,34090,3.846267,43.632539,2023,2023-06-28
122980.0,41.0,3,34090,3.863973,43.618139,2023,2023-06-27
182000.0,84.0,3,34070,3.859984,43.586125,2023,2023-06-30
258000.0,49.0,2,34000,3.869048,43.615726,2023,2023-07-04
405000.0,68.0,3,34000,3.869048,43.615726,2023,2023-06-30
77635.0,19.0,1,34090,3.845294,43.628354,2023,2023-06-30
189000.0,40.0,2,34000,3.895381,43.603174,2023,2023-06-30
285000.0,44.0,2,34000,3.869048,43.615726,2023,2023-06-30
130000.0,71.0,4,34070,3.871134,43.597027,2023,2023-06-22
156000.0,37.0,1,34070,3.879735,43.595049,2023,2023-06-29
204000.0,67.0,3,34070,3.88571,43.584374,2023,2023-06-27
130000.0,41.0,2,34080,3.846235,43.622413,2023,2023-06-27
185000.0,38.0,2,34000,3.87683,43.609775,2023,2023-06-09
422000.0,100.0,5,34090,3.878987,43.622238,2023,2023-06-30
199230.0,50.0,3,34070,3.885452,43.605066,2023,2023-07-04
209700.0,45.0,2,34000,3.90586,43.613163,2023,2023-06-26
357600.0,70.0,3,34000,3.893608,43.603708,2023,2023-06-16
106481.0,33.0,2,34000,3.877454,43.606988,2023,2023-06-27
85000.0,21.0,1,34070,3.859954,43.607871,2023,2023-06-23
279000.0,70.0,2,34000,3.889029,43.608361,2023,2023-06-30
205000.0,50.0,2,34000,3.88307,43.603946,2023,2023-06-30
273300.0,63.0,3,34070,3.890606,43.602806,2023,2023-06-30
289670.0,103.0,4,34000,3.881995,43.60781,2023,2023-07-04
147000.0,39.0,2,34000,3.878322,43.613149,2023,2023-07-05
256500.0,60.0,3,34000,3.898207,43.617475,2023,2023-06-20
169000.0,45.0,2,34090,3.840609,43.638081,2023,2023-06-29
211960.0,40.0,2,34000,3.881974,43.616061,2023,2023-06-16
475000.0,80.0,3,34090,3.875368,43.631317,2023,2023-06-29
170000.0,65.0,3,34000,3.890634,43.604065,2023,2023-06-26
150000.0,34.0,3,34000,3.873823,43.610311,2023,2023-06-21
192000.0,72.0,3,34070,3.848437,43.604405,2023,2023-06-30
150000.0,88.0,5,34080,3.833891,43.617122,2023,2023-06-28
82000.0,30.0,1,34070,3.872598,43.590303,2023,2023-07-05
117000.0,79.0,4,34080,3.818537,43.641426,2023,2023-06-29
615450.0,120.0,4,34000,3.868559,43.605116,2023,2023-06-30
67000.0,21.0,1,34070,3.891022,43.590893,2023,2023-06-26
117190.0,50.0,2,34090,3.852553,43.621567,2023,2023-06-30
205000.0,45.0,2,34000,3.90354,43.59873,2023,2023-06-21
66500.0,29.0,0,34070,3.872598,43.590303,2023,2023-06-29
155000.0,46.0,2,34000,3.879782,43.595959,2023,2023-06-27
97000.0,37.0,2,34080,3.846555,43.619867,2023,2023-06-30
115000.0,30.0,1,34080,3.840328,43.625333,2023,2023-06-27
69000.0,35.0,1,34070,3.877684,43.579713,2023,2023-06-20
179500.0,46.0,2,34000,3.891867,43.606091,2023,2023-06-13
76500.0,18.0,1,34080,3.8436,43.635123,2023,2023-06-30
87400.0,25.0,1,34080,3.851319,43.618445,2023,2023-06-21
302000.0,81.0,4,34000,3.889488,43.60778,2023,2023-06-30
105000.0,20.0,2,34000,3.874374,43.608578,2023,2023-06-30
45500.0,38.0,2,34090,3.885229,43.622783,2023,2023-06-30
230900.0,61.0,3,34000,3.903442,43.606776,2023,2023-06-20
180000.0,47.0,2,34000,3.901244,43.620771,2023,2023-06-22
212760.0,70.0,3,34070,3.848673,43.596052,2023,2023-06-29
145000.0,49.0,2,34090,3.85444,43.620964,2023,2023-06-26
217000.0,128.0,5,34080,3.842112,43.617852,2023,2023-06-30
106500.0,20.0,1,34000,3.897996,43.603349,2023,2023-06-23
196000.0,63.0,3,34070,3.884972,43.602009,2023,2023-07-04
100000.0,43.0,2,34080,3.851319,43.618445,2023,2023-07-05
141500.0,53.0,2,34070,3.890037,43.592338,2023,2023-07-06
290000.0,84.0,4,34090,3.882928,43.621616,2023,2023-07-04
114500.0,25.0,1,34090,3.874773,43.633341,2023,2023-07-03
186000.0,70.0,3,34070,3.854115,43.600002,2023,2023-07-05
671500.0,110.0,4,34000,3.899793,43.597635,2023,2023-06-30
75100.0,19.0,1,34090,3.84607,43.629043,2023,2023-06-30
93000.0,19.0,1,34000,3.887367,43.603241,2023,2023-06-19
166750.0,63.0,3,34070,3.847755,43.598164,2023,2023-06-26
115000.0,68.0,3,34070,3.846077,43.61599,2023,2023-06-30
89000.0,29.0,1,34090,3.852553,43.621567,2023,2023-06-29
585320.0,124.0,5,34000,3.873613,43.607527,2023,2023-06-30
255000.0,68.0,2,34000,3.880277,43.610495,2023,2023-06-27
230100.0,52.0,2,34000,3.867309,43.604202,2023,2023-07-05
239800.0,64.0,3,34080,3.848074,43.624433,2023,2023-07-04
169300.0,71.0,5,34070,3.865144,43.602981,2023,2023-07-07
43000.0,20.0,1,34080,3.82901,43.613572,2023,2023-07-07
121355.0,73.0,4,34070,3.842618,43.608378,2023,2023-07-04
121000.0,40.0,3,34000,3.875091,43.610757,2023,2023-06-30
322000.0,66.0,3,34000,3.902126,43.597026,2023,2023-07-10
164150.0,54.0,3,34000,3.89211,43.604068,2023,2023-06-21
42500.0,24.0,1,34090,3.879837,43.623972,2023,2023-06-27
195000.0,85.0,4,34090,3.863116,43.626045,2023,2023-06-23
250000.0,58.0,3,34070,3.893321,43.603238,2023,2023-06-28
125000.0,40.0,2,34080,3.822173,43.624846,2023,2023-06-27
114500.0,58.0,3,34070,3.842618,43.608378,2023,2023-06-27
314100.0,74.0,3,34000,3.903771,43.607477,2023,2023-06-15
180000.0,35.0,2,34090,3.863205,43.61902,2023,2023-06-22
352060.0,76.0,3,34000,3.8774,43.608779,2023,2023-07-07
200275.0,70.0,3,34000,3.890074,43.613255,2023,2023-07-11
150000.0,37.0,2,34000,3.868209,43.616157,2023,2023-07-04
161150.0,43.0,2,34070,3.879735,43.595049,2023,2023-07-06
160000.0,36.0,2,34000,3.889536,43.607413,2023,2023-07-07
185000.0,43.0,2,34000,3.90428,43.60241,2023,2023-07-05
287500.0,80.0,4,34070,3.87236,43.598225,2023,2023-06-23
198500.0,66.0,3,34080,3.847271,43.619339,2023,2023-07-11
147640.0,51.0,3,34000,3.867305,43.60917,2023,2023-06-16
89500.0,42.0,2,34080,3.841634,43.61433,2023,2023-06-26
184020.0,69.0,3,34070,3.848673,43.596052,2023,2023-06-26
120400.0,22.0,2,34000,3.874796,43.612643,2023,2023-06-27
144850.0,60.0,3,34080,3.849844,43.619362,2023,2023-06-26
235850.0,56.0,3,34000,3.890749,43.606067,2023,2023-06-28
77000.0,18.0,1,34090,3.873428,43.619943,2023,2023-06-26
130000.0,31.0,2,34090,3.863024,43.640576,2023,2023-07-03
164500.0,48.0,2,34090,3.879837,43.623972,2023,2023-06-29
240000.0,65.0,3,34070,3.842863,43.604698,2023,2023-07-10
260000.0,53.0,3,34000,3.909029,43.609992,2023,2023-06-29
128000.0,80.0,5,34070,3.883533,43.592737,2023,2023-06-26
185400.0,52.0,3,34070,3.858043,43.590199,2023,2023-06-26
154150.0,36.0,2,34000,3.898207,43.617475,2023,2023-06-21
88000.0,22.0,1,34090,3.853299,43.623751,2023,2023-07-05
143000.0,51.0,2,34070,3.837222,43.608776,2023,2023-06-20
182000.0,72.0,3,34000,3.891014,43.613888,2023,2023-06-16
222500.0,72.0,3,34080,3.834267,43.631002,2023,2023-07-06
233500.0,53.0,3,34000,3.893047,43.605178,2023,2023-05-23
147168.0,42.0,2,34070,3.853732,43.615661,2023,2023-07-05
142100.0,41.0,2,34070,3.88571,43.584374,2023,2023-07-03
161950.0,30.0,1,34080,3.828958,43.61417,2023,2023-06-19
113300.0,31.0,1,34000,3.878698,43.613527,2023,2023-06-28
83000.0,18.0,1,34070,3.857794,43.612319,2023,2023-07-03
72000.0,22.0,1,34000,3.868901,43.607541,2023,2023-07-12
392500.0,103.0,5,34000,3.865191,43.613524,2023,2023-07-10
121000.0,67.0,4,34070,3.883988,43.591519,2023,2023-06-30
109000.0,20.0,1,34090,3.861904,43.625018,2023,2023-06-26
330000.0,65.0,3,34000,3.870683,43.608939,2023,2023-06-29
172000.0,45.0,2,34090,3.846267,43.632539,2023,2023-07-11
83000.0,20.0,1,34080,3.832006,43.620973,2023,2023-07-07
105000.0,24.0,1,34090,3.844188,43.640541,2023,2023-06-15
168000.0,67.0,4,34000,3.888198,43.620449,2023,2023-06-30
78000.0,24.0,1,34070,3.859403,43.591363,2023,2023-06-23
258900.0,73.0,3,34070,3.849169,43.590632,2023,2023-07-10
67700.0,15.0,1,34000,3.884047,43.607271,2023,2023-07-10
92000.0,24.0,1,34070,3.859403,43.591363,2023,2023-06-23
82000.0,27.0,1,34090,3.846838,43.62966,2023,2023-07-17
166250.0,67.0,4,34000,3.858643,43.618409,2023,2023-06-29
204000.0,45.0,2,34000,3.897429,43.602694,2023,2023-06-30
236770.0,63.0,3,34070,3.851842,43.591823,2023,2023-07-05
220000.0,69.0,3,34000,3.889488,43.60778,2023,2023-06-20
578474.0,103.0,2,34090,3.87492,43.626032,2023,2023-07-11
300000.0,59.0,3,34000,3.871024,43.601301,2023,2023-06-27
156000.0,88.0,4,34070,3.846077,43.61599,2023,2023-07-10
147174.0,79.0,4,34080,3.818537,43.641426,2023,2023-07-04
277020.0,58.0,2,34070,3.861449,43.601519,2023,2023-06-29
86700.0,37.0,1,34080,3.841634,43.61433,2023,2023-07-03
136620.0,60.0,3,34000,3.882618,43.618844,2023,2023-06-19
135000.0,39.0,1,34000,3.872025,43.606087,2023,2023-06-20
225300.0,73.0,3,34080,3.831735,43.635308,2023,2023-07-17
229000.0,157.0,4,34000,3.878736,43.596726,2023,2023-07-04
216700.0,80.0,3,34090,3.852821,43.620479,2023,2023-07-13
98500.0,19.0,1,34000,3.897996,43.603349,2023,2023-07-13
129000.0,76.0,4,34080,3.841541,43.621563,2023,2023-06-28
80000.0,34.0,1,34000,3.888642,43.617776,2023,2023-07-04
167800.0,51.0,2,34090,3.867215,43.625172,2023,2023-07-12
179650.0,83.0,4,34070,3.874216,43.595399,2023,2023-06-29
225050.0,84.0,4,34070,3.837468,43.602094,2023,2023-06-27
370420.0,93.0,5,34000,3.885292,43.621256,2023,2023-06-29
291242.0,93.0,3,34000,3.881156,43.601445,2023,2023-06-29
78500.0,28.0,2,34070,3.864473,43.605841,2023,2023-06-30
384000.0,103.0,5,34090,3.873303,43.617788,2023,2023-06-30
365000.0,64.0,2,34090,3.862511,43.641566,2023,2023-07-11
154835.0,60.0,3,34000,3.88113,43.608486,2023,2023-06-29
115000.0,34.0,2,34000,3.881407,43.606219,2023,2023-06-29
170500.0,48.0,2,34000,3.849091,43.616213,2023,2023-07-10
395000.0,80.0,3,34000,3.865248,43.612861,2023,2023-07-11
140000.0,75.0,4,34070,3.874468,43.59745,2023,2023-06-29
101670.0,30.0,1,34090,3.845294,43.628354,2023,2023-07-18
160000.0,36.0,2,34090,3.87339,43.63055,2023,2023-06-30
225000.0,49.0,2,34090,3.890057,43.627369,2023,2023-06-30
190740.0,70.0,3,34070,3.886999,43.594906,2023,2023-07-10
189550.0,77.0,5,34070,3.84738,43.604831,2023,2023-07-06
130000.0,29.0,1,34000,3.878772,43.605316,2023,2023-07-12
112107.0,28.0,1,34000,3.879874,43.614129,2023,2023-07-10
122500.0,70.0,3,34000,3.895381,43.603174,2023,2023-07-06
166800.0,53.0,2,34090,3.847191,43.62597,2023,2023-07-06
211000.0,65.0,3,34000,3.876049,43.607095,2023,2023-07-11
104940.0,28.0,1,34090,3.844744,43.633909,2023,2023-07-17
242830.0,60.0,2,34000,3.874838,43.612931,2023,2023-07-12
135000.0,48.0,2,34070,3.872186,43.589789,2023,2023-07-12
140000.0,30.0,2,34000,3.879045,43.612896,2023,2023-07-11
224000.0,71.0,2,34070,3.865734,43.607133,2023,2023-06-27
66500.0,22.0,1,34090,3.852553,43.621567,2023,2023-07-18
110000.0,25.0,1,34080,3.847504,43.62381,2023,2023-07-17
103000.0,29.0,1,34090,3.871224,43.627565,2023,2023-07-19
87166.0,31.0,2,34000,3.870333,43.60772,2023,2023-07-19
112000.0,30.0,1,34070,3.855667,43.593828,2023,2023-07-20
85000.0,16.0,1,34000,3.867305,43.60917,2023,2023-06-20
208000.0,67.0,3,34000,3.886231,43.61987,2023,2023-07-13
70000.0,44.0,2,34080,3.832483,43.615372,2023,2023-07-12
65000.0,24.0,1,34000,3.87714,43.603742,2023,2023-06-22
203750.0,79.0,4,34070,3.871429,43.595557,2023,2023-06-26
180000.0,71.0,3,34000,3.879541,43.602265,2023,2023-07-12
152000.0,47.0,2,34000,3.893509,43.606468,2023,2023-06-28
130000.0,27.0,1,34000,3.895154,43.60583,2023,2023-07-07
77800.0,15.0,1,34000,3.87763,43.613648,2023,2023-07-13
310000.0,122.0,5,34070,3.855839,43.602133,2023,2023-06-22
118000.0,20.0,1,34000,3.897996,43.603349,2023,2023-07-13
155000.0,35.0,1,34000,3.895154,43.60583,2023,2023-07-18
67200.0,22.0,1,34070,3.891022,43.590893,2023,2023-07-10
310400.0,87.0,4,34070,3.847497,43.590607,2023,2023-07-17
351000.0,78.0,3,34090,3.885027,43.625545,2023,2023-07-21
121750.0,26.0,1,34000,3.876196,43.60637,2023,2023-06-28
640000.0,184.0,4,34000,3.879714,43.613569,2023,2023-06-29
244000.0,58.0,3,34070,3.858603,43.60971,2023,2023-06-28
76000.0,15.0,1,34000,3.875106,43.61254,2023,2023-07-13
500000.0,130.0,5,34000,3.870647,43.61407,2023,2023-07-17
148000.0,59.0,2,34070,3.887986,43.599556,2023,2023-06-30
570000.0,145.0,5,34000,3.874386,43.61227,2023,2023-07-12
75000.0,19.0,1,34070,3.857794,43.612319,2023,2023-07-05
283530.0,67.0,3,34000,3.890634,43.604065,2023,2023-07-19
158000.0,34.0,2,34000,3.897596,43.602334,2023,2023-07-18
91188.0,19.0,1,34070,3.880914,43.591147,2023,2023-07-12
95478.0,81.0,4,34080,3.841634,43.61433,2023,2023-06-29
94160.0,32.0,2,34070,3.850997,43.603255,2023,2023-06-28
77930.0,23.0,1,34090,3.85444,43.620964,2023,2023-07-04
128000.0,40.0,2,34000,3.876449,43.614844,2023,2023-07-13
130000.0,26.0,1,34090,3.880241,43.6151,2023,2023-07-12
100400.0,40.0,2,34000,3.870722,43.607908,2023,2023-07-04
90000.0,19.0,1,34090,3.865128,43.61914,2023,2023-07-18
222700.0,53.0,2,34070,3.852371,43.615833,2023,2023-07-12
92188.0,19.0,1,34070,3.880914,43.591147,2023,2023-07-12
128600.0,48.0,2,34070,3.844998,43.595063,2023,2023-07-13
70000.0,54.0,2,34080,3.825337,43.613277,2023,2023-07-03
89700.0,24.0,1,34090,3.833475,43.639115,2023,2023-07-18
257000.0,83.0,3,34000,3.881636,43.602504,2023,2023-07-21
125000.0,37.0,2,34000,3.877085,43.603628,2023,2023-07-17
118840.0,31.0,2,34000,3.88354,43.607043,2023,2023-07-12
168429.0,52.0,2,34090,3.871303,43.626414,2023,2023-07-12
152037.42,35.0,2,34000,3.873534,43.604835,2023,2023-07-19
80750.0,26.0,1,34080,3.83588,43.621424,2023,2023-07-21
195000.0,56.0,3,34000,3.900319,43.620236,2023,2023-07-06
240000.0,65.0,3,34090,3.840041,43.639678,2023,2023-07-06
175000.0,46.0,2,34080,3.847271,43.619339,2023,2023-06-29
216100.0,70.0,3,34070,3.892873,43.603053,2023,2023-06-28
308000.0,83.0,4,34070,3.859377,43.58258,2023,2023-07-11
53000.0,17.0,1,34080,3.837947,43.613467,2023,2023-06-27
182250.0,85.0,5,34070,3.868421,43.594405,2023,2023-07-12
331500.0,63.0,3,34000,3.901217,43.598264,2023,2023-07-06
120200.0,35.0,1,34070,3.887983,43.59599,2023,2023-07-21
169000.0,41.0,2,34090,3.8702,43.638536,2023,2023-07-11
160000.0,46.0,2,34070,3.859377,43.58258,2023,2023-07-13
200633.0,62.0,4,34000,3.860946,43.614233,2023,2023-07-07
104950.0,28.0,1,34000,3.870195,43.606027,2023,2023-07-07
127640.0,95.0,4,34080,3.830119,43.615175,2023,2023-07-04
67000.0,18.0,1,34090,3.853449,43.624567,2023,2023-07-17
75000.0,16.0,1,34000,3.882486,43.61865,2023,2023-07-21
222052.0,83.0,4,34070,3.855474,43.594061,2023,2023-07-25
179195.0,55.0,3,34000,3.869534,43.604242,2023,2023-06-27
165000.0,45.0,2,34070,3.85954,43.611868,2023,2023-07-20
359000.0,76.0,4,34000,3.886231,43.61987,2023,2023-07-17
95000.0,28.0,2,34070,3.864473,43.605841,2023,2023-07-03
204650.0,60.0,3,34000,3.883311,43.606144,2023,2023-07-06
170000.0,60.0,2,34000,3.891014,43.613888,2023,2023-07-19
246400.0,96.0,5,34090,3.852821,43.620479,2023,2023-07-18
259000.0,86.0,4,34090,3.853012,43.623908,2023,2023-07-20
328100.0,85.0,4,34070,3.85876,43.581164,2023,2023-07-21
195000.0,89.0,3,34070,3.846077,43.61599,2023,2023-07-10
188300.0,53.0,3,34000,3.889476,43.612657,2023,2023-07-26
150000.0,43.0,2,34070,3.853028,43.587231,2023,2023-06-30
130000.0,67.0,3,34080,3.814024,43.639114,2023,2023-07-10
258000.0,75.0,4,34000,3.88704,43.621277,2023,2023-07-05
190000.0,47.0,2,34000,3.863406,43.612177,2023,2023-07-20
120000.0,29.0,2,34000,3.90586,43.613163,2023,2023-07-04
228000.0,69.0,3,34000,3.866529,43.612902,2023,2023-07-03
257000.0,54.0,2,34000,3.904746,43.607399,2023,2023-07-19
389100.0,94.0,4,34090,3.879837,43.623972,2023,2023-07-05
115000.0,32.0,2,34090,3.848972,43.638516,2023,2023-07-04
230300.0,64.0,3,34000,3.878104,43.598563,2023,2023-07-21
165000.0,50.0,2,34000,3.891485,43.60737,2023,2023-07-24
82000.0,26.0,1,34090,3.84562,43.627769,2023,2023-07-11
86000.0,22.0,1,34090,3.846267,43.632539,2023,2023-07-07
231500.0,48.0,2,34000,3.897641,43.601983,2023,2023-07-20
472500.0,103.0,3,34090,3.875769,43.616296,2023,2023-07-05
252150.0,81.0,4,34090,3.84402,43.641391,2023,2023-06-30
177350.0,75.0,4,34070,3.856422,43.604027,2023,2023-07-25
345000.0,70.0,3,34000,3.876637,43.607526,2023,2023-07-21
286500.0,90.0,4,34070,3.851083,43.609851,2023,2023-07-17
86500.0,17.0,1,34090,3.871034,43.629115,2023,2023-07-12
487800.0,119.0,4,34000,3.872897,43.603116,2023,2023-07-13
216000.0,72.0,4,34000,3.901191,43.606034,2023,2023-07-13
168030.0,53.0,2,34090,3.848031,43.628082,2023,2023-07-17
283500.0,93.0,4,34070,3.859954,43.607871,2023,2023-07-25
94000.0,16.0,1,34000,3.874117,43.609874,2023,2023-07-24
180923.0,41.0,2,34000,3.866741,43.626741,2023,2023-07-19
265000.0,79.0,3,34070,3.85675,43.611173,2023,2023-07-20
80750.0,22.0,1,34090,3.852553,43.621567,2023,2023-07-21
148350.0,41.0,2,34070,3.868279,43.597017,2023,2023-07-20
210580.0,95.0,4,34070,3.849,43.610284,2023,2023-07-19
134000.0,25.0,1,34090,3.877065,43.627714,2023,2023-07-18
163960.0,76.0,4,34070,3.873296,43.595523,2023,2023-07-12
135000.0,42.0,2,34090,3.862313,43.625559,2023,2023-07-20
76000.0,21.0,1,34090,3.868567,43.634816,2023,2023-07-18
340950.0,67.0,3,34070,3.887001,43.604387,2023,2023-07-19
199000.0,65.0,4,34070,3.848628,43.60834,2023,2023-06-29
169550.0,79.0,5,34070,3.886522,43.592608,2023,2023-07-06
186000.0,82.0,3,34090,3.854344,43.620476,2023,2023-07-27
149500.0,80.0,5,34080,3.830808,43.615516,2023,2023-07-07
231000.0,62.0,3,34000,3.874881,43.609037,2023,2023-07-17
218370.0,93.0,4,34070,3.839541,43.607688,2023,2023-07-18
292450.0,72.0,3,34070,3.897883,43.596443,2023,2023-07-21
438850.0,110.0,5,34070,3.850341,43.614497,2023,2023-07-07
340000.0,80.0,3,34000,3.872299,43.608977,2023,2023-07-21
63000.0,23.0,1,34000,3.878866,43.613768,2023,2023-07-13
259000.0,73.0,3,34000,3.909445,43.60579,2023,2023-07-25
333600.0,110.0,3,34000,3.868912,43.601163,2023,2023-07-26
120000.0,61.0,3,34070,3.868421,43.594405,2023,2023-07-21
344500.0,68.0,3,34000,3.904746,43.607399,2023,2023-07-18
259161.45,75.0,3,34070,3.864542,43.600512,2023,2023-07-26
380600.0,129.0,5,34000,3.894613,43.619973,2023,2023-07-18
60000.0,22.0,1,34090,3.875311,43.617514,2023,2023-07-25
122000.0,41.0,2,34070,3.88571,43.584374,2023,2023-07-26
72000.0,15.0,1,34090,3.87289,43.620152,2023,2023-07-21
213638.0,38.0,2,34080,3.848437,43.625109,2023,2023-07-24
220000.0,72.0,3,34000,3.894631,43.608194,2023,2023-07-21
86450.0,31.0,1,34070,3.856779,43.606864,2023,2023-07-21
105670.0,20.0,1,34000,3.887768,43.620938,2023,2023-07-13
185310.0,84.0,4,34070,3.846077,43.61599,2023,2023-07-07
85000.0,17.0,1,34000,3.874558,43.609794,2023,2023-07-24
389000.0,92.0,3,34000,3.892518,43.605981,2023,2023-07-24
85000.0,34.0,1,34070,3.868984,43.592641,2023,2023-07-11
390000.0,71.0,3,34000,3.899793,43.597635,2023,2023-07-17
230140.0,57.0,2,34070,3.857862,43.60363,2023,2023-07-17
121000.0,32.0,1,34090,3.873303,43.617788,2023,2023-07-07
99000.0,24.0,1,34000,3.878087,43.601472,2023,2023-07-21
112000.0,33.0,2,34070,3.842863,43.604698,2023,2023-07-26
115000.0,44.0,2,34080,3.824969,43.614361,2023,2023-07-26
187120.0,53.0,3,34000,3.860946,43.614233,2023,2023-07-27
150000.0,34.0,2,34000,3.87306,43.60078,2023,2023-07-25
195000.0,48.0,2,34090,3.87339,43.63055,2023,2023-06-30
183000.0,67.0,3,34080,3.834542,43.630442,2023,2023-07-21
99000.0,49.0,2,34090,3.852553,43.621567,2023,2023-07-07
80000.0,19.0,1,34070,3.864018,43.606172,2023,2023-07-06
104800.0,49.0,2,34080,3.841683,43.617622,2023,2023-07-18
133500.0,59.0,3,34070,3.852007,43.606634,2023,2023-08-01
110850.0,56.0,3,34080,3.841541,43.621563,2023,2023-07-06
74000.0,20.0,1,34080,3.841683,43.617622,2023,2023-07-11
155000.0,45.0,2,34070,3.868279,43.597017,2023,2023-07-17
195650.0,44.0,2,34090,3.854339,43.623523,2023,2023-07-24
230000.0,86.0,4,34080,3.833151,43.611295,2023,2023-07-24
255850.0,79.0,5,34000,3.858643,43.618409,2023,2023-07-24
140000.0,42.0,3,34000,3.871551,43.602859,2023,2023-07-05
151700.0,76.0,4,34080,3.825338,43.614042,2023,2023-07-07
248390.0,94.0,4,34000,3.883933,43.601891,2023,2023-07-31
159584.0,30.0,1,34090,3.877274,43.617738,2023,2023-07-28
74650.0,18.0,1,34090,3.852657,43.623307,2023,2023-07-19
163150.0,34.0,2,34000,3.898341,43.619325,2023,2023-07-06
150000.0,69.0,3,34070,3.846077,43.61599,2023,2023-07-24
143000.0,33.0,1,34070,3.879735,43.595049,2023,2023-07-28
218300.0,36.0,2,34000,3.900839,43.59718,2023,2023-07-27
77000.0,20.0,1,34090,3.873724,43.632474,2023,2023-07-06
702965.0,162.0,4,34000,3.8827,43.608879,2023,2023-07-21
105000.0,42.0,2,34090,3.852303,43.620818,2023,2023-07-25
173690.0,38.0,2,34090,3.865128,43.61914,2023,2023-07-10
95000.0,18.0,1,34090,3.856655,43.631871,2023,2023-07-31
181900.0,75.0,3,34070,3.8555,43.605346,2023,2023-07-31
237000.0,92.0,4,34070,3.854993,43.593074,2023,2023-08-01
103047.16,42.0,2,34080,3.826908,43.615558,2023,2023-08-02
161000.0,42.0,2,34000,3.886231,43.603792,2023,2023-07-11
215000.0,67.0,3,34070,3.852788,43.589228,2023,2023-08-02
190000.0,55.0,2,34000,3.868108,43.6029,2023,2023-07-27
308057.0,75.0,4,34000,3.878552,43.605197,2023,2023-07-27
110000.0,72.0,4,34080,3.836162,43.611225,2023,2023-07-27
306665.6,73.0,3,34090,3.861361,43.640906,2023,2023-07-12
35000.0,19.0,1,34070,3.877786,43.582088,2023,2023-07-11
195070.0,62.0,3,34000,3.883519,43.603445,2023,2023-07-27
270680.0,67.0,4,34000,3.889579,43.618227,2023,2023-07-13
132000.0,39.0,2,34000,3.878089,43.613256,2023,2023-08-01
187000.0,55.0,2,34090,3.84402,43.641391,2023,2023-07-11
174000.0,45.0,2,34090,3.863205,43.61902,2023,2023-07-25
190000.0,70.0,3,34070,3.855152,43.602019,2023,2023-07-25
87200.0,22.0,1,34000,3.876327,43.61216,2023,2023-07-31
214500.0,46.0,2,34000,3.897642,43.608478,2023,2023-08-01
212000.0,67.0,2,34070,3.858043,43.590199,2023,2023-07-31
137000.0,28.0,1,34090,3.846533,43.625619,2023,2023-07-28
218620.0,85.0,4,34070,3.873179,43.588466,2023,2023-07-24
105000.0,20.0,1,34070,3.886231,43.603792,2023,2023-07-25
98790.0,22.0,1,34090,3.875986,43.615973,2023,2023-08-02
182965.0,61.0,3,34070,3.86552,43.588498,2023,2023-08-03
89000.0,18.0,1,34000,3.884479,43.606502,2023,2023-07-18
167000.0,37.0,2,34090,3.873657,43.624511,2023,2023-07-20
115000.0,47.0,2,34080,3.824969,43.614361,2023,2023-07-12
215000.0,60.0,3,34090,3.852013,43.638711,2023,2023-07-04
170200.0,73.0,4,34070,3.868421,43.594405,2023,2023-07-24
117000.0,21.0,1,34070,3.866506,43.606711,2023,2023-07-28
92000.0,25.0,1,34090,3.849118,43.636798,2023,2023-07-28
298600.0,78.0,4,34000,3.885292,43.621256,2023,2023-07-19
210000.0,48.0,2,34090,3.871312,43.629774,2023,2023-07-21
280730.0,67.0,3,34000,3.902597,43.598364,2023,2023-07-12
187000.0,70.0,3,34070,3.88571,43.584374,2023,2023-07-20
153000.0,38.0,2,34090,3.866095,43.621256,2023,2023-07-20
167500.0,83.0,4,34070,3.836052,43.608116,2023,2023-07-24
247620.0,78.0,4,34080,3.847488,43.62327,2023,2023-07-18
299000.0,83.0,4,34070,3.851449,43.591723,2023,2023-08-01
178200.0,40.0,2,34000,3.903442,43.606776,2023,2023-07-28
115000.0,29.0,1,34070,3.862383,43.588723,2023,2023-07-06
136500.0,36.0,2,34080,3.847984,43.622477,2023,2023-08-03
110348.0,47.0,2,34070,3.846225,43.615092,2023,2023-07-13
200000.0,66.0,2,34000,3.870129,43.604545,2023,2023-07-11
323120.0,116.0,4,34070,3.848856,43.591092,2023,2023-07-27
75250.0,21.0,1,34070,3.891022,43.590893,2023,2023-07-11
140000.0,80.0,4,34000,3.878104,43.598563,2023,2023-07-27
350000.0,84.0,4,34000,3.895167,43.616383,2023,2023-07-17
302000.0,73.0,3,34090,3.863205,43.61902,2023,2023-07-24
154250.0,58.0,3,34070,3.8555,43.605346,2023,2023-07-12
181000.0,54.0,3,34000,3.874334,43.608209,2023,2023-07-27
160000.0,33.0,2,34090,3.869688,43.616854,2023,2023-07-21
365000.0,76.0,3,34000,3.90197,43.597484,2023,2023-07-24
130000.0,57.0,3,34090,3.875539,43.616211,2023,2023-08-04
91000.0,20.0,1,34090,3.844744,43.633909,2023,2023-07-26
145000.0,38.0,2,34000,3.89571,43.60574,2023,2023-07-17
128000.0,28.0,2,34000,3.886859,43.603799,2023,2023-07-28
111000.0,26.0,1,34090,3.844744,43.633909,2023,2023-07-25
174200.0,48.0,2,34090,3.871312,43.629774,2023,2023-07-24
185000.0,98.0,5,34080,3.837422,43.613032,2023,2023-07-12
109500.0,31.0,2,34070,3.867819,43.608202,2023,2023-07-31
106667.0,42.0,2,34080,3.822443,43.615583,2023,2023-07-26
245950.0,58.0,3,34000,3.894581,43.603675,2023,2023-07-18
222500.0,78.0,4,34000,3.89888,43.615496,2023,2023-08-07
155000.0,63.0,4,34070,3.865144,43.602981,2023,2023-07-19
106000.0,34.0,2,34090,3.844825,43.632247,2023,2023-08-07
150000.0,50.0,2,34090,3.885524,43.629786,2023,2023-07-18
85000.0,37.0,1,34080,3.841634,43.61433,2023,2023-07-26
161500.0,40.0,2,34070,3.891979,43.593619,2023,2023-07-26
138000.0,42.0,2,34090,3.878987,43.622238,2023,2023-08-08
93000.0,18.0,1,34090,3.856655,43.631871,2023,2023-07-25
161400.0,46.0,2,34090,3.840609,43.638081,2023,2023-07-28
92900.0,25.0,1,34090,3.849118,43.636798,2023,2023-08-04
274000.0,69.0,3,34000,3.902054,43.611538,2023,2023-07-20
169135.0,28.0,2,34000,3.882207,43.60239,2023,2023-07-12
295520.0,65.0,3,34070,3.854813,43.593754,2023,2023-08-03
156000.0,58.0,2,34000,3.874063,43.600755,2023,2023-07-25
225500.0,59.0,3,34070,3.842621,43.591855,2023,2023-07-19
519510.0,120.0,5,34000,3.874691,43.611288,2023,2023-07-31
110920.0,60.0,5,34000,3.878578,43.604799,2023,2023-07-31
83000.0,22.0,1,34070,3.862383,43.588723,2023,2023-07-12
210000.0,67.0,3,34070,3.839562,43.597492,2023,2023-07-25
190019.0,62.0,3,34070,3.85352,43.587716,2023,2023-08-01
174200.0,40.0,2,34000,3.906945,43.599858,2023,2023-07-26
117000.0,27.0,1,34000,3.896269,43.605244,2023,2023-07-26
227000.0,69.0,3,34000,3.884148,43.600971,2023,2023-07-20
104800.0,34.0,1,34070,3.868984,43.592641,2023,2023-07-21
107000.0,22.0,1,34090,3.85192,43.633334,2023,2023-07-17
285180.0,64.0,3,34000,3.905033,43.599173,2023,2023-07-20
85000.0,23.0,1,34090,3.849118,43.636798,2023,2023-07-21
323880.0,73.0,3,34090,3.863205,43.61902,2023,2023-07-21
120340.0,47.0,2,34000,3.876031,43.611686,2023,2023-07-19
285000.0,80.0,3,34000,3.878394,43.610384,2023,2023-08-01
85000.0,18.0,1,34090,3.857702,43.633263,2023,2023-07-28
198000.0,61.0,3,34000,3.865191,43.613524,2023,2023-08-02
214000.0,93.0,5,34000,3.885292,43.621256,2023,2023-07-11
55000.0,43.0,2,34080,3.817167,43.626589,2023,2023-08-04
196000.0,44.0,2,34000,3.897996,43.603349,2023,2023-08-02
206500.0,162.0,4,34000,3.876632,43.609828,2023,2023-08-02
66485.0,19.0,1,34070,3.876339,43.581538,2023,2023-08-03
155500.0,67.0,4,34070,3.867284,43.59399,2023,2023-07-18
298000.0,69.0,3,34070,3.842157,43.591425,2023,2023-07-24
72500.0,18.0,1,34090,3.845294,43.628354,2023,2023-07-24
195000.0,80.0,4,34070,3.88571,43.584374,2023,2023-07-19
87000.0,23.0,1,34000,3.892298,43.612749,2023,2023-08-02
245230.0,58.0,3,34000,3.907961,43.607285,2023,2023-08-07
66000.0,23.0,1,34070,3.866471,43.608041,2023,2023-08-02
190000.0,55.0,1,34000,3.869183,43.606491,2023,2023-08-08
265155.8,70.0,4,34000,3.86706,43.617116,2023,2023-07-25
370000.0,77.0,4,34000,3.872146,43.608027,2023,2023-07-26
232000.0,58.0,3,34090,3.842724,43.642473,2023,2023-08-04
148680.0,26.0,2,34000,3.87642,43.608971,2023,2023-08-04
162000.0,46.0,2,34090,3.878395,43.61887,2023,2023-07-28
166000.0,40.0,2,34090,3.872585,43.632744,2023,2023-07-25
637130.0,108.0,5,34000,3.880643,43.608641,2023,2023-08-02
165000.0,65.0,3,34080,3.826286,43.613981,2023,2023-08-02
399000.0,98.0,5,34090,3.878987,43.622238,2023,2023-08-01
130000.0,38.0,2,34000,3.880141,43.60337,2023,2023-07-26
125000.0,29.0,1,34090,3.856655,43.639738,2023,2023-08-02
313500.0,84.0,3,34090,3.873993,43.633106,2023,2023-08-11
160000.0,40.0,2,34070,3.884083,43.595043,2023,2023-08-08
117500.0,30.0,1,34070,3.882693,43.605338,2023,2023-08-09
190000.0,52.0,3,34090,3.851498,43.625245,2023,2023-07-27
176000.0,49.0,2,34000,3.898218,43.606595,2023,2023-07-26
713100.0,135.0,5,34000,3.870928,43.603038,2023,2023-07-21
67070.0,19.0,1,34090,3.864641,43.624832,2023,2023-07-24
135600.0,29.0,1,34000,3.901812,43.607064,2023,2023-07-21
191250.0,51.0,2,34080,3.837119,43.630166,2023,2023-08-04
205000.0,43.0,2,34000,3.905712,43.604967,2023,2023-07-20
162000.0,54.0,3,34070,3.862383,43.588723,2023,2023-07-26
128554.0,67.0,3,34090,3.873657,43.624511,2023,2023-07-20
97500.0,26.0,1,34090,3.873223,43.632688,2023,2023-08-07
207620.0,66.0,3,34080,3.838408,43.61972,2023,2023-08-03
416600.0,112.0,5,34090,3.859375,43.624466,2023,2023-08-01
85000.0,21.0,1,34070,3.894736,43.601725,2023,2023-08-10
156750.0,45.0,1,34000,3.883637,43.60349,2023,2023-08-18
120360.6,28.0,1,34070,3.865547,43.598197,2023,2023-08-10
159999.0,61.0,3,34070,3.868421,43.594405,2023,2023-08-11
125000.0,21.0,1,34070,3.883047,43.605856,2023,2023-08-16
204250.0,100.0,4,34000,3.876552,43.603568,2023,2023-07-27
275500.0,75.0,4,34000,3.883843,43.607789,2023,2023-08-10
155000.0,68.0,4,34000,3.858643,43.618409,2023,2023-08-11
249020.0,69.0,3,34090,3.842617,43.640476,2023,2023-08-09
200300.0,69.0,4,34000,3.8928,43.61543,2023,2023-08-10
125000.0,30.0,1,34000,3.876283,43.612872,2023,2023-08-01
361713.97,76.0,3,34000,3.901197,43.608396,2023,2023-07-21
244500.0,55.0,3,34000,3.879217,43.613053,2023,2023-08-10
159100.0,51.0,2,34070,3.863814,43.588631,2023,2023-08-07
64600.0,30.0,1,34090,3.845294,43.628354,2023,2023-08-10
146000.0,67.0,4,34070,3.883988,43.591519,2023,2023-08-10
351000.0,112.0,5,34080,3.834267,43.631002,2023,2023-08-10
150000.0,59.0,3,34080,3.849844,43.619362,2023,2023-06-20
219500.0,45.0,2,34000,3.905319,43.599186,2023,2023-08-11
250000.0,63.0,3,34070,3.859627,43.591212,2023,2023-08-03
204258.0,66.0,4,34000,3.888395,43.614724,2023,2023-08-09
110000.0,45.0,2,34000,3.862426,43.610426,2023,2023-07-28
100000.0,34.0,1,34070,3.86336,43.603421,2023,2023-07-25
419000.0,105.0,3,34090,3.865128,43.61914,2023,2023-07-27
135000.0,38.0,2,34000,3.872199,43.602127,2023,2023-08-16
141448.02,31.0,1,34000,3.878688,43.611668,2023,2023-08-17
160000.0,73.0,4,34080,3.851374,43.623156,2023,2023-07-27
165000.0,73.0,4,34070,3.868421,43.594405,2023,2023-08-08
106160.0,29.0,2,34070,3.839541,43.607688,2023,2023-07-28
197000.0,62.0,3,34000,3.866773,43.606795,2023,2023-08-01
152500.0,40.0,2,34070,3.894014,43.60062,2023,2023-08-01
183400.0,60.0,3,34070,3.847952,43.59103,2023,2023-08-11
116400.0,50.0,2,34070,3.859954,43.607871,2023,2023-07-26
528000.0,96.0,4,34000,3.901851,43.596465,2023,2023-07-25
60000.0,17.0,1,34080,3.837947,43.613467,2023,2023-08-09
93000.0,18.0,1,34090,3.870352,43.628869,2023,2023-07-27
330000.0,79.0,3,34090,3.881881,43.622233,2023,2023-07-20
240000.0,73.0,3,34000,3.881104,43.602623,2023,2023-08-02
245690.0,45.0,2,34000,3.902597,43.598364,2023,2023-07-24
720000.0,127.0,5,34000,3.875711,43.614581,2023,2023-07-31
205000.0,91.0,4,34070,3.854993,43.593074,2023,2023-08-01
222464.0,55.0,3,34070,3.894584,43.600902,2023,2023-08-10
245820.0,68.0,4,34000,3.890504,43.604797,2023,2023-07-28
232000.0,65.0,3,34080,3.832413,43.634911,2023,2023-07-31
160000.0,46.0,2,34090,3.850333,43.624935,2023,2023-08-04
235650.0,68.0,3,34080,3.834542,43.630442,2023,2023-08-08
307500.0,91.0,5,34070,3.865371,43.600934,2023,2023-08-10
102000.0,47.0,2,34080,3.826673,43.614489,2023,2023-07-31
92200.0,25.0,1,34000,3.8693,43.614403,2023,2023-08-10
138500.0,50.0,3,34000,3.884316,43.601918,2023,2023-08-04
142000.0,60.0,3,34070,3.88571,43.584374,2023,2023-07-25
257700.0,74.0,4,34000,3.899475,43.61403,2023,2023-08-08
136792.0,39.0,2,34000,3.868522,43.603126,2023,2023-08-17
207000.0,67.0,2,34080,3.837119,43.630166,2023,2023-07-31
118000.0,34.0,1,34090,3.874979,43.628781,2023,2023-08-04
182000.0,36.0,2,34070,3.893988,43.598542,2023,2023-08-08
243868.69,77.0,2,34070,3.892873,43.603053,2023,2023-08-08
129000.0,30.0,1,34000,3.893083,43.609122,2023,2023-08-03
183000.0,48.0,2,34090,3.880088,43.619031,2023,2023-08-02
139000.0,39.0,2,34000,3.891104,43.606692,2023,2023-08-18
185000.0,51.0,2,34000,3.865191,43.613524,2023,2023-07-28
255000.0,117.0,6,34070,3.846077,43.61599,2023,2023-07-31
200000.0,68.0,3,34070,3.889884,43.595585,2023,2023-08-22
137000.0,36.0,2,34070,3.893722,43.60234,2023,2023-07-25
180000.0,35.0,2,34070,3.893724,43.602181,2023,2023-08-22
155000.0,58.0,3,34090,3.860747,43.619028,2023,2023-08-18
106000.0,78.0,4,34070,3.886522,43.592608,2023,2023-08-17
71560.0,42.0,2,34080,3.826908,43.615558,2023,2023-08-17
311110.0,72.0,3,34070,3.864262,43.585455,2023,2023-07-28
280000.0,65.0,3,34000,3.903771,43.607477,2023,2023-07-28
173000.0,73.0,4,34070,3.868421,43.594405,2023,2023-08-24
204045.0,67.0,4,34000,3.888198,43.620449,2023,2023-08-18
169502.0,68.0,4,34070,3.885032,43.591232,2023,2023-08-10
618000.0,175.0,4,34000,3.873613,43.607527,2023,2023-08-21
255000.0,63.0,3,34000,3.910693,43.607951,2023,2023-08-09
70000.0,33.0,1,34000,3.88786,43.60634,2023,2023-08-18
155930.0,48.0,2,34000,3.889851,43.604663,2023,2023-08-01
207100.0,45.0,2,34070,3.865319,43.589942,2023,2023-08-10
40000.0,23.0,1,34080,3.83588,43.621424,2023,2023-08-24
245500.0,94.0,5,34070,3.862576,43.60379,2023,2023-08-18
158650.0,72.0,4,34080,3.834593,43.614124,2023,2023-08-24
97000.0,74.0,4,34070,3.867021,43.595401,2023,2023-08-11
175000.0,66.0,4,34090,3.863934,43.623815,2023,2023-08-18
141410.0,28.0,2,34000,3.877987,43.60916,2023,2023-08-21
95000.0,30.0,1,34070,3.875712,43.593971,2023,2023-08-03
151600.0,42.0,2,34070,3.842863,43.604698,2023,2023-07-25
162050.0,79.0,4,34070,3.873296,43.595523,2023,2023-08-16
160000.0,47.0,2,34070,3.83598,43.597454,2023,2023-08-22
310510.0,92.0,4,34070,3.874633,43.591677,2023,2023-08-07
160000.0,76.0,3,34070,3.886305,43.593939,2023,2023-08-04
424411.0,158.0,5,34000,3.908068,43.608756,2023,2023-07-28
155000.0,43.0,2,34070,3.886312,43.602319,2023,2023-08-21
213638.0,40.0,2,34080,3.848437,43.625109,2023,2023-08-21
401000.0,98.0,4,34070,3.853976,43.588185,2023,2023-08-22
234200.0,92.0,4,34090,3.846269,43.628377,2023,2023-08-23
97700.0,75.0,3,34070,3.868421,43.594405,2023,2023-08-22
66700.0,19.0,1,34090,3.852657,43.623307,2023,2023-08-22
65200.0,18.0,1,34090,3.852553,43.621567,2023,2023-08-24
107500.0,24.0,1,34090,3.871707,43.63308,2023,2023-08-24
131500.0,37.0,2,34080,3.847271,43.619339,2023,2023-08-23
215000.0,81.0,4,34070,3.86213,43.604886,2023,2023-08-16
67000.0,21.0,1,34090,3.854352,43.622296,2023,2023-08-21
324850.0,68.0,3,34000,3.900205,43.597928,2023,2023-07-28
89158.0,63.0,4,34000,3.870333,43.60772,2023,2023-07-26
122500.0,51.0,2,34000,3.882333,43.606403,2023,2023-07-28
439850.0,81.0,4,34000,3.871024,43.601301,2023,2023-08-07
83500.0,23.0,2,34000,3.877905,43.605133,2023,2023-08-21
122000.0,46.0,2,34000,3.87698,43.607279,2023,2023-08-10
67990.0,19.0,1,34090,3.864641,43.624832,2023,2023-08-04
192500.0,67.0,4,34000,3.860218,43.614319,2023,2023-08-08
95000.0,22.0,1,34070,3.862383,43.588723,2023,2023-08-21
184700.0,56.0,3,34070,3.870184,43.598924,2023,2023-08-02
252900.0,78.0,4,34000,3.882333,43.606403,2023,2023-06-22
460000.0,144.0,4,34000,3.877839,43.605667,2023,2023-08-02
99000.0,22.0,1,34090,3.877048,43.621493,2023,2023-08-01
75000.0,28.0,1,34090,3.842283,43.628897,2023,2023-07-10
195000.0,50.0,3,34000,3.873671,43.611745,2023,2023-07-28
199375.0,77.0,4,34070,3.838662,43.607895,2023,2023-08-17
72000.0,19.0,1,34000,3.868474,43.606501,2023,2023-08-18
308000.0,69.0,3,34070,3.853976,43.588185,2023,2023-08-11
115000.0,73.0,4,34070,3.868421,43.594405,2023,2023-08-17
344800.0,69.0,3,34000,3.877893,43.604183,2023,2023-08-21
285950.0,63.0,3,34000,3.889734,43.606871,2023,2023-08-25
153000.0,28.0,2,34000,3.895747,43.610904,2023,2023-08-23
157000.0,71.0,3,34090,3.854344,43.620476,2023,2023-08-09
470500.0,74.0,3,34070,3.860615,43.609162,2023,2023-07-28
170000.0,72.0,5,34000,3.869871,43.604184,2023,2023-08-03
88500.0,25.0,1,34090,3.833475,43.639115,2023,2023-08-07
157670.0,60.0,3,34070,3.885539,43.594369,2023,2023-08-24
118500.0,33.0,2,34070,3.853608,43.585779,2023,2023-08-01
133150.0,28.0,1,34000,3.880136,43.601518,2023,2023-08-24
135000.0,42.0,2,34000,3.868609,43.606546,2023,2023-08-22
85000.0,21.0,1,34090,3.838355,43.640196,2023,2023-08-18
430700.0,123.0,4,34090,3.869151,43.63891,2023,2023-08-24
93000.0,20.0,1,34090,3.85444,43.620964,2023,2023-08-03
86072.0,27.0,1,34000,3.874063,43.600755,2023,2023-08-11
182000.0,42.0,2,34000,3.908881,43.610502,2023,2023-08-24
155000.0,46.0,2,34090,3.863668,43.623358,2023,2023-07-28
228750.0,50.0,2,34000,3.883587,43.621994,2023,2023-08-03
92000.0,24.0,1,34090,3.854339,43.623523,2023,2023-08-02
185000.0,48.0,2,34090,3.856655,43.639738,2023,2023-08-03
294900.0,61.0,3,34070,3.862978,43.617611,2023,2023-08-11
370000.0,81.0,3,34000,3.908881,43.610502,2023,2023-07-27
78900.0,19.0,1,34090,3.864641,43.624832,2023,2023-08-17
149000.0,60.0,3,34070,3.851154,43.607077,2023,2023-08-09
115220.0,26.0,1,34000,3.8767,43.608076,2023,2023-08-18
222000.0,46.0,2,34090,3.890415,43.626626,2023,2023-08-02
74000.0,20.0,1,34080,3.832006,43.620973,2023,2023-08-03
163000.0,55.0,2,34000,3.871638,43.605132,2023,2023-08-01
142000.0,73.0,4,34070,3.868421,43.594405,2023,2023-08-22
362500.0,73.0,3,34000,3.895154,43.60583,2023,2023-08-18
113100.0,27.0,2,34000,3.867305,43.60917,2023,2023-08-21
162450.0,60.0,3,34080,3.819438,43.637329,2023,2023-08-21
97800.0,35.0,2,34080,3.83588,43.621424,2023,2023-08-29
351100.0,110.0,5,34080,3.834267,43.631002,2023,2023-08-22
160000.0,55.0,3,34000,3.870284,43.603181,2023,2023-08-02
270000.0,83.0,3,34070,3.85393,43.613332,2023,2023-08-04
162500.0,55.0,2,34000,3.884908,43.609836,2023,2023-08-28
158801.08,38.0,1,34000,3.875396,43.60719,2023,2023-08-10
170000.0,40.0,2,34000,3.911367,43.61604,2023,2023-08-23
219650.0,48.0,2,34090,3.877104,43.615745,2023,2023-08-28
162000.0,57.0,3,34000,3.858643,43.618409,2023,2023-08-23
90000.0,19.0,1,34000,3.878575,43.602153,2023,2023-07-18
66500.0,23.0,1,34090,3.849118,43.636798,2023,2023-08-22
92000.0,30.0,1,34090,3.874979,43.628781,2023,2023-08-29
207000.0,68.0,3,34080,3.831666,43.63305,2023,2023-08-23
89960.0,22.0,1,34090,3.874769,43.617359,2023,2023-08-08
159005.0,32.0,1,34000,3.898933,43.612319,2023,2023-08-10
93850.0,19.0,1,34090,3.873428,43.619943,2023,2023-08-25
68000.0,17.0,1,34090,3.852553,43.621567,2023,2023-08-28
150000.0,69.0,2,34000,3.876664,43.604293,2023,2023-08-25
215550.0,73.0,3,34070,3.837647,43.604385,2023,2023-08-22
79652.86,19.0,1,34090,3.864641,43.624832,2023,2023-08-17
80000.0,26.0,1,34090,3.842283,43.628897,2023,2023-07-20
295000.0,98.0,3,34000,3.879166,43.60214,2023,2023-08-23
287000.0,63.0,3,34000,3.905033,43.599173,2023,2023-08-23
74000.0,26.0,1,34080,3.83588,43.621424,2023,2023-08-31
167000.0,51.0,3,34090,3.859919,43.627462,2023,2023-08-23
225000.0,56.0,3,34000,3.903442,43.606776,2023,2023-08-09
98000.0,29.0,2,34000,3.871718,43.608219,2023,2023-08-16
140000.0,49.0,2,34070,3.837829,43.598378,2023,2023-08-10
275000.0,61.0,4,34000,3.880262,43.60207,2023,2023-08-18
440050.0,100.0,2,34000,3.907961,43.607285,2023,2023-08-25
131900.0,20.0,1,34000,3.901244,43.620771,2023,2023-08-28
316400.0,84.0,4,34000,3.901244,43.620771,2023,2023-08-28
50000.0,34.0,1,34070,3.86336,43.603421,2023,2023-08-11
172100.0,68.0,3,34080,3.844554,43.61491,2023,2023-08-17
126350.0,26.0,1,34000,3.874823,43.610618,2023,2023-08-29
379000.0,60.0,2,34090,3.872535,43.618167,2023,2023-08-09
100150.0,20.0,1,34090,3.869792,43.638598,2023,2023-08-30
70000.0,27.0,1,34080,3.82318,43.614018,2023,2023-08-16
274000.0,79.0,3,34070,3.86604,43.596752,2023,2023-08-29
180000.0,67.0,4,34070,3.890712,43.601006,2023,2023-08-10
235800.0,72.0,3,34000,3.869124,43.605132,2023,2023-08-08
363060.0,67.0,3,34000,3.865046,43.617413,2023,2023-08-25
219890.0,68.0,1,34000,3.881499,43.604476,2023,2023-08-09
226000.0,88.0,4,34090,3.864915,43.623321,2023,2023-08-31
195700.0,81.0,4,34080,3.822001,43.624263,2023,2023-09-01
227500.0,64.0,3,34070,3.886635,43.601341,2023,2023-08-31
269200.0,80.0,4,34070,3.857287,43.581455,2023,2023-09-01
535000.0,158.0,5,34000,3.877926,43.607869,2023,2023-08-21
92000.0,78.0,4,34070,3.886522,43.592608,2023,2023-08-22
256500.0,58.0,2,34000,3.86907,43.602202,2023,2023-08-30
93000.0,57.0,3,34070,3.886522,43.592608,2023,2023-08-22
250000.0,71.0,3,34090,3.876765,43.625611,2023,2023-08-31
140530.0,80.0,4,34070,3.846884,43.597677,2023,2023-08-09
90467.0,24.0,1,34090,3.847191,43.62597,2023,2023-08-21
252925.0,75.0,3,34070,3.860218,43.582009,2023,2023-08-28
215000.0,76.0,4,34070,3.87077,43.597489,2023,2023-08-31
94150.0,30.0,2,34090,3.872591,43.622396,2023,2023-08-08
215000.0,59.0,3,34090,3.86721,43.623204,2023,2023-08-30
191813.0,54.0,3,34070,3.862383,43.588723,2023,2023-08-18
120000.0,43.0,1,34000,3.872025,43.606087,2023,2023-08-31
196950.0,40.0,2,34070,3.858866,43.612124,2023,2023-09-04
135000.0,44.0,2,34070,3.867232,43.59711,2023,2023-08-30
174000.0,48.0,2,34090,3.86459,43.623157,2023,2023-08-31
135000.0,43.0,2,34090,3.837803,43.639037,2023,2023-08-17
299000.0,78.0,4,34070,3.893464,43.593694,2023,2023-08-18
245000.0,82.0,4,34070,3.847497,43.590607,2023,2023-08-29
253600.0,58.0,3,34070,3.8933,43.599944,2023,2023-09-01
195305.0,49.0,2,34070,3.887477,43.604757,2023,2023-08-25
124000.0,40.0,1,34000,3.883557,43.602167,2023,2023-09-05
124850.0,30.0,1,34000,3.888465,43.621058,2023,2023-08-31
271000.0,91.0,4,34070,3.854115,43.600002,2023,2023-08-30
190000.0,48.0,2,34090,3.882154,43.624863,2023,2023-09-01
100000.0,29.0,1,34000,3.878592,43.6126,2023,2023-08-11
161700.0,80.0,4,34080,3.825338,43.614042,2023,2023-08-30
208800.0,71.0,4,34070,3.856047,43.609575,2023,2023-08-29
385000.0,74.0,3,34000,3.900839,43.59718,2023,2023-08-29
85000.0,28.0,1,34070,3.851522,43.615671,2023,2023-09-01
216000.0,50.0,3,34080,3.830573,43.633376,2023,2023-08-28
568000.0,139.0,6,34000,3.872597,43.610609,2023,2023-09-05
148000.0,73.0,4,34070,3.868794,43.594206,2023,2023-09-05
489600.0,99.0,4,34090,3.873303,43.617788,2023,2023-08-11
151500.0,67.0,3,34090,3.857481,43.631276,2023,2023-09-06
188500.0,64.0,3,34070,3.867508,43.59242,2023,2023-08-31
180000.0,34.0,2,34090,3.875986,43.615973,2023,2023-09-06
119000.0,24.0,1,34090,3.860056,43.640959,2023,2023-08-31
78574.95,22.0,1,34080,3.826908,43.615558,2023,2023-08-30
154570.0,37.0,2,34070,3.857153,43.582955,2023,2023-08-29
211000.0,42.0,2,34000,3.897996,43.603349,2023,2023-08-31
290000.0,110.0,5,34000,3.876859,43.609663,2023,2023-08-16
375000.0,64.0,3,34000,3.869048,43.615726,2023,2023-08-31
158970.0,36.0,2,34000,3.88281,43.604611,2023,2023-09-04
190000.0,44.0,2,34000,3.877452,43.606788,2023,2023-09-06
54000.0,17.0,1,34080,3.837947,43.613467,2023,2023-08-29
163800.0,44.0,2,34070,3.859911,43.581747,2023,2023-08-10
142000.0,39.0,2,34090,3.844744,43.633909,2023,2023-08-31
120000.0,29.0,2,34000,3.873389,43.606631,2023,2023-08-30
196150.0,54.0,2,34090,3.869215,43.617234,2023,2023-08-10
628470.0,136.0,6,34000,3.879495,43.609925,2023,2023-08-08
310500.0,74.0,3,34000,3.90381,43.602447,2023,2023-09-05
208000.0,88.0,4,34070,3.864628,43.594644,2023,2023-09-06
97000.0,34.0,1,34090,3.861775,43.628571,2023,2023-09-04
96000.0,22.0,1,34090,3.846267,43.632539,2023,2023-09-04
109400.0,52.0,2,34080,3.829431,43.613449,2023,2023-09-01
163000.0,41.0,2,34070,3.865756,43.585058,2023,2023-08-30
200000.0,61.0,3,34070,3.86751,43.591005,2023,2023-09-05
179000.0,41.0,2,34000,3.904075,43.607733,2023,2023-08-29
131350.0,35.0,2,34090,3.829663,43.640489,2023,2023-09-05
109300.0,68.0,4,34070,3.885032,43.591232,2023,2023-07-31
90000.0,55.0,3,34070,3.886522,43.592608,2023,2023-09-04
131309.0,28.0,1,34000,3.88406,43.606089,2023,2023-08-28
117000.0,46.0,2,34080,3.82818,43.615383,2023,2023-09-08
159252.0,42.0,2,34070,3.883146,43.595795,2023,2023-08-30
150000.0,51.0,2,34090,3.869084,43.622074,2023,2023-09-07
273000.0,80.0,3,34070,3.850997,43.588957,2023,2023-08-31
212000.0,63.0,3,34000,3.89053,43.606605,2023,2023-08-31
214000.0,73.0,3,34000,3.870658,43.608256,2023,2023-09-04
197000.0,62.0,3,34000,3.876541,43.609886,2023,2023-09-11
620000.0,106.0,3,34000,3.874376,43.607176,2023,2023-09-04
193000.0,47.0,3,34000,3.87237,43.604869,2023,2023-08-29
183650.0,47.0,3,34000,3.875716,43.612496,2023,2023-08-25
181000.0,79.0,4,34070,3.846225,43.615092,2023,2023-09-04
74200.0,21.0,1,34000,3.874114,43.610586,2023,2023-09-08
183000.0,40.0,2,34000,3.872146,43.608027,2023,2023-09-05
83800.0,19.0,1,34090,3.865128,43.61914,2023,2023-08-30
106020.0,71.0,2,34070,3.842618,43.608378,2023,2023-09-06
377310.0,68.0,3,34000,3.899793,43.597635,2023,2023-08-31
90000.0,40.0,2,34070,3.867128,43.596109,2023,2023-08-28
93000.0,22.0,1,34000,3.884308,43.602273,2023,2023-08-31
160000.0,53.0,3,34070,3.864364,43.597896,2023,2023-09-01
130000.0,25.0,1,34090,3.864054,43.639624,2023,2023-08-31
127949.0,38.0,2,34090,3.836081,43.641095,2023,2023-09-01
246000.0,85.0,3,34070,3.867243,43.60568,2023,2023-08-29
231300.0,72.0,3,34070,3.854115,43.600002,2023,2023-08-29
162850.0,44.0,2,34070,3.839562,43.597492,2023,2023-08-28
161500.0,51.0,3,34090,3.859919,43.627462,2023,2023-09-07
215750.0,43.0,2,34000,3.875113,43.608573,2023,2023-09-06
93000.0,32.0,1,34080,3.847504,43.62381,2023,2023-08-29
203890.0,67.0,3,34070,3.839562,43.597492,2023,2023-08-28
190000.0,39.0,2,34000,3.885496,43.626822,2023,2023-09-08
64200.0,23.0,1,34080,3.849301,43.621547,2023,2023-09-11
98000.0,43.0,2,34070,3.872022,43.588971,2023,2023-07-17
161011.8,39.0,1,34000,3.873675,43.603204,2023,2023-08-28
145000.0,32.0,2,34000,3.876213,43.603687,2023,2023-09-06
56000.0,19.0,1,34000,3.870132,43.60253,2023,2023-09-11
334000.0,123.0,4,34070,3.864743,43.587044,2023,2023-08-30
113690.0,46.0,2,34090,3.852303,43.620818,2023,2023-08-30
73450.0,18.0,1,34090,3.870352,43.628869,2023,2023-09-07
105000.0,26.0,1,34000,3.885853,43.606513,2023,2023-09-06
77000.0,30.0,1,34080,3.82818,43.615383,2023,2023-08-04
211550.0,70.0,3,34000,3.88786,43.60634,2023,2023-09-07
102850.0,23.0,1,34070,3.858697,43.612939,2023,2023-09-11
207000.0,67.0,3,34000,3.898341,43.619325,2023,2023-09-08
108750.0,31.0,1,34080,3.832006,43.620973,2023,2023-08-22
168400.0,79.0,5,34070,3.875352,43.594452,2023,2023-08-25
88000.0,17.0,1,34090,3.873657,43.624511,2023,2023-09-08
35000.0,19.0,1,34070,3.866027,43.598852,2023,2023-08-29
319500.0,103.0,4,34070,3.86604,43.596752,2023,2023-08-24
92000.0,21.0,1,34090,3.84607,43.629043,2023,2023-09-01
164900.0,45.0,2,34000,3.910818,43.60635,2023,2023-09-08
242500.0,62.0,3,34070,3.858068,43.580812,2023,2023-08-16
121990.0,24.0,1,34000,3.878575,43.602153,2023,2023-08-25
71500.0,15.0,1,34000,3.874338,43.608373,2023,2023-08-25
225000.0,46.0,2,34090,3.878395,43.61887,2023,2023-08-21
82000.0,18.0,1,34090,3.856655,43.631871,2023,2023-08-24
75650.0,22.0,1,34090,3.852553,43.621567,2023,2023-09-01
210000.0,67.0,3,34080,3.834542,43.630442,2023,2023-09-05
160000.0,84.0,3,34090,3.87722,43.616902,2023,2023-09-01
74506.0,17.0,1,34090,3.852553,43.621567,2023,2023-09-06
158550.0,50.0,2,34070,3.859111,43.584012,2023,2023-09-05
155000.0,69.0,3,34070,3.846077,43.61599,2023,2023-09-04
211000.0,55.0,2,34000,3.893338,43.614081,2023,2023-09-07
219500.0,87.0,4,34080,3.829221,43.615924,2023,2023-09-14
205000.0,59.0,3,34070,3.851277,43.58873,2023,2023-09-11
205000.0,72.0,2,34070,3.859967,43.611912,2023,2023-09-05
124700.0,45.0,2,34070,3.864542,43.600512,2023,2023-09-01
99000.0,23.0,1,34090,3.860056,43.640959,2023,2023-09-01
124800.0,52.0,2,34080,3.849301,43.621547,2023,2023-08-01
137000.0,29.0,1,34090,3.840041,43.639678,2023,2023-09-11
93345.0,22.0,1,34000,3.877621,43.606893,2023,2023-08-24
197500.0,88.0,4,34070,3.864628,43.594644,2023,2023-08-18
177000.0,48.0,2,34090,3.842617,43.640476,2023,2023-08-31
176800.0,50.0,1,34000,3.878273,43.613799,2023,2023-09-01
175000.0,47.0,2,34070,3.860218,43.582009,2023,2023-09-14
216000.0,84.0,4,34070,3.865371,43.600934,2023,2023-08-31
148000.0,47.0,2,34090,3.871303,43.626414,2023,2023-09-01
288400.0,62.0,3,34000,3.880869,43.601676,2023,2023-09-06
391990.0,79.0,4,34090,3.871172,43.625552,2023,2023-08-31
123007.0,34.0,2,34070,3.872837,43.591179,2023,2023-08-25
213150.0,62.0,3,34090,3.869184,43.626617,2023,2023-09-12
333400.0,90.0,3,34000,3.868375,43.602068,2023,2023-09-11
45000.0,23.0,1,34000,3.870132,43.60253,2023,2023-09-06
501550.0,150.0,5,34070,3.862978,43.617611,2023,2023-09-15
718800.0,160.0,5,34000,3.877465,43.609216,2023,2023-09-15
195000.0,68.0,3,34090,3.838533,43.636989,2023,2023-09-08
142000.0,58.0,3,34070,3.8555,43.605346,2023,2023-08-29
92500.0,22.0,1,34070,3.862328,43.605628,2023,2023-09-11
150000.0,53.0,2,34070,3.86336,43.603421,2023,2023-09-11
196000.0,90.0,3,34090,3.877336,43.626783,2023,2023-09-13
198000.0,59.0,3,34090,3.837875,43.6391,2023,2023-09-12
129000.0,35.0,2,34080,3.847488,43.62327,2023,2023-09-08
211000.0,64.0,3,34070,3.85352,43.587716,2023,2023-09-14
265000.0,67.0,3,34090,3.877231,43.622493,2023,2023-09-13
137220.0,32.0,2,34000,3.887367,43.603241,2023,2023-09-05
161760.0,81.0,4,34080,3.832483,43.615372,2023,2023-08-21
381000.0,75.0,4,34000,3.905033,43.599173,2023,2023-09-04
100000.0,23.0,1,34000,3.897523,43.60294,2023,2023-08-21
127000.0,33.0,1,34000,3.902916,43.610334,2023,2023-09-07
195000.0,109.0,1,34000,3.876124,43.607391,2023,2023-09-08
105000.0,31.0,2,34090,3.84402,43.641391,2023,2023-09-15
213000.0,72.0,3,34000,3.907872,43.609407,2023,2023-09-11
173000.0,50.0,3,34000,3.874801,43.615604,2023,2023-09-13
99000.0,22.0,1,34090,3.877048,43.621493,2023,2023-09-11
230000.0,65.0,3,34000,3.889488,43.60778,2023,2023-09-11
134934.0,71.0,4,34070,3.871429,43.595557,2023,2023-09-01
100000.0,17.0,1,34000,3.874949,43.609904,2023,2023-09-12
134750.0,34.0,2,34090,3.856986,43.637838,2023,2023-09-14
217500.0,66.0,4,34070,3.882335,43.595027,2023,2023-09-02
180450.0,110.0,4,34090,3.879837,43.623972,2023,2023-09-13
50000.0,17.0,1,34080,3.837947,43.613467,2023,2023-09-12
79000.0,18.0,1,34080,3.8436,43.635123,2023,2023-09-11
302100.0,60.0,3,34090,3.870983,43.625988,2023,2023-09-01
145000.0,45.0,3,34000,3.869153,43.605561,2023,2023-09-13
135000.0,40.0,2,34000,3.891532,43.606104,2023,2023-09-11
68000.0,27.0,1,34000,3.882631,43.604746,2023,2023-09-07
150000.0,49.0,2,34070,3.846875,43.59517,2023,2023-09-14
87870.0,21.0,1,34080,3.82294,43.615311,2023,2023-09-06
396330.0,70.0,3,34000,3.903563,43.599184,2023,2023-09-01
256000.0,63.0,3,34070,3.857153,43.582955,2023,2023-09-05
184900.0,41.0,2,34090,3.838355,43.640196,2023,2023-08-29
126340.0,33.0,2,34000,3.868682,43.614331,2023,2023-09-13
96000.0,21.0,1,34000,3.897996,43.603349,2023,2023-09-15
165000.0,50.0,2,34080,3.835318,43.632845,2023,2023-09-06
136500.0,35.0,2,34000,3.891185,43.60927,2023,2023-08-30
153100.0,66.0,3,34070,3.837082,43.598685,2023,2023-09-11
275500.0,45.0,2,34000,3.898142,43.605826,2023,2023-09-11
236500.0,83.0,4,34070,3.858111,43.586718,2023,2023-08-22
188000.0,53.0,3,34000,3.860946,43.614233,2023,2023-09-12
326200.0,72.0,3,34090,3.878987,43.622238,2023,2023-09-13
332500.0,59.0,3,34090,3.871391,43.62885,2023,2023-09-07
163000.0,40.0,2,34090,3.875097,43.616362,2023,2023-09-11
77800.0,21.0,1,34090,3.855248,43.621569,2023,2023-09-19
60500.0,14.0,1,34070,3.883719,43.604775,2023,2023-09-15
259500.0,72.0,3,34090,3.872686,43.636985,2023,2023-08-31
65000.0,16.0,1,34090,3.875214,43.616827,2023,2023-08-03
105000.0,25.0,1,34090,3.849118,43.636798,2023,2023-08-22
131000.0,55.0,3,34070,3.844998,43.595063,2023,2023-08-31
111420.0,25.0,1,34090,3.849118,43.636798,2023,2023-09-15
117500.0,65.0,4,34070,3.886364,43.590361,2023,2023-09-14
129900.0,63.0,3,34080,3.851374,43.623156,2023,2023-08-26
225000.0,42.0,2,34000,3.893176,43.605845,2023,2023-09-18
132000.0,67.0,3,34070,3.884236,43.593969,2023,2023-09-05
58000.0,12.0,1,34090,3.84562,43.627769,2023,2023-09-13
149950.0,44.0,2,34070,3.82571,43.610805,2023,2023-09-19
92645.0,21.0,1,34090,3.845226,43.628659,2023,2023-09-15
352800.0,71.0,4,34000,3.865191,43.613524,2023,2023-08-30
270000.0,89.0,4,34000,3.872263,43.599476,2023,2023-09-05
107200.0,57.0,3,34070,3.885032,43.591232,2023,2023-09-13
123000.0,30.0,1,34000,3.876664,43.604293,2023,2023-09-13
124000.0,27.0,1,34090,3.85444,43.620964,2023,2023-09-07
146000.0,67.0,4,34070,3.870959,43.596801,2023,2023-09-12
150000.0,46.0,2,34090,3.872926,43.637811,2023,2023-09-06
519800.0,193.0,6,34000,3.877067,43.612146,2023,2023-09-12
70000.0,29.0,1,34000,3.866773,43.606795,2023,2023-09-20
125800.0,47.0,2,34080,3.840425,43.62456,2023,2023-09-13
170000.0,105.0,6,34080,3.841541,43.621563,2023,2023-09-20
152650.0,40.0,2,34070,3.853903,43.590045,2023,2023-09-14
220460.0,90.0,5,34070,3.857382,43.593153,2023,2023-09-21
115000.0,85.0,3,34090,3.885254,43.625056,2023,2023-09-01
430000.0,87.0,3,34000,3.863083,43.61359,2023,2023-08-30
170000.0,44.0,2,34000,3.897641,43.601983,2023,2023-09-20
261100.0,66.0,3,34000,3.901244,43.620771,2023,2023-08-29
134000.0,29.0,1,34000,3.873333,43.60452,2023,2023-09-07
290000.0,62.0,3,34000,3.864811,43.612519,2023,2023-09-06
91450.0,18.0,1,34080,3.8436,43.635123,2023,2023-09-12
167620.0,54.0,2,34070,3.853903,43.590045,2023,2023-09-19
149000.0,86.0,4,34070,3.886305,43.593939,2023,2023-09-12
115000.0,54.0,2,34080,3.832496,43.61157,2023,2023-09-21
111130.0,58.0,3,34070,3.859377,43.58258,2023,2023-09-01
290200.0,83.0,4,34080,3.829267,43.634493,2023,2023-09-12
137000.0,53.0,2,34070,3.852744,43.615846,2023,2023-09-11
82000.0,25.0,1,34090,3.857257,43.621294,2023,2023-09-06
188300.0,42.0,2,34000,3.902597,43.598364,2023,2023-09-08
192400.0,52.0,2,34090,3.888223,43.629318,2023,2023-09-20
167268.0,47.0,2,34070,3.840705,43.592678,2023,2023-08-31
134900.0,65.0,3,34070,3.86213,43.604886,2023,2023-09-01
145900.0,43.0,2,34000,3.881974,43.616061,2023,2023-09-04
293000.0,75.0,2,34000,3.867343,43.60535,2023,2023-09-22
190000.0,69.0,3,34000,3.858643,43.618409,2023,2023-09-14
94000.0,50.0,2,34070,3.868984,43.592641,2023,2023-09-15
71000.0,17.0,1,34000,3.873675,43.603204,2023,2023-09-18
104700.0,30.0,1,34000,3.895464,43.608606,2023,2023-09-19
250000.0,79.0,4,34000,3.894581,43.603675,2023,2023-09-19
241200.0,51.0,3,34090,3.876507,43.617521,2023,2023-09-06
285000.0,78.0,4,34070,3.893464,43.593694,2023,2023-09-20
188600.0,55.0,2,34000,3.887106,43.605408,2023,2023-09-05
264250.0,76.0,4,34070,3.850308,43.589542,2023,2023-09-06
176700.0,88.0,4,34070,3.863319,43.604448,2023,2023-09-13
238000.0,60.0,3,34070,3.858068,43.580812,2023,2023-09-19
84000.0,21.0,1,34000,3.878938,43.601675,2023,2023-09-19
126900.0,47.0,2,34000,3.878055,43.609714,2023,2023-09-21
198400.0,46.0,3,34000,3.888465,43.621058,2023,2023-08-30
180000.0,66.0,3,34000,3.86804,43.606208,2023,2023-09-15
287120.0,67.0,3,34000,3.892867,43.612721,2023,2023-09-06
160000.0,46.0,2,34080,3.846235,43.622413,2023,2023-09-08
211600.0,75.0,4,34070,3.850341,43.614497,2023,2023-09-18
109900.0,23.0,1,34000,3.884479,43.606502,2023,2023-09-07
349000.0,63.0,3,34000,3.902657,43.597912,2023,2023-09-22
95000.0,28.0,1,34090,3.871224,43.627565,2023,2023-09-18
155710.0,30.0,1,34000,3.869346,43.609565,2023,2023-09-19
30000.0,22.0,1,34090,3.844188,43.640541,2023,2023-09-15
90000.0,30.0,2,34070,3.851241,43.616024,2023,2023-09-21
155000.0,32.0,2,34000,3.888865,43.607507,2023,2023-09-22
133720.0,70.0,3,34070,3.839643,43.614007,2023,2023-09-13
156200.0,50.0,2,34080,3.839996,43.617962,2023,2023-09-18
149000.0,42.0,2,34090,3.861166,43.618947,2023,2023-09-18
102000.0,29.0,1,34090,3.86022,43.636151,2023,2023-09-22
172796.0,59.0,3,34070,3.853732,43.615661,2023,2023-09-05
120000.0,68.0,4,34070,3.884143,43.596092,2023,2023-09-07
117000.0,35.0,2,34090,3.844259,43.636956,2023,2023-09-19
177000.0,66.0,3,34070,3.892468,43.592944,2023,2023-09-07
282050.0,78.0,4,34070,3.890619,43.599089,2023,2023-09-05
145000.0,58.0,3,34080,3.822144,43.623868,2023,2023-09-26
165000.0,47.0,2,34000,3.897826,43.606536,2023,2023-09-26
52500.0,18.0,1,34070,3.893446,43.599784,2023,2023-09-19
240150.0,57.0,3,34000,3.889544,43.615163,2023,2023-09-19
496000.0,101.0,3,34000,3.880076,43.610025,2023,2023-09-21
104000.0,36.0,2,34090,3.833475,43.639115,2023,2023-09-27
86000.0,26.0,1,34000,3.873228,43.612083,2023,2023-06-27
122500.0,32.0,1,34000,3.877667,43.606646,2023,2023-09-21
135350.0,61.0,3,34070,3.868421,43.594405,2023,2023-09-25
225000.0,47.0,2,34090,3.86319,43.62079,2023,2023-09-20
132000.0,43.0,2,34070,3.872022,43.588971,2023,2023-09-11
182000.0,47.0,2,34070,3.860218,43.582009,2023,2023-08-31
346900.0,61.0,3,34000,3.877324,43.612098,2023,2023-09-20
159800.0,35.0,2,34000,3.898207,43.617475,2023,2023-08-31
796500.0,234.0,7,34000,3.874999,43.607348,2023,2023-09-21
233200.0,80.0,4,34000,3.897803,43.619893,2023,2023-09-18
85000.0,19.0,1,34090,3.865128,43.61914,2023,2023-09-19
123310.0,25.0,1,34000,3.883289,43.601512,2023,2023-09-21
165000.0,50.0,2,34090,3.857702,43.633263,2023,2023-08-25
201600.0,66.0,3,34000,3.894306,43.623446,2023,2023-08-31
344450.0,75.0,3,34000,3.89053,43.606605,2023,2023-09-20
244500.0,65.0,3,34070,3.863301,43.608225,2023,2023-09-07
158000.0,54.0,2,34070,3.853028,43.587231,2023,2023-09-15
213500.0,74.0,4,34000,3.875085,43.610337,2023,2023-09-25
253000.0,57.0,3,34000,3.894581,43.603675,2023,2023-09-22
160493.0,42.0,2,34070,3.853732,43.615661,2023,2023-09-25
122500.0,25.0,2,34000,3.897996,43.603349,2023,2023-09-25
133600.0,60.0,3,34080,3.834109,43.611988,2023,2023-09-25
54000.0,23.0,1,34080,3.844517,43.622445,2023,2023-09-20
123930.0,51.0,3,34000,3.869327,43.606398,2023,2023-09-12
74100.0,20.0,1,34000,3.876202,43.611842,2023,2023-09-29
284170.0,92.0,4,34070,3.851083,43.609851,2023,2023-09-06
233000.0,44.0,2,34070,3.858532,43.579675,2023,2023-09-22
297800.0,109.0,5,34070,3.854115,43.600002,2023,2023-09-07
80000.0,23.0,1,34090,3.872046,43.631978,2023,2023-09-22
187370.0,67.0,3,34070,3.856765,43.603863,2023,2023-09-22
150000.0,47.0,2,34070,3.837082,43.598685,2023,2023-09-19
270000.0,68.0,3,34000,3.902474,43.601863,2023,2023-09-29
86500.0,23.0,1,34090,3.849118,43.636798,2023,2023-09-25
226000.0,58.0,3,34070,3.850346,43.590355,2023,2023-09-27
155850.0,41.0,2,34090,3.859971,43.641182,2023,2023-09-13
110000.0,66.0,3,34080,3.814024,43.639114,2023,2023-09-28
91750.0,21.0,1,34090,3.873526,43.619335,2023,2023-09-21
205000.0,48.0,2,34000,3.877991,43.608622,2023,2023-09-12
171000.0,50.0,2,34000,3.902916,43.610334,2023,2023-09-15
128640.0,40.0,2,34070,3.849169,43.590632,2023,2023-09-19
143000.0,44.0,2,34080,3.8442,43.632006,2023,2023-09-19
135000.0,47.0,2,34080,3.829221,43.615924,2023,2023-10-02
289000.0,74.0,4,34000,3.878062,43.604654,2023,2023-09-12
115000.0,61.0,3,34080,3.836162,43.611225,2023,2023-10-02
99000.0,23.0,1,34090,3.872184,43.619473,2023,2023-09-25
132050.0,45.0,2,34070,3.847621,43.605817,2023,2023-09-14
205000.0,57.0,3,34090,3.863934,43.623815,2023,2023-09-22
89000.0,29.0,1,34000,3.866773,43.606795,2023,2023-09-18
108000.0,23.0,1,34000,3.874285,43.60817,2023,2023-09-25
265000.0,69.0,3,34000,3.913129,43.615007,2023,2023-10-03
189850.0,48.0,2,34000,3.874959,43.607454,2023,2023-09-22
260000.0,68.0,3,34000,3.884908,43.609836,2023,2023-09-25
120500.0,24.0,1,34000,3.878087,43.601472,2023,2023-09-13
177500.0,67.0,3,34070,3.837082,43.598685,2023,2023-09-26
130000.0,65.0,3,34070,3.87077,43.597489,2023,2023-09-06
145000.0,55.0,3,34070,3.890712,43.601006,2023,2023-09-07
135000.0,63.0,3,34070,3.868421,43.594405,2023,2023-09-04
240000.0,62.0,3,34070,3.852371,43.615833,2023,2023-09-21
193500.0,63.0,3,34000,3.881575,43.60455,2023,2023-09-25
255000.0,61.0,3,34070,3.847497,43.590607,2023,2023-09-27
271200.0,80.0,5,34000,3.86706,43.617116,2023,2023-09-07
250000.0,40.0,2,34090,3.87576,43.617368,2023,2023-09-07
110000.0,26.0,1,34090,3.844744,43.633909,2023,2023-09-27
138200.0,52.0,2,34090,3.852303,43.620818,2023,2023-09-22
297640.0,63.0,3,34000,3.877467,43.603668,2023,2023-09-06
426350.0,80.0,3,34000,3.906072,43.599602,2023,2023-09-08
226890.0,58.0,3,34070,3.851842,43.591823,2023,2023-09-22
95000.0,26.0,1,34000,3.868912,43.608899,2023,2023-09-25
175000.0,82.0,4,34080,3.826704,43.613257,2023,2023-09-28
311890.0,66.0,3,34000,3.905319,43.599186,2023,2023-09-25
228535.0,52.0,2,34090,3.887617,43.62973,2023,2023-09-29
115500.0,23.0,1,34000,3.874068,43.609906,2023,2023-10-03
240000.0,82.0,4,34070,3.874282,43.597166,2023,2023-09-07
128750.0,46.0,2,34080,3.827372,43.612342,2023,2023-09-12
107000.0,67.0,3,34070,3.857382,43.593153,2023,2023-09-08
185000.0,75.0,3,34090,3.869102,43.635155,2023,2023-09-18
85000.0,20.0,1,34090,3.876611,43.617402,2023,2023-09-19
332789.0,98.0,4,34070,3.838204,43.602033,2023,2023-09-26
108800.0,54.0,2,34070,3.859984,43.586125,2023,2023-09-26
149899.0,53.0,2,34070,3.863319,43.604448,2023,2023-09-19
372105.0,74.0,3,34070,3.865751,43.609601,2023,2023-09-28
123000.0,37.0,2,34090,3.872486,43.62869,2023,2023-09-22
276250.0,60.0,3,34000,3.873053,43.601058,2023,2023-09-29
100000.0,19.0,1,34090,3.867281,43.637219,2023,2023-09-18
140000.0,39.0,2,34000,3.880141,43.60337,2023,2023-09-27
124000.0,42.0,2,34090,3.846267,43.632539,2023,2023-09-26
56150.0,22.0,1,34090,3.852553,43.621567,2023,2023-09-11
147220.0,45.0,2,34000,3.868444,43.603543,2023,2023-09-13
225250.0,45.0,2,34000,3.910693,43.607951,2023,2023-09-27
44400.0,18.0,1,34080,3.824287,43.61458,2023,2023-09-11
196250.0,65.0,3,34080,3.839912,43.620624,2023,2023-09-29
38000.0,17.0,1,34080,3.837947,43.613467,2023,2023-09-12
289200.0,88.0,4,34070,3.883362,43.596415,2023,2023-09-18
125500.0,37.0,2,34070,3.866104,43.588658,2023,2023-09-07
260060.0,67.0,3,34070,3.857121,43.580921,2023,2023-10-06
299000.0,97.0,4,34000,3.87874,43.607073,2023,2023-09-12
216000.0,89.0,4,34000,3.88945,43.615648,2023,2023-10-02
88000.0,19.0,1,34000,3.878575,43.602153,2023,2023-10-05
190000.0,59.0,3,34090,3.844744,43.633909,2023,2023-09-20
168000.0,39.0,2,34070,3.894359,43.601455,2023,2023-09-15
115737.0,76.0,3,34070,3.86604,43.596752,2023,2023-09-08
180000.0,61.0,3,34090,3.842796,43.634633,2023,2023-10-02
80000.0,27.0,2,34000,3.874496,43.608455,2023,2023-09-27
72000.0,17.0,1,34090,3.854352,43.622296,2023,2023-09-29
566700.0,119.0,5,34070,3.86183,43.617764,2023,2023-09-15
130000.0,41.0,2,34070,3.855667,43.593828,2023,2023-09-26
609500.0,139.0,4,34090,3.873363,43.618348,2023,2023-09-27
266100.0,75.0,3,34070,3.850997,43.588957,2023,2023-09-28
257000.0,107.0,3,34000,3.873655,43.610143,2023,2023-10-03
76000.0,36.0,3,34000,3.867564,43.60675,2023,2023-09-14
245190.0,84.0,4,34070,3.85573,43.611371,2023,2023-10-02
84000.0,19.0,1,34000,3.878938,43.601675,2023,2023-09-25
325330.0,61.0,3,34000,3.901165,43.596946,2023,2023-09-22
282380.0,58.0,1,34090,3.888442,43.625191,2023,2023-10-03
242950.0,86.0,4,34000,3.890074,43.613255,2023,2023-09-19
230000.0,64.0,3,34000,3.895137,43.600662,2023,2023-10-03
215635.0,53.0,2,34000,3.898218,43.606595,2023,2023-09-26
42000.0,18.0,1,34000,3.874868,43.615077,2023,2023-09-20
113000.0,41.0,2,34070,3.866571,43.605846,2023,2023-10-05
420140.0,82.0,3,34000,3.906164,43.602115,2023,2023-10-05
640000.0,124.0,5,34000,3.87782,43.606774,2023,2023-09-28
105500.0,25.0,1,34070,3.879735,43.595049,2023,2023-10-06
161000.0,74.0,4,34070,3.867021,43.595401,2023,2023-09-28
290000.0,62.0,3,34000,3.870215,43.601725,2023,2023-10-03
161500.0,64.0,3,34000,3.867842,43.607541,2023,2023-10-04
118000.0,19.0,1,34090,3.868758,43.628329,2023,2023-09-29
244770.0,92.0,4,34070,3.854993,43.593074,2023,2023-09-11
341400.0,87.0,5,34000,3.875432,43.606057,2023,2023-10-09
195000.0,45.0,2,34000,3.905641,43.611473,2023,2023-09-28
164400.0,50.0,3,34090,3.859919,43.627462,2023,2023-10-03
240000.0,52.0,2,34000,3.875769,43.607994,2023,2023-10-04
114000.0,33.0,2,34090,3.829663,43.640489,2023,2023-10-03
193000.0,48.0,2,34070,3.862491,43.589423,2023,2023-09-28
123000.0,32.0,1,34090,3.845393,43.640854,2023,2023-09-28
87070.0,25.0,1,34070,3.882801,43.605381,2023,2023-09-28
179900.0,44.0,2,34000,3.862426,43.610426,2023,2023-10-04
75000.0,24.0,2,34000,3.878938,43.601675,2023,2023-10-06
134390.0,41.0,1,34000,3.879949,43.613915,2023,2023-09-28
89000.0,19.0,1,34070,3.894717,43.601855,2023,2023-09-27
278646.9,173.0,5,34000,3.879519,43.606765,2023,2023-09-15
210595.0,56.0,3,34070,3.863239,43.600762,2023,2023-09-27
260000.0,53.0,2,34000,3.902972,43.60132,2023,2023-09-27
48000.0,11.0,1,34000,3.877604,43.614104,2023,2023-10-06
180000.0,66.0,3,34070,3.889455,43.601023,2023,2023-09-20
346000.0,72.0,3,34090,3.864875,43.618535,2023,2023-09-28
199500.0,71.0,3,34070,3.85677,43.586144,2023,2023-09-20
140000.0,23.0,1,34090,3.873363,43.618348,2023,2023-09-11
88000.0,17.0,1,34090,3.873657,43.624511,2023,2023-10-04
166250.0,69.0,3,34070,3.846077,43.61599,2023,2023-09-15
144750.0,50.0,3,34070,3.862383,43.588723,2023,2023-10-06
135000.0,40.0,2,34080,3.827376,43.612293,2023,2023-09-26
243000.0,81.0,4,34070,3.86213,43.604886,2023,2023-09-27
308000.0,57.0,3,34000,3.908881,43.610502,2023,2023-10-03
358350.0,75.0,4,34000,3.90197,43.597484,2023,2023-10-03
180000.0,52.0,2,34090,3.87339,43.63055,2023,2023-10-03
159000.0,69.0,3,34070,3.886911,43.593676,2023,2023-09-29
105000.0,31.0,1,34090,3.852553,43.621567,2023,2023-10-02
160000.0,87.0,4,34070,3.864542,43.600512,2023,2023-09-20
217700.0,78.0,4,34070,3.853572,43.589845,2023,2023-09-11
320900.0,95.0,4,34000,3.880291,43.603508,2023,2023-09-26
181000.0,43.0,2,34000,3.904075,43.607733,2023,2023-09-14
127000.0,34.0,2,34000,3.882078,43.601643,2023,2023-09-22
225000.0,48.0,3,34090,3.880968,43.615345,2023,2023-10-06
120000.0,28.0,1,34000,3.880841,43.601759,2023,2023-09-21
155000.0,63.0,3,34070,3.855583,43.613512,2023,2023-09-20
325000.0,71.0,4,34000,3.865191,43.613524,2023,2023-09-13
116460.0,22.0,1,34090,3.869192,43.627993,2023,2023-10-03
93240.0,78.0,4,34080,3.818537,43.641426,2023,2023-09-28
280500.0,60.0,3,34000,3.875591,43.609931,2023,2023-10-05
217190.0,70.0,3,34070,3.853493,43.59371,2023,2023-10-03
190000.0,49.0,2,34000,3.898218,43.606595,2023,2023-10-05
106965.0,68.0,3,34080,3.83335,43.614084,2023,2023-09-19
135000.0,34.0,2,34000,3.867733,43.60917,2023,2023-10-05
72000.0,31.0,2,34070,3.829399,43.610865,2023,2023-10-05
142800.0,36.0,2,34090,3.872585,43.632744,2023,2023-09-29
237500.0,51.0,2,34000,3.891485,43.60737,2023,2023-10-10
130000.0,34.0,1,34000,3.902916,43.610334,2023,2023-10-03
277000.0,81.0,4,34070,3.890619,43.599089,2023,2023-10-05
86000.0,33.0,2,34000,3.879271,43.60576,2023,2023-09-28
105380.0,20.0,1,34070,3.894483,43.602008,2023,2023-09-28
270250.0,64.0,3,34000,3.885496,43.626822,2023,2023-10-04
224250.0,103.0,4,34070,3.86604,43.596752,2023,2023-10-04
372250.0,118.0,5,34000,3.893336,43.623367,2023,2023-10-04
142000.0,39.0,2,34090,3.867281,43.637219,2023,2023-09-13
150000.0,61.0,3,34070,3.868794,43.594206,2023,2023-09-20
428200.0,123.0,5,34000,3.89102,43.61285,2023,2023-10-09
53000.0,17.0,1,34080,3.837947,43.613467,2023,2023-09-22
152450.0,71.0,4,34080,3.834109,43.611988,2023,2023-09-29
90000.0,22.0,1,34090,3.871224,43.627565,2023,2023-10-05
89000.0,21.0,1,34090,3.869792,43.638598,2023,2023-09-19
133850.0,25.0,1,34070,3.8933,43.599944,2023,2023-09-27
135000.0,38.0,2,34090,3.846922,43.638091,2023,2023-09-21
179700.0,58.0,3,34070,3.856707,43.580128,2023,2023-10-06
80000.0,20.0,1,34090,3.852553,43.621567,2023,2023-10-11
227000.0,63.0,3,34080,3.843208,43.616384,2023,2023-09-25
253650.0,64.0,3,34000,3.89888,43.615496,2023,2023-10-10
108000.0,20.0,1,34090,3.872686,43.636985,2023,2023-10-02
124000.0,29.0,1,34090,3.865709,43.622756,2023,2023-10-04
324000.0,74.0,3,34090,3.874209,43.618665,2023,2023-10-05
245000.0,64.0,3,34000,3.895451,43.62403,2023,2023-10-09
152000.0,42.0,2,34090,3.871225,43.630624,2023,2023-10-13
46000.0,17.0,1,34090,3.851932,43.623432,2023,2023-10-02
265000.0,85.0,3,34000,3.881876,43.60883,2023,2023-09-27
82000.0,21.0,1,34090,3.840099,43.648378,2023,2023-10-06
300000.0,60.0,4,34000,3.869791,43.604644,2023,2023-10-13
149000.0,36.0,2,34090,3.844744,43.633909,2023,2023-10-06
160000.0,44.0,2,34000,3.86564,43.609703,2023,2023-09-21
175000.0,48.0,2,34070,3.851793,43.588202,2023,2023-10-09
75572.47,18.0,1,34090,3.852553,43.621567,2023,2023-09-29
256700.0,76.0,4,34090,3.857864,43.641347,2023,2023-09-29
119900.0,85.0,4,34080,3.83783,43.610064,2023,2023-10-02
20500.0,9.0,1,34000,3.872398,43.607581,2023,2023-09-28
125000.0,38.0,2,34090,3.844744,43.633909,2023,2023-10-09
268000.0,74.0,3,34070,3.850997,43.588957,2023,2023-10-13
110000.0,72.0,4,34080,3.83335,43.614084,2023,2023-10-16
146000.0,63.0,3,34080,3.851374,43.623156,2023,2023-10-09
140000.0,54.0,3,34070,3.84659,43.598277,2023,2023-10-13
158010.0,64.0,3,34070,3.853399,43.606062,2023,2023-09-26
297300.0,100.0,4,34070,3.849805,43.591392,2023,2023-09-21
176000.0,50.0,2,34090,3.872285,43.638446,2023,2023-10-09
100000.0,55.0,2,34090,3.873657,43.624511,2023,2023-10-10
196200.0,44.0,2,34000,3.905319,43.599186,2023,2023-10-16
194750.0,60.0,3,34070,3.879735,43.595049,2023,2023-10-10
235000.0,59.0,3,34070,3.864284,43.606247,2023,2023-10-04
128000.0,69.0,3,34070,3.868984,43.592641,2023,2023-09-19
297120.0,61.0,3,34000,3.865191,43.613524,2023,2023-10-13
630000.0,123.0,4,34090,3.870145,43.621662,2023,2023-10-02
112000.0,29.0,1,34070,3.891097,43.598985,2023,2023-10-06
90000.0,21.0,1,34090,3.859886,43.638692,2023,2023-09-29
201200.0,50.0,2,34090,3.877231,43.622493,2023,2023-10-16
178300.0,79.0,3,34070,3.86604,43.596752,2023,2023-09-29
180000.0,83.0,4,34070,3.874216,43.595399,2023,2023-09-29
116600.0,25.0,1,34000,3.879793,43.613102,2023,2023-09-28
184750.0,52.0,3,34070,3.865756,43.585058,2023,2023-10-03
60000.0,29.0,1,34070,3.867703,43.598025,2023,2023-10-04
110000.0,35.0,1,34070,3.856779,43.606864,2023,2023-10-03
80000.0,24.0,1,34090,3.860056,43.640959,2023,2023-09-20
153150.0,46.0,2,34090,3.861166,43.618947,2023,2023-10-10
125000.0,25.0,1,34080,3.849578,43.62485,2023,2023-10-18
333730.0,73.0,3,34090,3.863205,43.61902,2023,2023-10-10
195000.0,65.0,2,34070,3.886635,43.601341,2023,2023-10-10
45000.0,20.0,2,34080,3.829352,43.611691,2023,2023-10-18
92750.0,20.0,1,34090,3.84607,43.629043,2023,2023-09-28
95000.0,19.0,1,34070,3.894717,43.601855,2023,2023-10-03
310000.0,82.0,4,34000,3.892171,43.607591,2023,2023-10-05
57500.0,22.0,1,34090,3.852553,43.621567,2023,2023-10-02
167000.0,55.0,3,34070,3.890712,43.601006,2023,2023-10-12
160000.0,30.0,3,34000,3.86706,43.617116,2023,2023-10-09
186700.0,52.0,2,34090,3.871303,43.626414,2023,2023-10-10
146770.0,38.0,2,34090,3.860745,43.626133,2023,2023-10-06
98150.0,24.0,1,34090,3.853976,43.623161,2023,2023-10-13
167500.0,90.0,3,34000,3.891671,43.615304,2023,2023-10-06
95000.0,20.0,1,34000,3.897996,43.603349,2023,2023-10-04
385000.0,65.0,3,34000,3.869048,43.615726,2023,2023-10-16
158000.0,74.0,4,34070,3.88856,43.598383,2023,2023-10-04
340000.0,93.0,4,34000,3.8903,43.606151,2023,2023-09-27
99160.0,33.0,1,34080,3.829221,43.615924,2023,2023-10-06
110000.0,47.0,2,34000,3.889407,43.619801,2023,2023-09-28
240000.0,72.0,3,34000,3.873551,43.611844,2023,2023-09-25
152000.0,45.0,2,34070,3.852788,43.589228,2023,2023-10-05
96000.0,29.0,1,34070,3.865776,43.598245,2023,2023-10-09
255000.0,106.0,5,34070,3.858111,43.586718,2023,2023-10-06
150000.0,76.0,4,34070,3.857382,43.593153,2023,2023-10-10
116000.0,31.0,2,34000,3.872826,43.609637,2023,2023-10-10
211067.0,66.0,4,34090,3.857481,43.631276,2023,2023-10-20
210000.0,54.0,3,34000,3.902474,43.601863,2023,2023-10-10
167500.0,90.0,3,34000,3.891671,43.615304,2023,2023-10-06
140000.0,47.0,2,34000,3.880676,43.606788,2023,2023-10-02
251000.0,69.0,3,34000,3.904554,43.602479,2023,2023-02-06
102000.0,37.0,2,34080,3.846555,43.619867,2023,2023-10-16
133020.0,50.0,2,34080,3.824038,43.613803,2023,2023-10-05
91000.0,20.0,1,34090,3.844744,43.633909,2023,2023-10-19
247600.0,47.0,2,34000,3.883379,43.615763,2023,2023-10-20
155000.0,60.0,3,34070,3.885539,43.594369,2023,2023-10-17
306000.0,63.0,2,34090,3.873657,43.624511,2023,2023-10-20
189000.0,91.0,4,34080,3.83588,43.621424,2023,2023-09-28
183300.0,67.0,3,34070,3.88571,43.584374,2023,2023-10-19
154590.0,34.0,2,34090,3.88083,43.619701,2023,2023-10-23
121500.0,60.0,3,34070,3.86529,43.605898,2023,2023-09-29
91150.0,22.0,1,34070,3.891022,43.590893,2023,2023-10-04
124000.0,34.0,1,34090,3.874773,43.633341,2023,2023-10-20
215000.0,89.0,5,34070,3.864628,43.594644,2023,2023-10-10
172000.0,42.0,2,34070,3.860381,43.589477,2023,2023-10-24
116000.0,45.0,2,34000,3.880815,43.603947,2023,2023-10-18
140000.0,84.0,4,34070,3.846077,43.61599,2023,2023-10-03
95728.0,71.0,3,34000,3.870333,43.60772,2023,2023-09-20
161500.0,67.0,4,34070,3.883988,43.591519,2023,2023-10-17
253000.0,90.0,4,34070,3.873179,43.588466,2023,2023-10-16
301800.0,62.0,3,34000,3.877085,43.60546,2023,2023-10-24
85000.0,42.0,2,34070,3.865284,43.607023,2023,2023-10-12
139000.0,40.0,2,34070,3.861808,43.584393,2023,2023-10-18
95940.0,79.0,4,34080,3.818537,43.641426,2023,2023-10-17
98000.0,29.0,2,34070,3.860218,43.582009,2023,2023-10-10
64500.0,19.0,1,34070,3.876339,43.581538,2023,2023-10-10
90000.0,65.0,3,34080,3.825338,43.614042,2023,2023-05-05
247500.0,47.0,2,34000,3.899835,43.600555,2023,2023-10-25
142500.0,54.0,2,34000,3.883642,43.601862,2023,2023-10-13
265000.0,61.0,3,34000,3.907253,43.600202,2023,2023-10-12
95900.0,69.0,4,34070,3.8555,43.605346,2023,2023-10-17
79000.0,41.0,2,34070,3.853884,43.605976,2023,2023-10-16
143700.0,36.0,2,34090,3.871685,43.634953,2023,2023-10-20
74000.0,18.0,1,34000,3.881962,43.606934,2023,2023-10-23
102000.0,35.0,1,34080,3.840172,43.617711,2023,2023-10-11
58000.0,19.0,1,34070,3.876339,43.581538,2023,2023-10-20
266150.0,89.0,4,34070,3.854115,43.600002,2023,2023-10-25
186730.0,49.0,2,34000,3.893083,43.609122,2023,2023-10-18
188200.0,37.0,2,34000,3.905712,43.604967,2023,2023-10-19
135000.0,54.0,2,34000,3.88704,43.621277,2023,2023-10-18
223000.0,67.0,4,34000,3.889579,43.618227,2023,2023-10-23
60000.0,21.0,1,34090,3.854352,43.622296,2023,2023-10-12
238220.0,61.0,3,34000,3.910818,43.60635,2023,2023-09-28
185000.0,62.0,3,34090,3.852553,43.621567,2023,2023-10-26
376000.0,85.0,3,34000,3.874752,43.609466,2023,2023-10-23
82500.0,23.0,1,34000,3.878467,43.600588,2023,2023-09-29
152000.0,33.0,2,34070,3.894359,43.601455,2023,2023-10-23
246167.0,56.0,3,34070,3.884812,43.587799,2023,2023-10-25
202500.0,64.0,3,34090,3.869697,43.626179,2023,2023-10-18
206100.0,91.0,5,34070,3.846875,43.59517,2023,2023-10-24
480000.0,101.0,4,34000,3.881092,43.606194,2023,2023-10-12
151680.0,47.0,2,34000,3.900319,43.620236,2023,2023-10-18
220850.0,69.0,4,34070,3.887125,43.602424,2023,2023-10-19
143100.0,30.0,2,34000,3.869451,43.613818,2023,2023-10-16
225900.0,43.0,2,34070,3.887293,43.604288,2023,2023-10-17
64780.0,16.0,1,34090,3.853436,43.622615,2023,2023-10-24
203239.0,62.0,3,34000,3.905078,43.597492,2023,2023-10-03
233467.97,56.0,3,34000,3.885702,43.614675,2023,2023-10-18
230750.0,82.0,5,34070,3.855707,43.601531,2023,2023-10-13
216500.0,65.0,3,34080,3.829838,43.632249,2023,2023-10-11
123500.0,53.0,2,34090,3.840836,43.627719,2023,2023-10-11
95000.0,71.0,4,34070,3.885032,43.591232,2023,2023-10-02
135000.0,79.0,4,34070,3.874216,43.595399,2023,2023-10-20
114490.0,36.0,2,34000,3.88256,43.607034,2023,2023-10-11
245000.0,65.0,3,34070,3.888161,43.600161,2023,2023-10-26
182720.0,40.0,2,34000,3.910818,43.60635,2023,2023-10-06
173000.0,70.0,3,34080,3.831666,43.63305,2023,2023-10-25
115000.0,42.0,2,34070,3.84659,43.598277,2023,2023-10-20
38000.0,20.0,1,34090,3.854352,43.622296,2023,2023-10-16
120000.0,34.0,1,34000,3.876761,43.612202,2023,2023-10-30
175000.0,63.0,3,34070,3.865938,43.60713,2023,2023-10-25
189450.0,44.0,2,34000,3.904554,43.602479,2023,2023-10-06
110000.0,38.0,2,34070,3.870783,43.598757,2023,2023-10-05
256000.0,77.0,4,34070,3.878797,43.592447,2023,2023-10-25
153000.0,55.0,3,34070,3.855583,43.613512,2023,2023-10-18
115870.0,27.0,2,34000,3.868682,43.614331,2023,2023-10-27
195000.0,60.0,3,34070,3.853572,43.589845,2023,2023-10-30
85000.0,47.0,2,34090,3.85576,43.639334,2023,2023-10-24
132000.0,49.0,2,34070,3.83373,43.609315,2023,2023-10-12
72000.0,18.0,1,34090,3.870352,43.628869,2023,2023-10-25
161373.0,38.0,2,34090,3.864641,43.624832,2023,2023-10-23
90890.0,20.0,1,34000,3.892897,43.617508,2023,2023-10-24
57500.0,19.0,1,34080,3.824287,43.61458,2023,2023-10-03
113400.0,27.0,2,34070,3.848558,43.599974,2023,2023-10-12
295500.0,98.0,5,34070,3.851449,43.591723,2023,2023-10-23
159000.0,41.0,2,34090,3.851498,43.625245,2023,2023-10-16
162700.0,53.0,2,34070,3.853028,43.587231,2023,2023-10-26
164970.0,75.0,4,34070,3.868794,43.594206,2023,2023-10-20
183900.0,65.0,3,34070,3.889789,43.594165,2023,2023-10-30
271000.0,60.0,2,34000,3.876509,43.610003,2023,2023-10-30
221190.0,58.0,3,34000,3.905712,43.604967,2023,2023-10-24
50000.0,39.0,2,34080,3.836603,43.616335,2023,2023-10-16
95500.0,27.0,2,34070,3.888056,43.604695,2023,2023-10-25
47000.0,39.0,2,34080,3.836603,43.616335,2023,2023-10-27
87500.0,17.0,1,34090,3.873657,43.624511,2023,2023-10-06
410000.0,82.0,4,34000,3.867576,43.612264,2023,2023-10-27
93000.0,29.0,1,34000,3.871491,43.602569,2023,2023-10-30
82500.0,27.0,1,34070,3.848437,43.604405,2023,2023-10-20
236730.0,64.0,3,34080,3.8366,43.631468,2023,2023-10-23
135000.0,31.0,2,34090,3.842796,43.634633,2023,2023-10-31
145800.0,47.0,2,34070,3.83598,43.597454,2023,2023-11-02
108000.0,35.0,2,34090,3.829663,43.640489,2023,2023-10-19
125000.0,40.0,2,34090,3.849118,43.636798,2023,2023-10-26
149000.0,45.0,3,34000,3.885655,43.60594,2023,2023-10-30
260000.0,105.0,5,34070,3.883362,43.596415,2023,2023-10-20
162000.0,30.0,2,34000,3.877467,43.603668,2023,2023-10-16
200000.0,87.0,4,34000,3.867411,43.609404,2023,2023-10-06
85000.0,21.0,1,34090,3.840099,43.648378,2023,2023-10-20
75000.0,56.0,3,34070,3.855749,43.614484,2023,2023-10-11
209000.0,75.0,3,34070,3.854993,43.593074,2023,2023-11-03
410500.0,130.0,4,34080,3.8359,43.632537,2023,2023-11-03
163000.0,59.0,3,34070,3.844998,43.595063,2023,2023-10-31
104500.0,23.0,1,34070,3.893722,43.60234,2023,2023-10-30
195000.0,53.0,2,34090,3.84402,43.641391,2023,2023-10-17
148370.0,28.0,1,34000,3.875238,43.613087,2023,2023-10-30
123000.0,30.0,2,34070,3.866795,43.608886,2023,2023-10-30
133000.0,41.0,2,34070,3.853884,43.605976,2023,2023-10-30
174300.0,46.0,2,34000,3.906659,43.608548,2023,2023-10-31
165000.0,62.0,3,34080,3.827376,43.612293,2023,2023-10-31
76000.0,19.0,1,34090,3.860534,43.626796,2023,2023-10-25
66000.0,23.0,1,34000,3.868394,43.603814,2023,2023-10-19
177000.0,56.0,2,34080,3.85021,43.618942,2023,2023-10-23
109000.0,70.0,3,34070,3.855152,43.602019,2023,2023-11-03
112000.0,35.0,1,34000,3.898207,43.617475,2023,2023-10-10
182200.0,76.0,4,34070,3.857382,43.593153,2023,2023-10-30
75000.0,20.0,1,34000,3.875493,43.608221,2023,2023-10-31
160000.0,120.0,4,34000,3.89807,43.600095,2023,2023-10-13
107000.0,32.0,2,34090,3.869792,43.638598,2023,2023-11-06
82000.0,17.0,1,34000,3.878199,43.611111,2023,2023-11-03
122600.0,53.0,2,34070,3.838662,43.607895,2023,2023-10-17
81500.0,20.0,1,34090,3.874525,43.616555,2023,2023-11-06
210000.0,63.0,3,34070,3.859911,43.581747,2023,2023-10-24
172000.0,44.0,2,34000,3.904518,43.609703,2023,2023-10-27
204750.0,66.0,4,34090,3.863934,43.623815,2023,2023-11-06
77720.0,24.0,1,34070,3.882801,43.605381,2023,2023-10-26
990000.0,239.0,5,34000,3.879811,43.607536,2023,2023-10-26
340000.0,95.0,4,34090,3.871303,43.626414,2023,2023-10-23
55619.48,36.0,1,34070,3.860815,43.59335,2023,2023-10-17
115000.0,25.0,1,34000,3.873769,43.610066,2023,2023-10-24
141520.0,35.0,1,34090,3.873657,43.624511,2023,2023-10-17
165000.0,72.0,3,34070,3.846875,43.59517,2023,2023-10-16
140000.0,37.0,2,34090,3.87509,43.631538,2023,2023-10-24
145000.0,56.0,3,34070,3.873061,43.597892,2023,2023-10-19
115450.0,25.0,1,34000,3.874584,43.614657,2023,2023-10-20
374700.0,77.0,4,34000,3.879304,43.602573,2023,2023-10-20
50000.0,16.0,1,34000,3.873823,43.610311,2023,2023-10-24
107500.0,54.0,3,34080,3.830808,43.615516,2023,2023-10-23
180000.0,42.0,2,34000,3.858441,43.613418,2023,2023-10-25
200000.0,68.0,4,34000,3.879684,43.61404,2023,2023-10-13
252000.0,67.0,3,34070,3.856158,43.580939,2023,2023-10-27
231901.0,74.0,3,34000,3.903514,43.595219,2023,2023-10-18
166750.0,46.0,2,34070,3.855839,43.602133,2023,2023-10-13
261300.0,68.0,3,34070,3.850308,43.589542,2023,2023-10-16
175000.0,35.0,2,34070,3.890606,43.602806,2023,2023-10-25
520800.0,86.0,4,34000,3.901165,43.596946,2023,2023-10-31
88000.0,23.0,1,34090,3.849118,43.636798,2023,2023-10-26
115820.0,31.0,1,34000,3.884479,43.606502,2023,2023-10-18
95000.0,43.0,2,34080,3.841683,43.617622,2023,2023-10-16
172000.0,65.0,4,34000,3.885702,43.614675,2023,2023-10-31
140595.0,75.0,3,34070,3.867489,43.594589,2023,2023-10-24
118000.0,32.0,2,34000,3.886229,43.605829,2023,2023-10-10
165150.0,45.0,3,34000,3.873613,43.610267,2023,2023-11-06
197000.0,55.0,3,34080,3.82766,43.635919,2023,2023-10-11
235000.0,77.0,4,34070,3.886374,43.600125,2023,2023-11-03
94450.0,28.0,1,34070,3.879735,43.595049,2023,2023-10-26
252000.0,55.0,3,34000,3.905712,43.604967,2023,2023-10-30
112230.0,26.0,1,34000,3.877463,43.609399,2023,2023-11-06
362250.0,72.0,3,34000,3.901953,43.607207,2023,2023-10-20
92000.0,34.0,2,34090,3.863982,43.624471,2023,2023-10-19
212000.0,83.0,2,34090,3.869688,43.616854,2023,2023-11-08
85441.0,18.0,1,34090,3.852657,43.623307,2023,2023-10-17
115500.0,65.0,3,34070,3.86213,43.604886,2023,2023-10-17
145000.0,40.0,2,34090,3.850333,43.624935,2023,2023-10-20
75000.0,45.0,2,34080,3.834838,43.6149,2023,2023-11-09
92000.0,21.0,1,34000,3.88206,43.602136,2023,2023-10-31
295000.0,83.0,4,34000,3.88786,43.60634,2023,2023-11-07
108000.0,30.0,2,34000,3.880336,43.613604,2023,2023-10-27
455597.0,107.0,3,34000,3.877135,43.605859,2023,2023-11-02
85000.0,18.0,1,34070,3.893724,43.602181,2023,2023-10-27
110000.0,25.0,1,34070,3.879735,43.595049,2023,2023-11-09
188000.0,85.0,5,34070,3.868421,43.594405,2023,2023-10-18
55000.0,19.0,1,34070,3.85736,43.608531,2023,2023-11-06
164500.0,45.0,2,34070,3.853903,43.590045,2023,2023-11-07
195000.0,44.0,2,34000,3.873805,43.609614,2023,2023-10-31
132000.0,75.0,3,34070,3.867489,43.594589,2023,2023-10-25
78000.0,18.0,1,34090,3.856229,43.633435,2023,2023-11-03
135000.0,30.0,1,34000,3.881622,43.60903,2023,2023-10-17
201000.0,66.0,3,34070,3.879735,43.595049,2023,2023-11-07
80000.0,25.0,2,34000,3.873226,43.609995,2023,2023-11-09
267380.0,66.0,3,34000,3.88704,43.621277,2023,2023-11-09
276050.0,120.0,4,34090,3.864424,43.622407,2023,2023-10-17
130000.0,42.0,2,34070,3.853572,43.589845,2023,2023-10-20
216000.0,57.0,3,34090,3.874979,43.628781,2023,2023-11-07
205000.0,68.0,3,34080,3.831666,43.63305,2023,2023-10-30
169000.0,47.0,2,34070,3.860218,43.582009,2023,2023-11-06
78000.0,18.0,1,34090,3.856655,43.631871,2023,2023-11-06
141120.0,75.0,4,34070,3.852007,43.606634,2023,2023-11-07
78000.0,30.0,2,34090,3.833475,43.639115,2023,2023-10-27
85943.0,45.0,2,34080,3.826908,43.615558,2023,2023-10-27
108310.0,55.0,3,34000,3.868209,43.616157,2023,2023-11-13
126870.0,26.0,2,34070,3.894483,43.602008,2023,2023-10-25
61500.0,18.0,1,34090,3.852553,43.621567,2023,2023-11-14
430000.0,124.0,4,34000,3.878951,43.612611,2023,2023-10-20
149210.0,75.0,3,34080,3.831137,43.618123,2023,2023-11-09
103000.0,36.0,2,34090,3.833475,43.639115,2023,2023-11-14
113635.0,34.0,1,34070,3.885208,43.600898,2023,2023-11-14
108600.0,25.0,1,34090,3.874773,43.633341,2023,2023-10-27
100000.0,60.0,4,34070,3.886999,43.594906,2023,2023-11-09
470000.0,154.0,5,34080,3.830189,43.61422,2023,2023-11-07
133000.0,29.0,2,34090,3.87289,43.620152,2023,2023-11-13
95000.0,24.0,1,34000,3.877873,43.613985,2023,2023-11-06
170000.0,49.0,2,34090,3.866041,43.625921,2023,2023-10-26
180000.0,71.0,4,34070,3.871134,43.597027,2023,2023-10-13
237000.0,68.0,3,34070,3.860855,43.603947,2023,2023-11-07
249200.0,70.0,3,34070,3.841407,43.59216,2023,2023-11-14
15000.0,12.0,1,34090,3.852553,43.621567,2023,2023-11-09
77725.0,17.0,1,34090,3.852553,43.621567,2023,2023-11-15
62000.0,45.0,2,34080,3.834838,43.6149,2023,2023-11-13
380000.0,110.0,3,34000,3.868912,43.601163,2023,2023-11-07
97000.0,33.0,2,34090,3.829663,43.640489,2023,2023-11-13
322900.0,100.0,5,34000,3.881535,43.607664,2023,2023-10-27
89000.0,19.0,1,34070,3.893724,43.602181,2023,2023-10-20
174000.0,50.0,2,34000,3.895381,43.603174,2023,2023-10-26
99029.0,63.0,3,34070,3.850279,43.603098,2023,2023-10-20
290000.0,111.0,3,34000,3.873132,43.606208,2023,2023-10-25
130970.0,38.0,2,34090,3.844744,43.633909,2023,2023-10-24
161500.0,44.0,2,34090,3.873335,43.628374,2023,2023-11-07
55000.0,19.0,1,34080,3.824287,43.61458,2023,2023-11-10
65867.78,15.0,1,34090,3.878544,43.62876,2023,2023-11-14
152000.0,68.0,4,34070,3.887651,43.598587,2023,2023-11-14
65000.0,22.0,1,34090,3.852553,43.621567,2023,2023-11-02
153000.0,90.0,4,34080,3.834493,43.613067,2023,2023-10-26
83600.0,23.0,1,34090,3.879026,43.623491,2023,2023-11-08
95000.0,24.0,1,34000,3.878087,43.601472,2023,2023-11-08
151550.0,44.0,2,34000,3.875251,43.609836,2023,2023-11-16
228000.0,99.0,5,34070,3.854993,43.593074,2023,2023-10-23
74777.0,22.0,1,34090,3.852553,43.621567,2023,2023-11-02
124590.0,31.0,1,34070,3.855667,43.593828,2023,2023-11-14
160000.0,48.0,2,34000,3.886231,43.603792,2023,2023-11-13
219350.0,60.0,3,34000,3.878087,43.601472,2023,2023-10-31
100000.0,32.0,2,34000,3.870799,43.607493,2023,2023-10-31
187000.0,54.0,2,34080,3.82766,43.635919,2023,2023-11-09
80000.0,62.0,3,34070,3.855165,43.604118,2023,2023-11-09
155022.0,59.0,4,34090,3.868382,43.626196,2023,2023-11-09
175000.0,68.0,3,34070,3.88571,43.584374,2023,2023-11-09
240700.0,74.0,3,34000,3.877361,43.604958,2023,2023-10-19
147000.0,46.0,2,34080,3.835318,43.632845,2023,2023-11-03
175000.0,72.0,3,34000,3.849091,43.616213,2023,2023-10-31
161020.0,39.0,2,34000,3.907778,43.605705,2023,2023-10-30
113500.0,43.0,2,34070,3.844998,43.595063,2023,2023-11-14
132000.0,58.0,2,34000,3.89248,43.613723,2023,2023-11-16
139000.0,47.0,2,34080,3.849228,43.620166,2023,2023-11-10
122500.0,30.0,1,34000,3.88882,43.621477,2023,2023-11-03
340000.0,66.0,3,34000,3.899332,43.598239,2023,2023-11-02
321000.0,71.0,2,34000,3.891596,43.608404,2023,2023-10-31
135000.0,42.0,2,34000,3.87014,43.604978,2023,2023-11-21
145000.0,38.0,2,34070,3.859627,43.591212,2023,2023-10-24
166350.0,44.0,2,34070,3.860218,43.582009,2023,2023-11-06
114000.0,40.0,1,34070,3.88919,43.603387,2023,2023-11-06
274000.0,67.0,3,34000,3.90602,43.602603,2023,2023-11-16
129000.0,81.0,5,34080,3.842248,43.614891,2023,2023-11-22
145000.0,47.0,2,34070,3.889455,43.601023,2023,2023-11-08
159600.0,65.0,4,34070,3.867128,43.596109,2023,2023-11-08
157000.0,52.0,2,34090,3.871303,43.626414,2023,2023-11-07
293750.0,85.0,4,34070,3.852017,43.58965,2023,2023-11-10
651000.0,125.0,6,34000,3.870075,43.601161,2023,2023-11-06
80000.0,54.0,2,34090,3.847191,43.62597,2023,2023-11-14
370000.0,86.0,4,34070,3.853976,43.588185,2023,2023-11-13
165050.0,64.0,3,34080,3.822173,43.624846,2023,2023-11-13
335150.0,72.0,4,34070,3.855063,43.58353,2023,2023-11-06
293050.0,68.0,3,34000,3.903949,43.606884,2023,2023-11-15
185000.0,60.0,3,34000,3.873167,43.604842,2023,2023-11-06
140000.0,65.0,3,34080,3.825338,43.614042,2023,2023-10-26
62000.0,32.0,1,34080,3.829221,43.615924,2023,2023-11-16
320462.0,66.0,3,34090,3.879806,43.620031,2023,2023-11-16
215000.0,69.0,3,34070,3.846077,43.61599,2023,2023-11-14
240850.0,77.0,4,34070,3.88571,43.584374,2023,2023-10-24
214000.0,44.0,2,34000,3.904554,43.602479,2023,2023-11-16
263000.0,62.0,3,34000,3.884475,43.61732,2023,2023-11-21
118000.0,47.0,2,34080,3.847488,43.62327,2023,2023-11-24
40000.0,18.0,1,34090,3.844744,43.633909,2023,2023-11-14
266000.0,84.0,4,34070,3.854115,43.600002,2023,2023-11-15
253175.0,57.0,3,34000,3.887703,43.61624,2023,2023-10-30
145850.0,36.0,1,34000,3.879812,43.602666,2023,2023-11-23
115000.0,47.0,2,34080,3.822443,43.615583,2023,2023-11-15
358000.0,87.0,3,34000,3.877051,43.610421,2023,2023-11-08
225610.0,64.0,4,34000,3.895026,43.6052,2023,2023-11-15
620000.0,146.0,6,34000,3.879947,43.610183,2023,2023-11-13
115000.0,35.0,1,34090,3.873657,43.624511,2023,2023-11-10
141000.0,42.0,2,34090,3.872737,43.631903,2023,2023-11-24
75000.0,54.0,3,34080,3.830808,43.615516,2023,2023-10-30
185000.0,65.0,3,34090,3.838637,43.640729,2023,2023-11-27
195000.0,47.0,2,34090,3.871303,43.626414,2023,2023-11-22
233500.0,99.0,5,34000,3.890074,43.613255,2023,2023-11-23
95770.0,18.0,1,34090,3.859694,43.626872,2023,2023-11-21
337580.0,69.0,3,34000,3.900205,43.597928,2023,2023-11-16
132000.0,42.0,2,34070,3.88571,43.584374,2023,2023-11-27
235000.0,78.0,3,34000,3.881995,43.60781,2023,2023-11-27
205000.0,48.0,2,34000,3.902972,43.60132,2023,2023-11-22
205000.0,51.0,2,34000,3.875459,43.607561,2023,2023-11-22
163400.0,49.0,2,34000,3.896269,43.605244,2023,2023-11-23
87000.0,21.0,1,34090,3.877104,43.615745,2023,2023-11-27
127400.0,38.0,2,34070,3.858466,43.59018,2023,2023-11-23
220670.0,81.0,4,34070,3.86213,43.604886,2023,2023-11-21
120000.0,31.0,1,34070,3.863728,43.600857,2023,2023-11-14
223000.0,47.0,2,34000,3.90602,43.602603,2023,2023-11-27
97000.0,53.0,3,34070,3.855749,43.614484,2023,2023-11-21
73770.0,18.0,1,34080,3.824287,43.61458,2023,2023-11-23
380000.0,118.0,4,34000,3.876752,43.605615,2023,2023-11-21
310300.0,80.0,4,34000,3.882113,43.607096,2023,2023-11-24
340000.0,79.0,3,34090,3.892341,43.628359,2023,2023-11-24
185000.0,44.0,2,34000,3.905712,43.604967,2023,2023-11-22
105500.0,29.0,1,34000,3.897641,43.601983,2023,2023-11-23
88000.0,34.0,1,34000,3.876157,43.612612,2023,2023-11-16
153000.0,67.0,4,34000,3.869547,43.600897,2023,2023-11-22
65000.0,19.0,1,34080,3.841683,43.617622,2023,2023-11-23
160000.0,49.0,2,34000,3.89053,43.606605,2023,2023-11-14
265000.0,67.0,3,34000,3.884908,43.609836,2023,2023-11-13
52320.0,44.0,2,34080,3.817167,43.626589,2023,2023-11-23
149000.0,86.0,5,34070,3.84738,43.604831,2023,2023-11-20
252000.0,65.0,3,34000,3.871854,43.602354,2023,2023-11-16
284500.0,60.0,3,34000,3.877465,43.609216,2023,2023-11-10
292400.0,48.0,2,34090,3.87339,43.63055,2023,2023-11-30
170000.0,67.0,4,34090,3.857481,43.631276,2023,2023-11-03
114000.0,68.0,3,34080,3.83335,43.614084,2023,2023-11-07
173550.0,55.0,3,34070,3.865575,43.602623,2023,2023-11-16
216950.0,77.0,4,34000,3.867094,43.604513,2023,2023-11-16
172500.0,50.0,2,34000,3.871338,43.602013,2023,2023-11-24
240000.0,102.0,4,34070,3.851719,43.6134,2023,2023-11-09
185000.0,72.0,4,34000,3.901191,43.606034,2023,2023-11-28
78000.0,32.0,1,34070,3.868984,43.592641,2023,2023-11-20
230650.0,59.0,3,34000,3.906945,43.599858,2023,2023-11-28
128000.0,26.0,1,34000,3.878488,43.608834,2023,2023-11-28
504400.0,118.0,4,34000,3.892518,43.605981,2023,2023-11-28
81818.0,21.0,1,34070,3.891022,43.590893,2023,2023-11-29
146813.0,45.0,2,34070,3.847621,43.605817,2023,2023-11-29
157000.0,65.0,3,34080,3.826673,43.614489,2023,2023-11-23
125000.0,24.0,1,34070,3.891979,43.593619,2023,2023-11-24
180800.0,37.0,2,34070,3.858697,43.612939,2023,2023-11-27
194000.0,64.0,3,34000,3.895451,43.62403,2023,2023-11-29
169350.0,39.0,2,34000,3.885496,43.626822,2023,2023-11-28
95000.0,42.0,1,34080,3.832496,43.61157,2023,2023-11-30
246000.0,101.0,4,34070,3.850341,43.614497,2023,2023-11-20
80000.0,30.0,2,34090,3.84402,43.641391,2023,2023-11-30
210000.0,102.0,5,34000,3.849091,43.616213,2023,2023-12-05
75000.0,22.0,1,34000,3.868901,43.607541,2023,2023-11-21
98000.0,78.0,3,34070,3.886522,43.592608,2023,2023-11-27
325000.0,87.0,4,34000,3.896334,43.606027,2023,2023-11-28
130000.0,47.0,2,34070,3.86751,43.591005,2023,2023-11-28
640000.0,100.0,4,34080,3.835575,43.629711,2023,2023-11-28
162840.22,71.0,3,34080,3.836258,43.622393,2023,2023-12-01
95000.0,29.0,1,34000,3.887703,43.61624,2023,2023-11-15
140000.0,35.0,1,34090,3.862313,43.625559,2023,2023-11-24
62000.0,51.0,3,34080,3.836504,43.615488,2023,2023-11-03
119000.0,30.0,1,34000,3.874285,43.60817,2023,2023-11-30
47000.0,18.0,1,34070,3.856007,43.590733,2023,2023-11-30
262790.0,60.0,3,34000,3.89888,43.615496,2023,2023-11-07
92000.0,44.0,2,34080,3.824969,43.614361,2023,2023-11-08
349200.0,115.0,4,34070,3.854115,43.600002,2023,2023-12-06
264350.0,93.0,3,34070,3.854115,43.600002,2023,2023-12-06
91450.0,18.0,1,34080,3.8436,43.635123,2023,2023-12-06
288935.0,72.0,4,34070,3.856643,43.58165,2023,2023-11-29
107000.0,20.0,1,34090,3.872194,43.634386,2023,2023-11-27
399520.0,85.0,4,34070,3.859911,43.581747,2023,2023-11-30
367000.0,111.0,5,34080,3.837119,43.630166,2023,2023-11-23
115000.0,27.0,2,34000,3.869915,43.605169,2023,2023-11-13
67800.0,18.0,1,34090,3.876934,43.617321,2023,2023-11-13
182000.0,46.0,2,34070,3.86008,43.582786,2023,2023-11-29
230000.0,61.0,3,34070,3.882849,43.605255,2023,2023-11-20
350000.0,93.0,4,34090,3.871303,43.626414,2023,2023-11-14
168410.0,44.0,2,34000,3.874305,43.609257,2023,2023-11-30
201590.0,43.0,2,34000,3.875448,43.608955,2023,2023-12-04
72398.0,21.0,1,34070,3.85269,43.603029,2023,2023-12-05
225000.0,65.0,3,34000,3.86706,43.617116,2023,2023-12-01
282000.0,75.0,3,34090,3.87722,43.616902,2023,2023-11-20
85000.0,36.0,2,34080,3.841634,43.61433,2023,2023-11-16
205000.0,60.0,2,34000,3.877067,43.612146,2023,2023-11-30
84000.0,27.0,1,34070,3.864018,43.606172,2023,2023-11-16
129000.0,47.0,2,34000,3.871491,43.602569,2023,2023-11-30
266150.0,77.0,3,34070,3.850997,43.588957,2023,2023-12-07
142000.0,50.0,2,34070,3.863814,43.588631,2023,2023-11-16
151800.0,34.0,2,34000,3.88032,43.613551,2023,2023-11-27
86160.0,18.0,1,34090,3.856912,43.631842,2023,2023-11-24
110000.0,48.0,2,34080,3.826673,43.614489,2023,2023-11-27
80000.0,28.0,1,34070,3.848437,43.604405,2023,2023-12-01
179000.0,70.0,2,34080,3.839996,43.617962,2023,2023-12-01
212000.0,68.0,3,34070,3.846077,43.61599,2023,2023-11-27
106000.0,19.0,1,34070,3.894357,43.601897,2023,2023-12-07
176000.0,62.0,3,34080,3.822001,43.624263,2023,2023-12-07
287000.0,58.0,3,34000,3.905033,43.599173,2023,2023-11-29
161400.0,51.0,2,34070,3.846587,43.594407,2023,2023-12-04
80000.0,57.0,3,34070,3.885032,43.591232,2023,2023-11-21
206000.0,55.0,3,34000,3.877071,43.608981,2023,2023-11-09
133000.0,73.0,4,34080,3.834593,43.614124,2023,2023-12-01
100000.0,64.0,3,34070,3.853647,43.602076,2023,2023-12-07
330250.0,77.0,3,34090,3.844076,43.633477,2023,2023-12-08
191320.0,45.0,2,34000,3.889959,43.605097,2023,2023-12-08
158000.0,71.0,3,34070,3.88571,43.584374,2023,2023-12-05
111000.0,50.0,2,34080,3.824806,43.615382,2023,2023-12-06
152150.0,71.0,3,34090,3.854344,43.620476,2023,2023-12-04
50000.0,39.0,2,34080,3.836603,43.616335,2023,2023-11-30
170900.0,41.0,2,34070,3.856255,43.582937,2023,2023-11-15
123000.0,41.0,3,34000,3.873173,43.609391,2023,2023-11-30
145000.0,56.0,3,34070,3.844998,43.595063,2023,2023-11-21
112000.0,28.0,2,34000,3.873173,43.609391,2023,2023-11-30
110000.0,47.0,2,34000,3.875464,43.613035,2023,2023-12-01
150000.0,62.0,2,34070,3.849,43.610284,2023,2023-12-04
314000.0,69.0,3,34070,3.853976,43.588185,2023,2023-12-01
178500.0,88.0,4,34090,3.868251,43.627279,2023,2023-11-23
290000.0,79.0,4,34090,3.873715,43.617164,2023,2023-12-07
150000.0,37.0,2,34090,3.880241,43.6151,2023,2023-12-12
230200.0,53.0,2,34000,3.87756,43.610548,2023,2023-12-07
100000.0,48.0,2,34080,3.825337,43.613277,2023,2023-12-04
51000.0,14.0,1,34090,3.852553,43.621567,2023,2023-11-30
305800.0,75.0,3,34070,3.892901,43.599036,2023,2023-11-30
177800.0,28.0,1,34000,3.877604,43.614104,2023,2023-11-28
255150.0,73.0,3,34090,3.873657,43.624511,2023,2023-12-08
106000.0,20.0,1,34000,3.883637,43.60349,2023,2023-11-30
114000.0,45.0,2,34080,3.837587,43.624674,2023,2023-12-08
155000.0,69.0,3,34070,3.846077,43.61599,2023,2023-11-29
246910.0,73.0,4,34070,3.850346,43.590355,2023,2023-12-11
265000.0,78.0,4,34000,3.88362,43.601495,2023,2023-12-08
443350.0,79.0,2,34000,3.86598,43.611904,2023,2023-11-29
116000.0,21.0,1,34070,3.891022,43.590893,2023,2023-11-30
70000.0,28.0,1,34090,3.879451,43.617016,2023,2023-11-28
190000.0,43.0,2,34070,3.856158,43.580939,2023,2023-12-05
165000.0,70.0,4,34070,3.856057,43.602962,2023,2023-11-22
172000.0,57.0,3,34000,3.889544,43.615163,2023,2023-11-23
130000.0,34.0,2,34090,3.865649,43.621504,2023,2023-11-27
112000.0,31.0,1,34070,3.853648,43.60923,2023,2023-12-14
56430.0,17.0,1,34080,3.837947,43.613467,2023,2023-12-11
195000.0,61.0,3,34000,3.891485,43.60737,2023,2023-11-28
312000.0,72.0,3,34090,3.84157,43.640104,2023,2023-12-06
95000.0,18.0,1,34090,3.838355,43.640196,2023,2023-12-11
120000.0,78.0,4,34070,3.886522,43.592608,2023,2023-12-12
202500.0,59.0,3,34070,3.860786,43.578387,2023,2023-12-04
113000.0,40.0,2,34000,3.869625,43.60129,2023,2023-11-22
115000.0,26.0,1,34000,3.896269,43.605244,2023,2023-12-05
170000.0,35.0,3,34000,3.882207,43.60239,2023,2023-11-16
126608.0,48.0,2,34080,3.82318,43.614018,2023,2023-12-14
245450.0,68.0,4,34000,3.888642,43.617776,2023,2023-12-01
485000.0,120.0,4,34000,3.879775,43.609747,2023,2023-11-30
294000.0,65.0,3,34000,3.901165,43.596946,2023,2023-12-12
275350.0,68.0,3,34000,3.90602,43.602603,2023,2023-11-07
230000.0,38.0,2,34090,3.840616,43.639791,2023,2023-11-28
292000.0,95.0,4,34090,3.871303,43.626414,2023,2023-12-07
150400.0,53.0,2,34000,3.880013,43.61287,2023,2023-12-06
78000.0,18.0,1,34090,3.838355,43.640196,2023,2023-12-14
267700.0,65.0,3,34000,3.898506,43.600792,2023,2023-12-18
169374.5,76.0,4,34070,3.871429,43.595557,2023,2023-12-08
583000.0,121.0,5,34070,3.862541,43.617304,2023,2023-12-12
156000.0,46.0,2,34070,3.851793,43.588202,2023,2023-12-15
76700.0,21.0,1,34070,3.891022,43.590893,2023,2023-12-07
102500.0,60.0,3,34090,3.872927,43.631235,2023,2023-12-13
55619.48,36.0,1,34070,3.860815,43.59335,2023,2023-12-07
97860.0,29.0,1,34070,3.86552,43.588498,2023,2023-11-20
95800.0,24.0,1,34000,3.887367,43.603241,2023,2023-11-24
189250.0,75.0,3,34090,3.869102,43.635155,2023,2023-11-23
82000.0,25.0,1,34080,3.851319,43.618445,2023,2023-12-11
112000.0,42.0,2,34080,3.82805,43.614783,2023,2023-12-18
66294.93,21.0,1,34080,3.826908,43.615558,2023,2023-12-06
172000.0,48.0,2,34090,3.842617,43.640476,2023,2023-12-04
81000.0,29.0,2,34000,3.868806,43.604681,2023,2023-12-11
240870.0,53.0,3,34070,3.857862,43.60363,2023,2023-12-11
90000.0,19.0,1,34090,3.873303,43.617788,2023,2023-12-06
112000.0,43.0,2,34080,3.841683,43.617622,2023,2023-11-30
52839.81,36.0,1,34070,3.860815,43.59335,2023,2023-12-13
250000.0,45.0,2,34090,3.873728,43.620729,2023,2023-12-15
129000.0,51.0,2,34000,3.881918,43.607734,2023,2023-12-13
149500.0,65.0,3,34070,3.836052,43.608116,2023,2023-12-04
74200.0,24.0,1,34080,3.835291,43.618361,2023,2023-12-13
550000.0,106.0,4,34090,3.869688,43.616854,2023,2023-11-23
74000.0,22.0,1,34000,3.883279,43.603422,2023,2023-12-05
73000.0,14.0,1,34090,3.875003,43.617508,2023,2023-11-23
155000.0,69.0,3,34070,3.851538,43.611694,2023,2023-12-05
207000.0,80.0,5,34000,3.888395,43.614724,2023,2023-11-20
336530.0,70.0,3,34000,3.888941,43.605763,2023,2023-12-14
160000.0,87.0,3,34000,3.877696,43.609563,2023,2023-12-12
235000.0,78.0,3,34000,3.889536,43.607413,2023,2023-12-12
83000.0,24.0,1,34090,3.860056,43.640959,2023,2023-12-11
158000.0,72.0,4,34070,3.885539,43.594369,2023,2023-12-06
120000.0,29.0,2,34000,3.889208,43.60492,2023,2023-12-08
70000.0,31.0,2,34000,3.880295,43.61226,2023,2023-12-15
262000.0,61.0,3,34000,3.88921,43.61903,2023,2023-12-14
234420.0,67.0,3,34000,3.885292,43.621256,2023,2023-12-14
148850.0,68.0,3,34070,3.84659,43.598277,2023,2023-12-01
161999.0,67.0,3,34070,3.868984,43.592641,2023,2023-12-05
147450.0,55.0,2,34080,3.85021,43.618942,2023,2023-12-08
204800.0,44.0,2,34090,3.869135,43.619275,2023,2023-12-14
87500.0,15.0,1,34000,3.877278,43.613315,2023,2023-12-15
130390.0,54.0,3,34070,3.853884,43.605976,2023,2023-12-06
84000.0,18.0,1,34090,3.856655,43.631871,2023,2023-12-15
351491.0,93.0,4,34090,3.871303,43.626414,2023,2023-12-13
151900.0,43.0,2,34070,3.844996,43.615645,2023,2023-12-15
102000.0,63.0,3,34070,3.868794,43.594206,2023,2023-12-18
382520.0,120.0,5,34000,3.874063,43.600755,2023,2023-12-18
100000.0,57.0,3,34070,3.885124,43.593451,2023,2023-12-14
160000.0,53.0,2,34070,3.86336,43.603421,2023,2023-12-15
356818.0,90.0,3,34000,3.904874,43.601781,2023,2023-12-07
240000.0,67.0,3,34000,3.889029,43.608361,2023,2023-12-20
155500.0,57.0,3,34070,3.862576,43.60379,2023,2023-12-13
406000.0,108.0,4,34070,3.854115,43.600002,2023,2023-11-30
177000.0,43.0,2,34000,3.886762,43.6266,2023,2023-12-19
163405.0,53.0,3,34070,3.84738,43.604831,2023,2023-12-12
200000.0,44.0,2,34000,3.878367,43.611973,2023,2023-12-13
179250.0,61.0,3,34070,3.879735,43.595049,2023,2023-11-30
163500.0,27.0,1,34000,3.893415,43.604874,2023,2023-12-20
160000.0,68.0,3,34070,3.889884,43.595585,2023,2023-12-06
169000.0,41.0,2,34090,3.856229,43.633435,2023,2023-12-13
123500.0,30.0,1,34000,3.897641,43.601983,2023,2023-12-08
135500.0,34.0,2,34000,3.894256,43.619614,2023,2023-12-15
108500.0,36.0,1,34000,3.878938,43.601675,2023,2023-12-13
97000.0,58.0,2,34080,3.841634,43.61433,2023,2023-12-07
92300.0,31.0,1,34070,3.88571,43.584374,2023,2023-12-13
138200.0,28.0,1,34000,3.897523,43.60294,2023,2023-12-01
287500.0,87.0,4,34070,3.83734,43.596008,2023,2023-12-18
143000.0,34.0,1,34080,3.846235,43.622413,2023,2023-11-30
339000.0,125.0,4,34090,3.865065,43.625555,2023,2023-12-15
347900.0,63.0,3,34000,3.901851,43.596465,2023,2023-12-19
60000.0,22.0,1,34090,3.854352,43.622296,2023,2023-12-14
150000.0,55.0,3,34000,3.885347,43.603179,2023,2023-12-08
144000.0,25.0,1,34000,3.90602,43.602603,2023,2023-12-14
92650.0,32.0,2,34000,3.872841,43.599049,2023,2023-11-27
87500.0,38.0,1,34000,3.891485,43.60737,2023,2023-12-07
146000.0,48.0,2,34090,3.863853,43.618564,2023,2023-12-18
93370.0,21.0,1,34090,3.873526,43.619335,2023,2023-12-15
110000.0,69.0,4,34070,3.854727,43.60843,2023,2023-12-20
115000.0,36.0,1,34070,3.85634,43.600679,2023,2023-12-18
102000.0,67.0,4,34070,3.885124,43.593451,2023,2023-12-21
199800.0,55.0,3,34070,3.890712,43.601006,2023,2023-12-18
170500.0,45.0,2,34090,3.861361,43.640906,2023,2023-12-19
132000.0,25.0,1,34000,3.888865,43.607507,2023,2023-12-18
182420.0,48.0,2,34000,3.868901,43.607541,2023,2023-12-19
142000.0,67.0,4,34070,3.867284,43.59399,2023,2023-12-19
144700.0,43.0,1,34070,3.844996,43.615645,2023,2023-12-15
229350.0,83.0,4,34070,3.846875,43.59517,2023,2023-12-08
245725.0,53.0,2,34090,3.857702,43.633263,2023,2023-12-19
165000.0,81.0,4,34070,3.83373,43.609315,2023,2023-12-14
120000.0,83.0,4,34070,3.836052,43.608116,2023,2023-12-18
83900.0,22.0,1,34000,3.883642,43.601862,2023,2023-12-19
120000.0,47.0,3,34000,3.880592,43.601561,2023,2023-12-15
54000.0,19.0,1,34080,3.824287,43.61458,2023,2023-12-18
110000.0,26.0,1,34090,3.844744,43.633909,2023,2023-12-08
110000.0,20.0,1,34090,3.858841,43.637555,2023,2023-11-14
164500.0,50.0,2,34080,3.831735,43.635308,2023,2023-12-21
330000.0,82.0,3,34000,3.876893,43.609401,2023,2023-12-18
79450.0,22.0,1,34070,3.882822,43.596009,2023,2023-12-18
180000.0,64.0,4,34000,3.868209,43.616157,2023,2023-12-13
113050.0,35.0,1,34070,3.885208,43.600898,2023,2023-12-08
158580.0,63.0,3,34080,3.851374,43.623156,2023,2023-12-18
260000.0,50.0,2,34090,3.877104,43.615745,2023,2023-12-18
113130.0,22.0,1,34000,3.897596,43.602334,2023,2023-12-14
215500.0,54.0,2,34000,3.891485,43.60737,2023,2023-12-21
205600.0,67.0,3,34070,3.862978,43.617611,2023,2023-12-21
235000.0,66.0,3,34000,3.897826,43.606536,2023,2023-12-15
154080.0,40.0,2,34000,3.877987,43.60916,2023,2023-12-06
175000.0,53.0,2,34070,3.838662,43.607895,2023,2023-12-08
197976.62,41.0,2,34000,3.9103,43.602999,2023,2023-12-21
94220.0,23.0,2,34000,3.867305,43.60917,2023,2023-12-21
208690.0,61.0,3,34070,3.849169,43.590632,2023,2023-11-29
70000.0,11.0,1,34000,3.881074,43.608197,2023,2023-11-29
339600.0,94.0,4,34000,3.88786,43.60634,2023,2023-12-21
192000.0,46.0,2,34090,3.885027,43.625545,2023,2023-11-24
400200.0,101.0,5,34090,3.878987,43.622238,2023,2023-12-14
184000.0,80.0,3,34000,3.889959,43.605097,2023,2023-12-26
67000.0,19.0,1,34000,3.878575,43.602153,2023,2023-12-12
141020.0,50.0,1,34000,3.872398,43.607581,2023,2023-12-14
340600.0,108.0,4,34000,3.872384,43.602214,2023,2023-12-06
225000.0,87.0,4,34070,3.861093,43.599745,2023,2023-12-15
210000.0,90.0,4,34080,3.827187,43.616086,2023,2023-12-13
105000.0,47.0,2,34080,3.825337,43.613277,2023,2023-12-14
223250.0,46.0,2,34000,3.906072,43.599602,2023,2023-12-08
205500.0,57.0,3,34070,3.881181,43.591522,2023,2023-04-24
147300.0,45.0,2,34070,3.851277,43.58873,2023,2023-12-19
385800.0,80.0,4,34000,3.907468,43.600344,2023,2023-12-20
71800.0,31.0,1,34080,3.827187,43.616086,2023,2023-12-22
93000.0,54.0,3,34070,3.848628,43.60834,2023,2023-12-11
137120.0,29.0,1,34000,3.8739,43.603434,2023,2023-12-05
78150.0,22.0,1,34090,3.862379,43.62716,2023,2023-12-07
78000.0,18.0,1,34090,3.856655,43.631871,2023,2023-12-12
81000.0,18.0,1,34090,3.856655,43.631871,2023,2023-12-11
100000.0,30.0,2,34070,3.883923,43.603539,2023,2023-12-19
161000.0,74.0,4,34080,3.851374,43.623156,2023,2023-12-15
177850.0,42.0,2,34000,3.908881,43.610502,2023,2023-12-14
82000.0,22.0,1,34090,3.86267,43.626345,2023,2023-12-13
174600.0,32.0,1,34090,3.874979,43.628781,2023,2023-12-18
240000.0,79.0,3,34000,3.88786,43.60634,2023,2023-12-28
194250.0,47.0,2,34000,3.891835,43.606565,2023,2023-12-28
290000.0,153.0,5,34000,3.881156,43.601445,2023,2023-12-27
47445.0,12.0,1,34090,3.86423,43.622905,2023,2023-12-19
133200.0,79.0,5,34070,3.886522,43.592608,2023,2023-12-22
90000.0,23.0,1,34000,3.892298,43.612749,2023,2023-12-29
112000.0,71.0,3,34070,3.87077,43.597489,2023,2023-06-19
72000.0,18.0,1,34090,3.845294,43.628354,2023,2023-12-27
132400.0,32.0,1,34000,3.901953,43.607207,2023,2023-12-27
72200.0,25.0,1,34080,3.851319,43.618445,2023,2023-12-22
94350.0,16.0,1,34000,3.873238,43.609398,2023,2023-12-18
69500.0,49.0,3,34090,3.868382,43.626196,2023,2023-12-19
145000.0,43.0,2,34000,3.884908,43.609836,2023,2023-12-15
29000.0,7.0,1,34000,3.881962,43.606934,2023,2023-12-22
95000.0,59.0,2,34000,3.87619,43.61271,2023,2023-12-19
226000.0,63.0,3,34000,3.893509,43.606468,2023,2023-12-22
130000.0,66.0,3,34070,3.87077,43.597489,2023,2023-12-13
127500.0,58.0,3,34070,3.8555,43.605346,2023,2023-12-08
142000.0,34.0,1,34000,3.908059,43.607515,2023,2023-12-21
413000.0,77.0,4,34000,3.908712,43.605385,2023,2023-12-12
219500.0,40.0,2,34080,3.848437,43.625109,2023,2023-12-27
181000.0,63.0,3,34070,3.859627,43.591212,2023,2023-12-28
110000.0,59.0,2,34070,3.867489,43.594589,2023,2023-12-21
153000.0,49.0,2,34070,3.86008,43.582786,2023,2023-12-22
110000.0,26.0,1,34000,3.878467,43.600588,2023,2023-12-12
87800.0,18.0,1,34090,3.838355,43.640196,2023,2023-12-15
99000.0,22.0,2,34090,3.860284,43.625002,2023,2023-12-07
148000.0,48.0,3,34000,3.874501,43.602427,2023,2023-12-22
143925.0,46.0,2,34000,3.879782,43.595959,2023,2023-12-15
285200.0,61.0,3,34000,3.878087,43.601472,2023,2023-12-29
330000.0,75.0,3,34090,3.881042,43.625605,2023,2023-12-28
209000.0,97.0,4,34000,3.866773,43.606795,2023,2023-12-29
330000.0,95.0,4,34000,3.863925,43.612344,2023,2023-12-27
125000.0,42.0,2,34070,3.860855,43.603947,2023,2023-12-14
180000.0,72.0,4,34070,3.885539,43.594369,2023,2023-12-22
144440.0,60.0,3,34080,3.824038,43.613803,2023,2023-12-19
164000.0,41.0,2,34000,3.890753,43.614562,2023,2023-12-15
150000.0,51.0,2,34000,3.896269,43.605244,2023,2023-12-19
180750.0,41.0,2,34000,3.905033,43.599173,2023,2023-12-21
270000.0,66.0,3,34090,3.86521,43.624132,2023,2023-12-21
82000.0,21.0,1,34070,3.891022,43.590893,2023,2023-12-29
107000.0,44.0,2,34080,3.841634,43.61433,2023,2023-12-21
78000.0,19.0,1,34000,3.878575,43.602153,2023,2023-12-29
153470.0,36.0,1,34000,3.877892,43.609184,2023,2023-12-21
169376.0,48.0,2,34000,3.877398,43.606816,2023,2023-12-12
267330.0,78.0,4,34090,3.837875,43.6391,2023,2023-12-20
225000.0,38.0,2,34090,3.864016,43.627985,2023,2023-12-27
625000.0,100.0,4,34080,3.835575,43.629711,2023,2023-12-22
93000.0,21.0,1,34090,3.862864,43.624078,2023,2023-12-12
93120.0,22.0,1,34000,3.876338,43.607357,2023,2023-12-15
148350.0,38.0,2,34090,3.85988,43.628271,2023,2023-12-15
190000.0,53.0,3,34000,3.876192,43.612047,2023,2023-12-21
265000.0,67.0,3,34000,3.87628,43.607664,2023,2023-12-20
97336.93,29.0,1,34080,3.826908,43.615558,2023,2023-12-19
131000.0,41.0,2,34070,3.846225,43.615092,2023,2023-12-26
134501.0,33.0,2,34000,3.882452,43.601855,2023,2023-12-21
56429.0,17.0,1,34090,3.851932,43.623432,2023,2023-12-22
240000.0,96.0,4,34000,3.886274,43.622247,2023,2023-12-21
170010.0,66.0,3,34070,3.879735,43.595049,2023,2023-12-27
115000.0,61.0,3,34070,3.868421,43.594405,2023,2023-12-27
75000.0,22.0,1,34070,3.866183,43.609709,2023,2023-12-28
130000.0,53.0,2,34070,3.874328,43.59028,2023,2023-12-21
249500.0,49.0,2,34000,3.903771,43.607477,2023,2023-12-15
166500.0,68.0,4,34090,3.865065,43.625555,2023,2023-12-21
436650.0,95.0,4,34090,3.884455,43.639729,2023,2023-12-29
219500.0,67.0,3,34070,3.894147,43.60314,2023,2023-12-21
68000.0,25.0,1,34070,3.872186,43.589789,2023,2023-12-18
81000.0,19.0,1,34090,3.864641,43.624832,2023,2023-12-28
186970.0,65.0,3,34070,3.859361,43.599718,2023,2023-12-28
311820.0,62.0,3,34000,3.905319,43.599186,2023,2023-12-21
100000.0,61.0,3,34070,3.868421,43.594405,2023,2023-12-21
78700.0,42.0,2,34080,3.827944,43.612713,2023,2023-12-20
272440.0,65.0,3,34070,3.861609,43.58572,2023,2023-12-22
105000.0,35.0,2,34000,3.870913,43.608099,2023,2023-12-22
221350.0,41.0,2,34070,3.897883,43.596443,2023,2023-12-21
145070.0,28.0,1,34000,3.875353,43.612548,2023,2023-12-18
61880.0,21.0,1,34000,3.88206,43.602136,2023,2023-12-26
396570.0,66.0,3,34000,3.901165,43.596946,2023,2023-12-18
125000.0,48.0,2,34080,3.827187,43.616086,2023,2023-12-29
174350.0,78.0,4,34070,3.836052,43.608116,2023,2023-12-14
194000.0,51.0,2,34090,3.874212,43.61794,2023,2023-12-27
115376.0,72.0,3,34070,3.832739,43.598198,2023,2023-12-21
150000.0,66.0,3,34070,3.874468,43.59745,2023,2023-12-28
68350.0,21.0,1,34070,3.85269,43.603029,2023,2023-12-29
166300.0,73.0,4,34070,3.868421,43.594405,2023,2023-12-28
244750.0,116.0,5,34000,3.87405,43.609177,2023,2023-12-29
131110.0,32.0,2,34000,3.884148,43.600971,2023,2023-12-18
293750.0,69.0,3,34000,3.890608,43.605672,2023,2023-12-19
109000.0,20.0,1,34090,3.875887,43.617389,2023,2023-12-20
120000.0,44.0,2,34070,3.863728,43.600857,2023,2023-12-28
261030.0,103.0,4,34070,3.86604,43.596752,2023,2023-12-28
350850.0,91.0,4,34090,3.877537,43.617232,2023,2023-12-14
288400.0,67.0,3,34000,3.875515,43.614148,2023,2023-12-29
263443.0,78.0,3,34000,3.86746,43.603606,2023,2023-12-28
148000.0,52.0,3,34070,3.865575,43.602623,2023,2023-12-26
118000.0,36.0,2,34090,3.868049,43.636367,2023,2023-12-22
248150.0,41.0,2,34090,3.86319,43.62079,2023,2023-12-27
203250.0,48.0,3,34000,3.902173,43.606644,2023,2023-12-19
154500.0,72.0,1,34070,3.885539,43.594369,2023,2023-12-29
91000.0,23.0,1,34000,3.897596,43.602334,2023,2023-12-21
138000.0,47.0,2,34090,3.863024,43.640576,2023,2023-12-29
231310.0,100.0,5,34070,3.838662,43.607895,2023,2023-12-16
167500.0,69.0,4,34070,3.887125,43.602424,2023,2023-12-21
68000.0,30.0,1,34080,3.846555,43.619867,2023,2023-12-22
165400.0,68.0,3,34070,3.873371,43.588959,2023,2023-12-22
255000.0,71.0,3,34000,3.865191,43.613524,2023,2023-12-22
317155.0,82.0,4,34070,3.891413,43.60454,2023,2023-12-29
83000.0,25.0,1,34000,3.868496,43.606606,2023,2023-12-22
97000.0,80.0,4,34080,3.81896,43.633792,2023,2023-12-18
146000.0,90.0,2,34000,3.880467,43.612603,2023,2023-12-28
66000.0,22.0,1,34090,3.852553,43.621567,2023,2023-12-22
227650.0,66.0,3,34000,3.895154,43.60583,2023,2023-12-28
83000.0,27.0,2,34070,3.866894,43.592834,2023,2023-12-22
90000.0,35.0,1,34070,3.874633,43.591677,2023,2023-12-29
305400.0,61.0,3,34000,3.878087,43.601472,2023,2023-12-29
82470.0,21.0,1,34070,3.891022,43.590893,2023,2023-12-21
105000.0,30.0,1,34000,3.893083,43.609122,2023,2023-12-20
169855.0,55.0,3,34070,3.862383,43.588723,2023,2023-12-11
82000.0,23.0,1,34000,3.892298,43.612749,2023,2023-12-27
245650.0,67.0,3,34080,3.834542,43.630442,2023,2023-12-29
299500.0,62.0,3,34080,3.848437,43.625109,2023,2023-12-22
110000.0,84.0,3,34070,3.848822,43.596339,2023,2023-12-22
179000.0,71.0,4,34070,3.871134,43.597027,2023,2023-12-29
207000.0,76.0,4,34070,3.857382,43.593153,2023,2023-12-21
371000.0,90.0,4,34000,3.863083,43.61359,2023,2023-12-20
21000.0,15.0,1,34090,3.872688,43.62158,2023,2023-12-27
100521.0,48.0,2,34080,3.826286,43.613981,2023,2023-12-29
200000.0,53.0,4,34000,3.876471,43.611881,2023,2023-12-15
215000.0,55.0,4,34070,3.866421,43.608655,2023,2023-12-28
151800.0,38.0,2,34070,3.860786,43.578387,2023,2023-12-28
300000.0,79.0,4,34000,3.891413,43.60454,2023,2023-12-21
77970.0,26.0,1,34080,3.83588,43.621424,2023,2023-12-28
50000.0,24.0,1,34070,3.834146,43.608785,2023,2023-12-29
165000.0,41.0,2,34070,3.826979,43.609251,2023,2023-11-24
80000.0,25.0,1,34000,3.875644,43.610206,2023,2023-12-27
142000.0,64.0,3,34080,3.825338,43.614042,2023,2023-12-19
62000.0,25.0,1,34070,3.834146,43.608785,2023,2023-11-30
93000.0,50.0,2,34070,3.884593,43.593825,2023,2023-07-03
123000.0,37.0,2,34070,3.850137,43.596135,2023,2023-05-16
70000.0,53.0,2,34080,3.829352,43.611691,2023,2023-11-20
206000.0,80.0,3,34090,3.875368,43.631317,2023,2023-06-19
85000.0,23.0,1,34090,3.872046,43.631978,2023,2023-12-18
95000.0,79.0,5,34070,3.885124,43.593451,2023,2023-11-06
40000.0,17.0,1,34080,3.837947,43.613467,2024,2024-01-05
160500.0,43.0,2,34090,3.868303,43.636036,2024,2024-01-05
152550.0,42.0,2,34000,3.89248,43.613723,2024,2024-01-05
131530.8,29.0,1,34000,3.876283,43.612872,2024,2024-01-05
170500.0,70.0,3,34070,3.886305,43.593939,2024,2024-01-09
100000.0,21.0,1,34000,3.88144,43.617544,2024,2024-01-04
78000.0,18.0,1,34090,3.856655,43.631871,2024,2024-01-03
100000.0,40.0,2,34070,3.867128,43.596109,2024,2024-01-04
47000.0,16.0,1,34000,3.881803,43.601744,2024,2024-01-12
265000.0,88.0,4,34000,3.878736,43.596726,2024,2024-01-03
135000.0,55.0,2,34080,3.826113,43.613047,2024,2024-01-09
55619.48,36.0,1,34070,3.860815,43.59335,2024,2024-01-05
37050.0,9.0,1,34000,3.877091,43.612596,2024,2024-01-10
74500.0,18.0,1,34070,3.857794,43.612319,2024,2024-01-03
95000.0,21.0,1,34000,3.875436,43.61163,2024,2024-01-04
88500.0,30.0,1,34080,3.840901,43.617317,2024,2024-01-08
74470.0,19.0,1,34070,3.876339,43.581538,2024,2024-01-04
139000.0,41.0,2,34000,3.873092,43.603668,2024,2024-01-05
168000.0,53.0,2,34000,3.87898,43.613502,2024,2024-01-11
140000.0,53.0,2,34070,3.864743,43.587044,2024,2024-01-03
140000.0,66.0,4,34070,3.875352,43.594452,2024,2024-01-04
140830.0,35.0,2,34000,3.879659,43.604535,2024,2024-01-12
281740.0,93.0,3,34000,3.875508,43.598068,2024,2024-01-09
165000.0,50.0,2,34000,3.880592,43.601561,2024,2024-01-11
153000.0,54.0,3,34000,3.878957,43.61308,2024,2024-01-08
145000.0,36.0,2,34070,3.859627,43.591212,2024,2024-01-09
105000.0,32.0,2,34070,3.866471,43.608041,2024,2024-01-10
269350.0,71.0,3,34000,3.903771,43.607477,2024,2024-01-10
140000.0,63.0,3,34080,3.849301,43.621547,2024,2024-01-08
108870.0,20.0,1,34090,3.848142,43.638426,2024,2024-01-11
153000.0,43.0,2,34090,3.838637,43.640729,2024,2024-01-08
100000.0,56.0,3,34090,3.88084,43.614502,2024,2024-01-12
231000.0,54.0,2,34090,3.84402,43.641391,2024,2024-01-15
82000.0,29.0,2,34080,3.841634,43.61433,2024,2024-01-04
225000.0,89.0,5,34070,3.892468,43.592944,2024,2024-01-04
132780.0,28.0,1,34090,3.872488,43.620791,2024,2024-01-09
261360.0,75.0,3,34000,3.894345,43.612654,2024,2024-01-15
369590.0,105.0,5,34070,3.860218,43.582009,2024,2024-01-16
171500.0,67.0,4,34000,3.888198,43.620449,2024,2024-01-12
242500.0,51.0,2,34090,3.877823,43.615423,2024,2024-01-05
65600.0,20.0,1,34090,3.870352,43.628869,2024,2024-01-08
101000.0,27.0,1,34000,3.893415,43.604874,2024,2024-01-11
111800.0,31.0,1,34080,3.847379,43.6227,2024,2024-01-12
110000.0,48.0,2,34070,3.855822,43.615114,2024,2024-01-09
285150.0,72.0,3,34000,3.906072,43.599602,2024,2024-01-11
88000.0,26.0,1,34090,3.842283,43.628897,2024,2024-01-09
165000.0,64.0,3,34070,3.846225,43.615092,2024,2024-01-17
223400.0,59.0,3,34070,3.860786,43.578387,2024,2024-01-17
131000.0,67.0,3,34070,3.826017,43.611312,2024,2024-01-19
129000.0,69.0,4,34070,3.854727,43.60843,2024,2024-01-16
225400.0,64.0,2,34000,3.876096,43.608184,2024,2024-01-16
143950.0,25.0,1,34070,3.864083,43.606099,2024,2024-01-09
250000.0,65.0,3,34000,3.878367,43.612468,2024,2024-01-11
271698.0,102.0,5,34000,3.891014,43.613888,2024,2024-01-11
145330.0,32.0,2,34000,3.90586,43.613163,2024,2024-01-04
237800.0,86.0,4,34090,3.852553,43.621567,2024,2024-01-18
106500.0,32.0,2,34070,3.865694,43.598289,2024,2024-01-11
175000.0,47.0,2,34090,3.837875,43.6391,2024,2024-01-12
152000.0,33.0,1,34000,3.879949,43.613915,2024,2024-01-17
79000.0,30.0,1,34090,3.85766,43.62123,2024,2024-01-08
104000.0,63.0,3,34070,3.836052,43.608116,2024,2024-01-16
108000.0,76.0,4,34070,3.866188,43.595571,2024,2024-01-11
274485.0,78.0,3,34070,3.849169,43.590632,2024,2024-01-05
160000.0,78.0,4,34080,3.838108,43.611795,2024,2024-01-18
200000.0,91.0,4,34090,3.869151,43.63891,2024,2024-01-09
110000.0,35.0,2,34090,3.863205,43.61902,2024,2024-01-03
150000.0,46.0,2,34000,3.882832,43.604235,2024,2024-01-05
125000.0,54.0,2,34070,3.846077,43.61599,2024,2024-01-10
227000.0,67.0,4,34000,3.894306,43.623446,2024,2024-01-16
375000.0,85.0,4,34090,3.878987,43.622238,2024,2024-01-18
190000.0,42.0,2,34070,3.9103,43.602999,2024,2024-01-11
175000.0,49.0,2,34000,3.889536,43.607413,2024,2024-01-10
305080.0,63.0,3,34000,3.907468,43.600344,2024,2024-01-19
228200.0,71.0,4,34070,3.856047,43.609575,2024,2024-01-08
900000.0,228.0,6,34000,3.867728,43.612811,2024,2024-01-19
185000.0,62.0,3,34070,3.853903,43.590045,2024,2024-01-18
308000.0,66.0,3,34000,3.901165,43.596946,2024,2024-01-23
163000.0,45.0,2,34070,3.851531,43.589201,2024,2024-01-02
179000.0,62.0,3,34070,3.851449,43.591723,2024,2024-01-09
201200.0,78.0,4,34000,3.879729,43.600163,2024,2024-01-05
110000.0,19.0,1,34090,3.874796,43.617041,2024,2024-01-08
116005.0,48.0,3,34000,3.869698,43.604693,2024,2024-01-12
151535.0,66.0,4,34070,3.882335,43.595027,2024,2024-01-23
460660.0,75.0,2,34000,3.898142,43.605826,2024,2024-01-17
224200.0,78.0,4,34090,3.877457,43.629374,2024,2024-01-23
211200.0,96.0,5,34070,3.868984,43.592641,2024,2024-01-11
200000.0,74.0,4,34000,3.889544,43.615163,2024,2024-01-17
162285.0,60.0,3,34070,3.860533,43.605103,2024,2024-01-19
134620.0,71.0,4,34070,3.872174,43.595919,2024,2024-01-26
170000.0,63.0,3,34070,3.867508,43.59242,2024,2024-01-22
63700.0,17.0,1,34090,3.878523,43.615007,2024,2024-01-26
172000.0,53.0,2,34090,3.856229,43.633435,2024,2024-01-22
140250.0,49.0,2,34070,3.846884,43.597677,2024,2024-01-08
136000.0,44.0,1,34000,3.876403,43.612251,2024,2024-01-04
192150.0,36.0,2,34000,3.900839,43.59718,2024,2024-01-09
350000.0,106.0,5,34090,3.876864,43.617841,2024,2024-01-23
83600.0,19.0,1,34090,3.879026,43.623491,2024,2024-01-25
147800.0,109.0,4,34080,3.831137,43.618123,2024,2024-01-17
59800.0,16.0,1,34070,3.856007,43.590733,2024,2024-01-25
122000.0,72.0,3,34080,3.846846,43.622255,2024,2024-01-12
76320.0,37.0,2,34000,3.868676,43.607124,2024,2024-01-04
126380.0,41.0,2,34090,3.861535,43.625249,2024,2024-01-05
156750.0,40.0,2,34070,3.86604,43.596752,2024,2024-01-04
190000.0,69.0,3,34070,3.865721,43.60053,2024,2024-01-10
242000.0,92.0,4,34090,3.859375,43.624466,2024,2024-01-15
88000.0,54.0,3,34080,3.830808,43.615516,2024,2024-01-25
145000.0,73.0,4,34070,3.868421,43.594405,2024,2024-01-25
155000.0,73.0,4,34070,3.868421,43.594405,2024,2024-01-25
88700.0,24.0,1,34070,3.852732,43.587933,2024,2024-01-23
167000.0,44.0,2,34070,3.861742,43.586065,2024,2024-01-18
390000.0,78.0,3,34000,3.901148,43.598539,2024,2024-01-11
126980.0,35.0,2,34000,3.862104,43.611596,2024,2024-01-12
263000.0,66.0,3,34090,3.874213,43.631682,2024,2024-01-19
268000.0,82.0,3,34000,3.869026,43.606385,2024,2024-01-22
173000.0,55.0,3,34080,3.836867,43.632166,2024,2024-01-23
406050.0,89.0,4,34000,3.902657,43.597912,2024,2024-01-08
129350.0,49.0,3,34000,3.871338,43.602013,2024,2024-01-17
180000.0,75.0,4,34000,3.89888,43.615496,2024,2024-01-05
154490.0,45.0,2,34090,3.872184,43.619473,2024,2024-01-24
85600.0,56.0,2,34070,3.854115,43.600002,2024,2024-01-16
240000.0,61.0,3,34000,3.865191,43.613524,2024,2024-01-24
354600.0,127.0,5,34000,3.878797,43.611805,2024,2024-01-31
108500.0,23.0,1,34000,3.878149,43.605391,2024,2024-01-23
195000.0,42.0,2,34000,3.906659,43.608548,2024,2024-01-23
181000.0,39.0,2,34000,3.885496,43.626822,2024,2024-01-23
162000.0,50.0,2,34070,3.853028,43.587231,2024,2024-01-22
222900.0,60.0,3,34000,3.895154,43.60583,2024,2024-01-25
113550.0,25.0,1,34000,3.879138,43.613842,2024,2024-01-22
238820.0,62.0,4,34070,3.857118,43.60285,2024,2024-01-23
110000.0,28.0,1,34000,3.910693,43.607951,2024,2024-01-26
87500.0,19.0,1,34000,3.878575,43.602153,2024,2024-01-25
123960.0,50.0,2,34070,3.894876,43.601219,2024,2024-01-26
145000.0,54.0,3,34070,3.850304,43.607739,2024,2024-02-02
79920.0,18.0,1,34080,3.8442,43.632006,2024,2024-01-15
98800.0,23.0,1,34000,3.866741,43.626741,2024,2024-01-08
111500.0,30.0,1,34000,3.87632,43.608013,2024,2024-01-30
88550.0,19.0,1,34070,3.857794,43.612319,2024,2024-01-11
200464.0,67.0,4,34070,3.887613,43.600466,2024,2024-01-30
90000.0,47.0,2,34070,3.867021,43.595401,2024,2024-01-24
155000.0,65.0,3,34070,3.874216,43.595399,2024,2024-01-30
70000.0,21.0,1,34000,3.882486,43.61865,2024,2024-01-25
180000.0,80.0,4,34000,3.89248,43.613723,2024,2024-01-31
192720.0,71.0,3,34090,3.85444,43.620964,2024,2024-01-23
227100.0,76.0,3,34080,3.830632,43.616366,2024,2024-01-15
216850.0,80.0,5,34070,3.846077,43.61599,2024,2024-02-02
90000.0,55.0,2,34090,3.873657,43.624511,2024,2024-01-30
187200.0,64.0,3,34000,3.887981,43.61515,2024,2024-01-18
182200.0,43.0,2,34000,3.904075,43.607733,2024,2024-02-01
180000.0,85.0,4,34000,3.849091,43.616213,2024,2024-01-31
79900.0,25.0,1,34090,3.857257,43.621294,2024,2024-01-24
114200.0,41.0,2,34080,3.841272,43.616814,2024,2024-01-30
163000.0,38.0,2,34000,3.898345,43.615102,2024,2024-01-25
390000.0,153.0,5,34000,3.881156,43.601445,2024,2024-01-31
78400.0,19.0,1,34090,3.864641,43.624832,2024,2024-01-19
135600.0,49.0,2,34070,3.855474,43.594061,2024,2024-02-02
289100.0,91.0,4,34000,3.907872,43.609407,2024,2024-01-26
159280.0,45.0,1,34000,3.874006,43.605981,2024,2024-01-30
180000.0,70.0,3,34000,3.88675,43.614319,2024,2024-01-24
135235.0,67.0,3,34080,3.829352,43.611691,2024,2024-01-30
217600.0,72.0,3,34000,3.849091,43.616213,2024,2024-01-29
72000.0,17.0,1,34090,3.863973,43.618139,2024,2024-01-30
107800.0,35.0,1,34070,3.874633,43.591677,2024,2024-01-18
139000.0,30.0,2,34070,3.888278,43.60225,2024,2024-01-31
156000.0,45.0,2,34000,3.889959,43.605097,2024,2024-01-17
122500.0,41.0,2,34090,3.856342,43.622075,2024,2024-01-30
140000.0,56.0,2,34090,3.859375,43.624466,2024,2024-01-30
125000.0,41.0,2,34000,3.895451,43.62403,2024,2024-01-23
102260.0,35.0,1,34070,3.856779,43.606864,2024,2024-01-31
55000.0,22.0,1,34090,3.852553,43.621567,2024,2024-01-31
108500.0,49.0,3,34080,3.831137,43.618123,2024,2024-01-17
119000.0,37.0,2,34070,3.847755,43.598164,2024,2024-01-25
110000.0,31.0,1,34090,3.869697,43.626179,2024,2024-01-31
145000.0,49.0,2,34090,3.848031,43.628082,2024,2024-01-25
303800.0,81.0,4,34070,3.846587,43.594407,2024,2024-02-02
325025.0,90.0,4,34070,3.863526,43.617745,2024,2024-01-24
110000.0,24.0,1,34090,3.874796,43.617041,2024,2024-01-26
76500.0,20.0,1,34090,3.873951,43.618226,2024,2024-01-30
299700.0,60.0,3,34070,3.893806,43.595471,2024,2024-01-30
253500.0,63.0,3,34000,3.902211,43.596053,2024,2024-02-02
192110.0,77.0,3,34070,3.853021,43.606727,2024,2024-01-25
40000.0,18.0,1,34000,3.873226,43.609995,2024,2024-02-01
90050.0,43.0,2,34070,3.891022,43.590893,2024,2024-02-01
199600.0,61.0,3,34070,3.843817,43.592403,2024,2024-01-31
437600.0,80.0,4,34000,3.907468,43.600344,2024,2024-01-18
102000.0,41.0,1,34070,3.888931,43.594838,2024,2024-01-11
185000.0,50.0,2,34090,3.848031,43.628082,2024,2024-01-25
356000.0,80.0,3,34090,3.87509,43.631538,2024,2024-01-10
219420.0,87.0,4,34070,3.87236,43.598225,2024,2024-01-26
365000.0,83.0,3,34090,3.87665,43.617676,2024,2024-01-17
240000.0,46.0,3,34000,3.872161,43.609512,2024,2024-01-15
185130.0,56.0,2,34070,3.854115,43.600002,2024,2024-02-08
90000.0,20.0,1,34090,3.87257,43.620074,2024,2024-02-02
860000.0,207.0,6,34000,3.878457,43.608182,2024,2024-02-05
140000.0,73.0,4,34070,3.868794,43.594206,2024,2024-02-06
68850.0,20.0,1,34070,3.858405,43.603943,2024,2024-01-25
300500.0,99.0,4,34070,3.844713,43.591314,2024,2024-01-24
144000.0,38.0,1,34090,3.871224,43.627565,2024,2024-01-31
180000.0,77.0,3,34070,3.853021,43.606727,2024,2024-01-23
160000.0,80.0,4,34070,3.850361,43.604001,2024,2024-01-19
190000.0,41.0,2,34000,3.910937,43.605336,2024,2024-02-02
143800.0,35.0,2,34000,3.874823,43.610618,2024,2024-01-29
111650.0,32.0,2,34000,3.882343,43.607543,2024,2024-01-29
72100.0,27.0,1,34080,3.832006,43.620973,2024,2024-01-31
170000.0,77.0,3,34070,3.853021,43.606727,2024,2024-01-23
92000.0,70.0,4,34070,3.875006,43.594018,2024,2024-01-16
136000.0,71.0,4,34070,3.885032,43.591232,2024,2024-01-15
265000.0,69.0,3,34070,3.857287,43.581455,2024,2024-01-31
522500.0,156.0,6,34000,3.878096,43.611537,2024,2024-02-07
181000.0,48.0,2,34090,3.874047,43.618135,2024,2024-02-07
236335.0,71.0,3,34080,3.838064,43.630192,2024,2024-01-22
61000.0,36.0,2,34080,3.834232,43.61513,2024,2024-02-13
125000.0,32.0,1,34000,3.912366,43.614667,2024,2024-02-05
107000.0,27.0,2,34000,3.890502,43.602891,2024,2024-01-26
130025.0,100.0,4,34090,3.888223,43.624367,2024,2024-01-29
215000.0,90.0,4,34000,3.879729,43.600163,2024,2024-02-08
185000.0,86.0,4,34080,3.834493,43.613067,2024,2024-01-12
240000.0,47.0,2,34000,3.898665,43.600626,2024,2024-02-06
130000.0,37.0,2,34000,3.873262,43.610291,2024,2024-02-06
295000.0,72.0,4,34000,3.871221,43.610345,2024,2024-01-31
88000.0,21.0,1,34000,3.866082,43.615413,2024,2024-01-22
308000.0,80.0,4,34090,3.877823,43.615423,2024,2024-01-31
215000.0,42.0,2,34000,3.901062,43.600606,2024,2024-01-15
179300.0,67.0,3,34070,3.853789,43.589707,2024,2024-01-24
122000.0,39.0,2,34070,3.844998,43.595063,2024,2024-02-07
86500.0,25.0,1,34090,3.874773,43.633341,2024,2024-01-31
142000.0,70.0,3,34080,3.827089,43.613959,2024,2024-02-08
168000.0,40.0,2,34070,3.856255,43.582937,2024,2024-02-07
87000.0,26.0,1,34080,3.83588,43.621424,2024,2024-02-07
205000.0,48.0,2,34000,3.902054,43.611538,2024,2024-02-02
118000.0,84.0,4,34080,3.841272,43.616814,2024,2024-02-06
175000.0,58.0,3,34070,3.866894,43.592834,2024,2024-02-05
86000.0,23.0,1,34000,3.874107,43.59996,2024,2024-02-09
165000.0,28.0,2,34000,3.897996,43.603349,2024,2024-02-09
169000.0,41.0,2,34080,3.847984,43.622477,2024,2024-02-08
297500.0,66.0,3,34000,3.901165,43.596946,2024,2024-02-08
103000.0,50.0,2,34080,3.849301,43.621547,2024,2024-01-25
111000.0,26.0,1,34090,3.860804,43.628297,2024,2024-01-31
80000.0,19.0,1,34000,3.867305,43.60917,2024,2024-02-09
122000.0,41.0,2,34090,3.856229,43.633435,2024,2024-02-13
161100.0,73.0,4,34070,3.868421,43.594405,2024,2024-02-08
96000.0,50.0,2,34000,3.876074,43.605493,2024,2024-02-01
203000.0,49.0,2,34000,3.88484,43.626886,2024,2024-02-14
152000.0,91.0,4,34080,3.83588,43.621424,2024,2024-01-31
205125.0,60.0,3,34090,3.837875,43.6391,2024,2024-01-26
267495.0,84.0,4,34090,3.841355,43.642449,2024,2024-02-14
570000.0,107.0,5,34000,3.8903,43.606151,2024,2024-01-12
101000.0,70.0,4,34070,3.87385,43.594873,2024,2024-02-08
80000.0,18.0,1,34080,3.8442,43.632006,2024,2024-02-15
122000.0,37.0,2,34090,3.871045,43.628643,2024,2024-02-13
139120.0,37.0,2,34000,3.897826,43.606536,2024,2024-01-22
390430.0,106.0,6,34000,3.893338,43.614081,2024,2024-01-31
216300.0,67.0,4,34000,3.888198,43.620449,2024,2024-02-12
160000.0,46.0,2,34070,3.867211,43.601296,2024,2024-02-01
190000.0,80.0,3,34070,3.864705,43.599105,2024,2024-02-09
306700.0,84.0,4,34070,3.855063,43.58353,2024,2024-02-01
165000.0,65.0,3,34070,3.858043,43.590199,2024,2024-01-26
82730.0,15.0,1,34000,3.873486,43.606144,2024,2024-01-31
95000.0,21.0,1,34090,3.863024,43.640576,2024,2024-02-05
88500.0,33.0,1,34070,3.889789,43.594165,2024,2024-02-01
173148.0,45.0,2,34000,3.879177,43.61193,2024,2024-02-16
40000.0,17.0,1,34080,3.837947,43.613467,2024,2024-02-08
113000.0,44.0,2,34080,3.831528,43.613498,2024,2024-02-09
233000.0,45.0,1,34000,3.875739,43.611283,2024,2024-02-09
174000.0,42.0,3,34000,3.87639,43.606971,2024,2024-02-20
385000.0,64.0,2,34090,3.862511,43.641566,2024,2024-02-07
289750.0,90.0,5,34000,3.874357,43.603498,2024,2024-01-30
84500.0,19.0,1,34000,3.878575,43.602153,2024,2024-02-15
405680.0,115.0,4,34000,3.890749,43.606067,2024,2024-02-19
181470.0,46.0,2,34070,3.884972,43.602009,2024,2024-02-08
70540.0,18.0,1,34000,3.866346,43.613954,2024,2024-02-13
155000.0,58.0,3,34070,3.865575,43.602623,2024,2024-02-13
189000.0,48.0,2,34090,3.842617,43.640476,2024,2024-02-16
90000.0,30.0,1,34070,3.855071,43.600545,2024,2024-02-05
218400.0,60.0,3,34070,3.871375,43.590748,2024,2024-02-08
333000.0,91.0,4,34090,3.876843,43.624972,2024,2024-02-19
218000.0,70.0,4,34000,3.888395,43.614724,2024,2024-02-07
165000.0,44.0,2,34070,3.857153,43.582955,2024,2024-02-08
75000.0,25.0,1,34080,3.835291,43.618361,2024,2024-02-08
86400.0,50.0,2,34080,3.825338,43.614042,2024,2024-01-25
165000.0,62.0,2,34090,3.871303,43.626414,2024,2024-02-19
155000.0,38.0,2,34000,3.898536,43.602076,2024,2024-02-01
166820.0,42.0,2,34090,3.878114,43.617263,2024,2024-02-20
100000.0,62.0,3,34070,3.83734,43.596008,2024,2024-01-29
185000.0,98.0,6,34080,3.837422,43.613032,2024,2024-02-12
120000.0,25.0,2,34000,3.870932,43.602901,2024,2024-02-08
248500.0,57.0,3,34000,3.862426,43.610426,2024,2024-02-05
80000.0,37.0,2,34080,3.827944,43.612713,2024,2024-02-20
164000.0,37.0,2,34070,3.854115,43.600002,2024,2024-02-06
220000.0,67.0,3,34090,3.873657,43.624511,2024,2024-02-16
376090.0,103.0,4,34000,3.87986,43.604867,2024,2024-02-09
134500.0,35.0,1,34000,3.873351,43.610359,2024,2024-02-08
120970.0,48.0,2,34070,3.865073,43.59448,2024,2024-02-12
147500.0,49.0,2,34000,3.873606,43.604761,2024,2024-02-12
161000.0,50.0,2,34000,3.875085,43.610337,2024,2024-02-05
169500.0,61.0,2,34000,3.868901,43.607541,2024,2024-02-19
135000.0,50.0,3,34000,3.860218,43.614319,2024,2024-02-22
86550.0,35.0,1,34080,3.833415,43.612158,2024,2024-02-19
100000.0,56.0,3,34070,3.883533,43.592737,2024,2024-02-20
60000.0,32.0,2,34000,3.868496,43.606606,2024,2024-02-16
143000.0,73.0,4,34070,3.868967,43.59327,2024,2024-02-23
390319.0,68.0,3,34000,3.879996,43.607729,2024,2024-02-01
75000.0,20.0,1,34090,3.85444,43.620964,2024,2024-01-31
318250.0,69.0,3,34000,3.898142,43.605826,2024,2024-02-22
235000.0,64.0,2,34090,3.869215,43.617234,2024,2024-02-08
180000.0,43.0,2,34070,3.891238,43.590278,2024,2024-02-16
199000.0,83.0,4,34090,3.877336,43.626783,2024,2024-02-20
203550.0,65.0,3,34070,3.865333,43.583625,2024,2024-02-22
148000.0,48.0,2,34000,3.873262,43.610291,2024,2024-02-22
184000.0,67.0,3,34070,3.849805,43.591392,2024,2024-02-23
220000.0,119.0,6,34070,3.874633,43.591677,2024,2024-02-02
95000.0,69.0,3,34070,3.859111,43.584012,2024,2024-02-05
210000.0,58.0,3,34000,3.892688,43.605728,2024,2024-02-29
176050.0,45.0,3,34000,3.873455,43.610059,2024,2024-02-28
76000.0,21.0,1,34070,3.862511,43.610145,2024,2024-02-20
185300.0,77.0,3,34070,3.863683,43.607907,2024,2024-02-19
480600.0,126.0,6,34070,3.866252,43.608942,2024,2024-02-28
370000.0,109.0,4,34000,3.879144,43.614945,2024,2024-02-21
64000.0,17.0,1,34080,3.837947,43.613467,2024,2024-02-20
80000.0,29.0,2,34000,3.867493,43.606446,2024,2024-02-26
560250.0,117.0,5,34090,3.878028,43.638672,2024,2024-02-12
130000.0,31.0,1,34000,3.886231,43.603792,2024,2024-02-26
109000.0,37.0,2,34070,3.850137,43.596135,2024,2024-02-22
153200.0,44.0,2,34070,3.84918,43.61505,2024,2024-02-21
142500.0,32.0,2,34090,3.871017,43.628949,2024,2024-02-22
200800.0,69.0,3,34000,3.890207,43.608306,2024,2024-02-29
108000.0,22.0,1,34090,3.844188,43.640541,2024,2024-02-08
142250.0,60.0,2,34080,3.840425,43.62456,2024,2024-02-20
483450.0,117.0,3,34000,3.869346,43.609565,2024,2024-02-15
116800.0,29.0,2,34090,3.878987,43.622238,2024,2024-02-21
155436.0,70.0,3,34080,3.827089,43.613959,2024,2024-03-04
135265.0,29.0,1,34000,3.878836,43.612952,2024,2024-02-23
165000.0,50.0,2,34090,3.876765,43.625611,2024,2024-02-22
106000.0,24.0,1,34000,3.876517,43.607457,2024,2024-02-22
82000.0,29.0,1,34090,3.871224,43.627565,2024,2024-02-28
108885.0,27.0,2,34000,3.897596,43.602334,2024,2024-02-16
287500.0,86.0,4,34090,3.878987,43.622238,2024,2024-02-20
294500.0,56.0,3,34000,3.877103,43.608427,2024,2024-02-20
250470.0,71.0,4,34070,3.841407,43.59216,2024,2024-02-27
100000.0,28.0,3,34090,3.870208,43.617851,2024,2024-03-01
249010.0,81.0,4,34070,3.851531,43.589201,2024,2024-02-09
105800.0,28.0,1,34070,3.879735,43.595049,2024,2024-02-08
100000.0,33.0,2,34070,3.84659,43.598277,2024,2024-02-26
102000.0,25.0,1,34000,3.898207,43.617475,2024,2024-02-28
325200.0,99.0,4,34000,3.869365,43.615667,2024,2024-02-23
152500.0,38.0,2,34070,3.858068,43.580812,2024,2024-02-13
177000.0,73.0,4,34070,3.868421,43.594405,2024,2024-02-28
232750.0,79.0,4,34080,3.841355,43.623466,2024,2024-02-27
84000.0,18.0,1,34090,3.856229,43.633435,2024,2024-02-28
450000.0,72.0,3,34000,3.906459,43.603933,2024,2024-02-09
163000.0,47.0,2,34070,3.844713,43.591314,2024,2024-02-21
260194.0,140.0,7,34070,3.851083,43.609851,2024,2024-02-21
173000.0,68.0,4,34070,3.870783,43.598757,2024,2024-02-21
160000.0,74.0,4,34070,3.88856,43.598383,2024,2024-02-09
136000.0,36.0,2,34090,3.856229,43.633435,2024,2024-02-22
99050.0,23.0,1,34090,3.860598,43.623879,2024,2024-02-29
114590.0,33.0,1,34070,3.885613,43.605431,2024,2024-03-01
162900.0,77.0,4,34070,3.84738,43.604831,2024,2024-02-29
247000.0,77.0,3,34000,3.86866,43.601057,2024,2024-02-29
156340.0,48.0,2,34070,3.86895,43.586476,2024,2024-02-19
216448.0,63.0,3,34090,3.859296,43.627906,2024,2024-02-12
248000.0,88.0,4,34000,3.874782,43.600049,2024,2024-02-28
255000.0,73.0,4,34000,3.901191,43.606034,2024,2024-02-29
495150.0,89.0,3,34000,3.877893,43.604183,2024,2024-02-26
151830.0,29.0,2,34000,3.878187,43.609792,2024,2024-03-01
171000.0,50.0,2,34080,3.833728,43.63262,2024,2024-02-19
306110.0,68.0,3,34070,3.842621,43.591855,2024,2024-02-23
100000.0,26.0,1,34090,3.844744,43.633909,2024,2024-03-01
293600.0,70.0,3,34000,3.907961,43.607285,2024,2024-03-05
269000.0,60.0,3,34080,3.842045,43.625101,2024,2024-02-29
218000.0,63.0,3,34070,3.894479,43.600441,2024,2024-02-27
60000.0,21.0,1,34070,3.876339,43.581538,2024,2024-02-23
226900.0,68.0,3,34070,3.889884,43.595585,2024,2024-02-14
138500.0,53.0,2,34070,3.864743,43.587044,2024,2024-02-02
261131.0,64.0,3,34090,3.84157,43.640104,2024,2024-03-05
93000.0,21.0,1,34090,3.856229,43.633435,2024,2024-02-26
115000.0,79.0,4,34080,3.818537,43.641426,2024,2024-02-29
79000.0,39.0,2,34080,3.846555,43.619867,2024,2024-02-27
55500.0,19.0,1,34090,3.851932,43.623432,2024,2024-02-26
114520.0,29.0,1,34000,3.898207,43.617475,2024,2024-02-09
139360.0,67.0,4,34000,3.860218,43.614319,2024,2024-02-27
135000.0,67.0,4,34070,3.861343,43.604218,2024,2024-02-14
193000.0,58.0,2,34000,3.887106,43.605408,2024,2024-02-27
160000.0,31.0,2,34000,3.87639,43.606971,2024,2024-02-16
70000.0,20.0,1,34070,3.857794,43.612319,2024,2024-02-07
345850.0,73.0,2,34000,3.877106,43.612247,2024,2024-02-20
180000.0,67.0,3,34000,3.89248,43.613723,2024,2024-03-05
148635.0,27.0,1,34000,3.86899,43.608971,2024,2024-03-07
109475.0,31.0,1,34000,3.910818,43.60635,2024,2024-02-29
322470.0,68.0,3,34000,3.90428,43.60241,2024,2024-02-29
540000.0,160.0,4,34000,3.868766,43.614322,2024,2024-03-01
139000.0,50.0,2,34000,3.895451,43.62403,2024,2024-03-04
140850.0,68.0,4,34070,3.854727,43.60843,2024,2024-02-23
152650.0,50.0,2,34070,3.864351,43.606012,2024,2024-02-21
207430.0,56.0,2,34000,3.874063,43.600755,2024,2024-02-20
144170.0,36.0,1,34070,3.866485,43.606254,2024,2024-03-04
250000.0,72.0,3,34070,3.864469,43.609031,2024,2024-03-01
169600.0,42.0,2,34070,3.858526,43.58374,2024,2024-03-08
85000.0,18.0,1,34070,3.894717,43.601855,2024,2024-03-04
62000.0,18.0,1,34070,3.857794,43.612319,2024,2024-03-11
158000.0,54.0,2,34000,3.866773,43.606795,2024,2024-02-13
148000.0,50.0,3,34070,3.86552,43.588498,2024,2024-02-23
139900.0,61.0,3,34070,3.868421,43.594405,2024,2024-03-06
250675.0,65.0,4,34000,3.885702,43.614675,2024,2024-03-04
197000.0,82.0,4,34000,3.870566,43.603311,2024,2024-02-23
172185.0,71.0,4,34000,3.882587,43.607146,2024,2024-02-21
152000.0,64.0,2,34000,3.887411,43.605769,2024,2024-02-22
299000.0,113.0,4,34090,3.859375,43.624466,2024,2024-03-04
123500.0,30.0,1,34000,3.895464,43.608606,2024,2024-03-01
132000.0,34.0,2,34070,3.857006,43.588056,2024,2024-02-28
209000.0,101.0,5,34000,3.882841,43.608359,2024,2024-03-01
244600.0,80.0,3,34000,3.885292,43.621256,2024,2024-03-01
214966.0,114.0,5,34090,3.852553,43.621567,2024,2024-02-29
164000.0,49.0,2,34070,3.854993,43.593074,2024,2024-02-27
246000.0,78.0,4,34070,3.856488,43.596693,2024,2024-02-27
112000.0,23.0,1,34090,3.872679,43.622205,2024,2024-03-09
310000.0,95.0,4,34090,3.886274,43.622247,2024,2024-02-29
168000.0,64.0,3,34070,3.867211,43.601296,2024,2024-02-28
105000.0,62.0,4,34070,3.849794,43.602624,2024,2024-02-16
515000.0,153.0,5,34090,3.880088,43.619031,2024,2024-02-29
105361.0,65.0,3,34080,3.833151,43.611295,2024,2024-02-29
78800.0,16.0,0,34000,3.882268,43.605976,2024,2024-02-16
77000.0,24.0,1,34090,3.879072,43.615537,2024,2024-03-06
90000.0,30.0,2,34000,3.870913,43.608099,2024,2024-03-12
83000.0,18.0,1,34080,3.8436,43.635123,2024,2024-02-23
327000.0,63.0,3,34090,3.876608,43.621027,2024,2024-03-06
83000.0,18.0,1,34090,3.856655,43.631871,2024,2024-03-12
320000.0,63.0,3,34090,3.876608,43.621027,2024,2024-03-06
164000.0,50.0,2,34090,3.861166,43.618947,2024,2024-03-07
69439.16,22.0,1,34080,3.824762,43.632548,2024,2024-02-28
847100.0,241.0,7,34000,3.873033,43.605747,2024,2024-03-04
312115.0,74.0,3,34000,3.906581,43.613534,2024,2024-03-11
116000.0,31.0,1,34000,3.878938,43.601675,2024,2024-03-01
168000.0,72.0,4,34070,3.867918,43.598529,2024,2024-02-28
76000.0,24.0,1,34070,3.858589,43.604739,2024,2024-02-23
180000.0,56.0,3,34000,3.867789,43.605081,2024,2024-02-28
84000.0,26.0,1,34000,3.879471,43.603157,2024,2024-03-07
146230.0,44.0,2,34080,3.847271,43.619339,2024,2024-02-26
38685.15,14.0,1,34000,3.882592,43.604983,2024,2024-02-27
126000.0,34.0,2,34000,3.869698,43.604693,2024,2024-02-28
38500.0,21.0,1,34000,3.875197,43.609738,2024,2024-03-05
93000.0,21.0,1,34090,3.856229,43.633435,2024,2024-03-11
187000.0,102.0,6,34070,3.836052,43.608116,2024,2024-02-29
156000.0,50.0,2,34000,3.896269,43.605244,2024,2024-02-28
129700.0,30.0,1,34090,3.874979,43.628781,2024,2024-03-08
95000.0,40.0,2,34090,3.864042,43.620763,2024,2024-02-26
93500.0,21.0,1,34000,3.877794,43.608866,2024,2024-03-06
204800.0,43.0,2,34000,3.90602,43.602603,2024,2024-03-08
403000.0,85.0,4,34070,3.886817,43.595251,2024,2024-03-15
191000.0,65.0,3,34000,3.875393,43.607975,2024,2024-03-12
77000.0,19.0,1,34090,3.871707,43.63308,2024,2024-03-12
148000.0,44.0,2,34080,3.828586,43.635161,2024,2024-03-07
280630.0,69.0,3,34070,3.891413,43.60454,2024,2024-03-11
107450.0,25.0,1,34000,3.907699,43.613384,2024,2024-03-07
225000.0,48.0,2,34000,3.869203,43.613848,2024,2024-03-08
173500.0,79.0,5,34000,3.894306,43.623446,2024,2024-03-08
70000.0,13.0,1,34000,3.875498,43.608735,2024,2024-03-07
130000.0,36.0,1,34000,3.862032,43.612218,2024,2024-03-12
163000.0,41.0,2,34070,3.894014,43.60062,2024,2024-02-26
95000.0,30.0,1,34000,3.874616,43.609616,2024,2024-03-07
176200.0,64.0,3,34000,3.867094,43.604513,2024,2024-03-11
83000.0,15.0,1,34000,3.866082,43.615413,2024,2024-03-08
156000.0,53.0,2,34070,3.861093,43.599745,2024,2024-03-05
124000.0,36.0,2,34090,3.872585,43.632744,2024,2024-03-18
420000.0,101.0,5,34090,3.878987,43.622238,2024,2024-03-19
222000.0,96.0,4,34070,3.868984,43.592641,2024,2024-03-01
90000.0,24.0,1,34090,3.848972,43.638516,2024,2024-03-08
206000.0,94.0,5,34070,3.868279,43.597017,2024,2024-03-14
180000.0,90.0,5,34070,3.85736,43.608531,2024,2024-03-15
294150.0,85.0,4,34000,3.911367,43.61604,2024,2024-03-08
125000.0,29.0,2,34000,3.889208,43.60492,2024,2024-03-08
339500.0,66.0,3,34070,3.89533,43.596456,2024,2024-03-21
151700.0,52.0,2,34000,3.879313,43.602682,2024,2024-03-13
72000.0,19.0,1,34070,3.876339,43.581538,2024,2024-03-04
129300.0,30.0,2,34000,3.90586,43.613163,2024,2024-03-08
208400.0,66.0,3,34090,3.840701,43.64086,2024,2024-03-19
182780.0,85.0,5,34070,3.868421,43.594405,2024,2024-03-19
55000.0,18.0,1,34000,3.874441,43.614605,2024,2024-03-18
195000.0,74.0,4,34000,3.891156,43.615657,2024,2024-03-12
40000.0,12.0,1,34000,3.881074,43.608197,2024,2024-03-07
54000.0,16.0,1,34090,3.875214,43.616827,2024,2024-03-15
100000.0,28.0,1,34090,3.844744,43.633909,2024,2024-03-12
306000.0,109.0,4,34090,3.876843,43.624972,2024,2024-03-21
144211.0,98.0,5,34080,3.818537,43.641426,2024,2024-02-29
65000.0,22.0,1,34090,3.844825,43.632247,2024,2024-02-28
392500.0,78.0,3,34000,3.869991,43.612516,2024,2024-03-15
208750.0,51.0,2,34000,3.899683,43.601184,2024,2024-03-13
140000.0,79.0,4,34070,3.864628,43.594644,2024,2024-03-20
198100.0,61.0,3,34000,3.898207,43.617475,2024,2024-03-19
100000.0,25.0,1,34090,3.874773,43.633341,2024,2024-02-29
348000.0,95.0,4,34080,3.838064,43.630192,2024,2024-03-05
166500.0,68.0,3,34070,3.874311,43.589843,2024,2024-02-29
72000.0,17.0,1,34090,3.852553,43.621567,2024,2024-03-20
183000.0,47.0,2,34000,3.882937,43.607876,2024,2024-02-22
160800.0,61.0,3,34090,3.850771,43.634189,2024,2024-03-18
196765.0,47.0,2,34000,3.902916,43.610334,2024,2024-03-07
280724.0,68.0,3,34000,3.87514,43.612246,2024,2024-03-20
27000.0,10.0,1,34070,3.88342,43.605127,2024,2024-03-18
115000.0,50.0,3,34000,3.884316,43.601918,2024,2024-03-19
107330.0,45.0,2,34070,3.885038,43.605939,2024,2024-03-01
180000.0,45.0,2,34000,3.895137,43.600662,2024,2024-03-14
173300.0,49.0,2,34000,3.87753,43.604607,2024,2024-03-01
85000.0,43.0,1,34070,3.872411,43.596707,2024,2024-03-11
49000.0,35.0,2,34000,3.895154,43.60583,2024,2024-03-04
229800.0,42.0,2,34000,3.901062,43.600606,2024,2024-03-05
70000.0,18.0,1,34000,3.878738,43.61292,2024,2024-02-29
148000.0,45.0,2,34080,3.839912,43.620624,2024,2024-03-18
170000.0,50.0,3,34070,3.865322,43.597908,2024,2024-03-07
131500.0,23.0,1,34000,3.873501,43.611596,2024,2024-02-13
95000.0,57.0,3,34070,3.885032,43.591232,2024,2024-03-19
124000.0,62.0,3,34070,3.867021,43.595401,2024,2024-03-13
83000.0,18.0,1,34090,3.878643,43.616342,2024,2024-03-07
251000.0,57.0,2,34000,3.877463,43.609399,2024,2024-03-11
225000.0,79.0,4,34070,3.853021,43.606727,2024,2024-03-13
274000.0,99.0,5,34070,3.866464,43.591485,2024,2024-03-12
98000.0,18.0,1,34070,3.893722,43.60234,2024,2024-03-18
55500.0,23.0,1,34090,3.856743,43.637945,2024,2024-03-22
28500.0,17.0,1,34000,3.876339,43.609796,2024,2024-03-15
165000.0,60.0,3,34070,3.892521,43.598181,2024,2024-03-18
182330.0,39.0,2,34000,3.897092,43.620539,2024,2024-03-20
224000.0,120.0,5,34070,3.885501,43.593808,2024,2024-03-06
81550.0,54.0,2,34090,3.873657,43.624511,2024,2024-03-01
218000.0,69.0,4,34090,3.882435,43.627429,2024,2024-03-07
251100.0,68.0,3,34000,3.890174,43.612677,2024,2024-03-01
235000.0,57.0,3,34070,3.859377,43.58258,2024,2024-03-18
207000.0,62.0,3,34070,3.870092,43.592337,2024,2024-02-29
323000.0,81.0,4,34090,3.879235,43.61939,2024,2024-03-18
130000.0,48.0,2,34070,3.867399,43.598088,2024,2024-03-06
78000.0,22.0,1,34090,3.872046,43.631978,2024,2024-03-20
130000.0,37.0,2,34000,3.891449,43.605083,2024,2024-03-22
129000.0,40.0,2,34070,3.866894,43.592834,2024,2024-03-19
146500.0,68.0,3,34070,3.850361,43.604001,2024,2024-03-27
89540.0,21.0,1,34080,3.850988,43.619817,2024,2024-03-26
101440.0,65.0,3,34080,3.818537,43.641426,2024,2024-03-18
106980.0,48.0,2,34080,3.82818,43.615383,2024,2024-03-15
127000.0,43.0,2,34070,3.844713,43.591314,2024,2024-03-13
192200.0,91.0,4,34090,3.852821,43.620479,2024,2024-03-18
254200.0,84.0,3,34000,3.881995,43.60781,2024,2024-03-22
104000.0,27.0,1,34000,3.892298,43.612749,2024,2024-03-20
495000.0,138.0,5,34090,3.892341,43.628359,2024,2024-03-14
131100.0,26.0,1,34000,3.909448,43.610374,2024,2024-03-25
75625.0,18.0,1,34090,3.864091,43.624081,2024,2024-03-25
125627.0,54.0,3,34080,3.830808,43.615516,2024,2024-03-22
560350.0,116.0,4,34090,3.863973,43.618139,2024,2024-03-20
247900.0,75.0,3,34000,3.874063,43.600755,2024,2024-03-25
175000.0,41.0,2,34000,3.89571,43.60574,2024,2024-03-21
162000.0,43.0,2,34070,3.879735,43.595049,2024,2024-03-20
299000.0,83.0,4,34070,3.853976,43.588185,2024,2024-03-21
125000.0,68.0,3,34080,3.827944,43.612713,2024,2024-02-20
225000.0,60.0,3,34070,3.863301,43.608225,2024,2024-03-28
56730.0,36.0,1,34070,3.860815,43.59335,2024,2024-03-15
194300.0,71.0,3,34070,3.856592,43.592341,2024,2024-03-27
80000.0,23.0,1,34070,3.891022,43.590893,2024,2024-03-15
88000.0,25.0,1,34090,3.863317,43.62565,2024,2024-03-26
232540.0,80.0,4,34090,3.874653,43.628269,2024,2024-04-02
170500.0,44.0,2,34080,3.842668,43.615629,2024,2024-03-13
166400.0,46.0,2,34000,3.898345,43.615102,2024,2024-03-21
80000.0,40.0,2,34000,3.88175,43.60285,2024,2024-03-15
87000.0,25.0,1,34000,3.867842,43.607541,2024,2024-03-07
120600.0,36.0,2,34080,3.83305,43.6325,2024,2024-03-21
290000.0,78.0,3,34090,3.845393,43.640854,2024,2024-03-18
326000.0,92.0,4,34090,3.873657,43.624511,2024,2024-03-25
57770.0,17.0,1,34080,3.837947,43.613467,2024,2024-03-15
77000.0,19.0,1,34000,3.867021,43.609952,2024,2024-03-20
158000.0,84.0,4,34070,3.881668,43.5939,2024,2024-03-29
104000.0,25.0,1,34000,3.873132,43.606208,2024,2024-03-15
175000.0,68.0,3,34080,3.843208,43.616384,2024,2024-03-20
97000.0,33.0,2,34000,3.879229,43.612584,2024,2024-03-25
145000.0,48.0,2,34000,3.868912,43.601163,2024,2024-03-22
73000.0,14.0,1,34000,3.881074,43.608197,2024,2024-03-25
105000.0,54.0,3,34070,3.866661,43.608646,2024,2024-03-18
120000.0,68.0,4,34070,3.885032,43.591232,2024,2024-03-26
180000.0,51.0,2,34070,3.832981,43.610063,2024,2024-03-29
162200.0,61.0,3,34070,3.853608,43.585779,2024,2024-03-28
161294.0,52.0,2,34000,3.882411,43.602819,2024,2024-03-22
411900.0,80.0,3,34000,3.876855,43.607369,2024,2024-03-21
162500.0,50.0,2,34070,3.844713,43.591314,2024,2024-03-21
294000.0,69.0,3,34090,3.881881,43.622233,2024,2024-03-28
85000.0,25.0,2,34000,3.870913,43.608099,2024,2024-03-28
174000.0,58.0,2,34000,3.895464,43.608606,2024,2024-03-18
273585.0,100.0,4,34000,3.873351,43.610359,2024,2024-03-14
272050.0,92.0,4,34070,3.850308,43.589542,2024,2024-03-27
335705.0,71.0,4,34000,3.86693,43.610304,2024,2024-03-06
115000.0,79.0,5,34070,3.885124,43.593451,2024,2024-03-15
175000.0,51.0,2,34090,3.885524,43.629786,2024,2024-03-20
115000.0,67.0,4,34070,3.885124,43.593451,2024,2024-03-29
186700.0,82.0,4,34080,3.834232,43.61513,2024,2024-03-27
70000.0,17.0,1,34090,3.873657,43.624511,2024,2024-03-26
361000.0,92.0,4,34090,3.873303,43.617788,2024,2024-03-22
85000.0,18.0,1,34090,3.856655,43.631871,2024,2024-03-29
88300.0,19.0,1,34000,3.890502,43.602891,2024,2024-03-26
82000.0,23.0,1,34070,3.891022,43.590893,2024,2024-03-27
202000.0,39.0,2,34070,3.894014,43.60062,2024,2024-03-25
148650.0,46.0,3,34080,3.834267,43.631002,2024,2024-03-27
200000.0,91.0,5,34070,3.846875,43.59517,2024,2024-03-27
119900.0,66.0,4,34070,3.875352,43.594452,2024,2024-04-02
130000.0,25.0,1,34000,3.898536,43.602076,2024,2024-03-28
176000.0,63.0,3,34070,3.854115,43.600002,2024,2024-03-28
272102.0,60.0,3,34080,3.848993,43.625149,2024,2024-04-02
62200.0,18.0,1,34000,3.882826,43.603846,2024,2024-03-28
150000.0,68.0,3,34070,3.889884,43.595585,2024,2024-03-27
90000.0,19.0,1,34070,3.894717,43.601855,2024,2024-03-27
198000.0,58.0,3,34000,3.878087,43.601472,2024,2024-03-12
209630.0,79.0,5,34070,3.890712,43.601006,2024,2024-03-28
143000.0,69.0,3,34070,3.874216,43.595399,2024,2024-03-18
137000.0,39.0,2,34090,3.869475,43.626619,2024,2024-03-28
70000.0,49.0,2,34070,3.840705,43.592678,2024,2024-03-28
72000.0,19.0,1,34090,3.877104,43.615745,2024,2024-03-26
100000.0,51.0,2,34090,3.873657,43.624511,2024,2024-03-29
276085.0,102.0,3,34070,3.861449,43.601519,2024,2024-03-27
210000.0,51.0,2,34000,3.897641,43.601983,2024,2024-03-29
128000.0,27.0,1,34000,3.898207,43.617475,2024,2024-03-21
138000.0,73.0,4,34080,3.834593,43.614124,2024,2024-03-29
175000.0,67.0,4,34000,3.858643,43.618409,2024,2024-03-15
152500.0,50.0,2,34070,3.873061,43.597892,2024,2024-04-04
85000.0,20.0,1,34090,3.872486,43.62869,2024,2024-02-29
150900.0,67.0,4,34090,3.858643,43.618409,2024,2024-03-13
323100.0,103.0,4,34070,3.851719,43.6134,2024,2024-03-28
50000.0,18.0,1,34090,3.852657,43.623307,2024,2024-04-02
148000.0,50.0,2,34070,3.86604,43.596752,2024,2024-03-29
153150.0,73.0,4,34070,3.88248,43.593792,2024,2024-03-29
512750.0,92.0,4,34000,3.902211,43.596053,2024,2024-03-29
310000.0,96.0,5,34000,3.88786,43.60634,2024,2024-03-18
167000.0,60.0,4,34070,3.886999,43.594906,2024,2024-04-05
169000.0,50.0,2,34090,3.876765,43.625611,2024,2024-03-22
74600.0,19.0,1,34090,3.865128,43.61914,2024,2024-03-12
76000.0,44.0,2,34080,3.824969,43.614361,2024,2024-04-10
87000.0,27.0,1,34000,3.882661,43.603412,2024,2024-03-27
155000.0,62.0,3,34090,3.852553,43.621567,2024,2024-03-14
183200.0,55.0,3,34000,3.877494,43.608839,2024,2024-04-05
66000.0,38.0,2,34090,3.876241,43.624751,2024,2024-04-03
76000.0,20.0,1,34000,3.882826,43.603846,2024,2024-04-09
145000.0,86.0,4,34080,3.833151,43.611295,2024,2024-04-04
236300.0,90.0,4,34000,3.878797,43.611805,2024,2024-04-05
67250.0,19.0,1,34090,3.845294,43.628354,2024,2024-04-04
227300.0,46.0,1,34090,3.88146,43.615242,2024,2024-03-29
64000.0,35.0,2,34000,3.885583,43.606008,2024,2024-03-27
170200.0,42.0,3,34000,3.871551,43.602859,2024,2024-03-15
89000.0,44.0,2,34070,3.858589,43.604739,2024,2024-04-04
260980.0,71.0,3,34000,3.896269,43.605244,2024,2024-04-11
97800.0,32.0,2,34080,3.83588,43.621424,2024,2024-04-08
227940.0,65.0,3,34000,3.881585,43.602884,2024,2024-03-15
200000.0,95.0,4,34070,3.867489,43.594589,2024,2024-03-18
165000.0,51.0,2,34090,3.876507,43.617521,2024,2024-04-09
227260.0,79.0,4,34000,3.877079,43.603393,2024,2024-03-14
72000.0,27.0,1,34070,3.876339,43.581538,2024,2024-03-22
258000.0,62.0,3,34000,3.901953,43.607207,2024,2024-03-19
230000.0,78.0,4,34090,3.866332,43.62597,2024,2024-03-18
152000.0,36.0,1,34090,3.863204,43.625357,2024,2024-03-25
91500.0,15.0,1,34000,3.879299,43.612863,2024,2024-03-22
186000.0,45.0,2,34000,3.905712,43.604967,2024,2024-03-19
100000.0,56.0,3,34080,3.830808,43.615516,2024,2024-03-29
170000.0,96.0,4,34090,3.852821,43.620479,2024,2024-04-02
140000.0,56.0,3,34000,3.885702,43.614675,2024,2024-04-02
89100.0,34.0,2,34070,3.858043,43.590199,2024,2024-04-10
78158.0,20.0,1,34070,3.884469,43.602224,2024,2024-03-28
140000.0,54.0,2,34000,3.877079,43.603393,2024,2024-03-28
360000.0,100.0,3,34000,3.882102,43.608118,2024,2024-03-27
200000.0,45.0,2,34000,3.905712,43.604967,2024,2024-04-02
168000.0,56.0,3,34070,3.847497,43.590607,2024,2024-04-10
153000.0,30.0,2,34000,3.90586,43.613163,2024,2024-04-04
400000.0,211.0,7,34000,3.876811,43.606577,2024,2024-04-10
90000.0,24.0,2,34000,3.889208,43.60492,2024,2024-04-02
128000.0,25.0,1,34000,3.879844,43.614749,2024,2024-04-10
220000.0,71.0,3,34090,3.841514,43.639017,2024,2024-04-04
205000.0,62.0,3,34000,3.896269,43.605244,2024,2024-03-25
133000.0,43.0,1,34000,3.897642,43.608478,2024,2024-04-04
82000.0,36.0,2,34080,3.834232,43.61513,2024,2024-04-10
123000.0,33.0,2,34000,3.889271,43.606278,2024,2024-04-02
295000.0,71.0,3,34090,3.876507,43.617521,2024,2024-04-09
168800.0,45.0,2,34070,3.856158,43.580939,2024,2024-03-20
235000.0,70.0,3,34000,3.891014,43.613888,2024,2024-03-27
73000.0,55.0,2,34080,3.814024,43.639114,2024,2024-03-26
52000.0,24.0,1,34090,3.852553,43.621567,2024,2024-04-04
60250.0,31.0,2,34070,3.829399,43.610865,2024,2024-04-02
275500.0,67.0,3,34070,3.892873,43.603053,2024,2024-03-21
245740.0,67.0,3,34070,3.861742,43.586065,2024,2024-03-26
182000.0,82.0,5,34070,3.892207,43.595045,2024,2024-03-21
185000.0,48.0,2,34070,3.865486,43.601873,2024,2024-03-25
83010.0,24.0,1,34090,3.84562,43.627769,2024,2024-03-21
71000.0,17.0,1,34090,3.852553,43.621567,2024,2024-03-29
68570.0,18.0,1,34000,3.876523,43.612868,2024,2024-03-26
130000.0,40.0,2,34070,3.859111,43.584012,2024,2024-04-16
154000.0,33.0,2,34070,3.894147,43.60314,2024,2024-03-29
88000.0,21.0,1,34090,3.856229,43.633435,2024,2024-04-08
138800.0,49.0,2,34070,3.873268,43.591583,2024,2024-04-17
135000.0,25.0,1,34000,3.878538,43.608417,2024,2024-03-18
135250.0,40.0,2,34070,3.861799,43.581379,2024,2024-04-11
246000.0,90.0,4,34080,3.841189,43.619543,2024,2024-04-09
100400.0,25.0,2,34070,3.893724,43.602181,2024,2024-04-09
170740.0,38.0,2,34000,3.877522,43.609085,2024,2024-04-08
261907.0,80.0,4,34000,3.885583,43.606008,2024,2024-04-05
368952.0,97.0,4,34000,3.87891,43.610345,2024,2024-04-09
161300.0,71.0,3,34070,3.842265,43.594255,2024,2024-04-09
270000.0,72.0,3,34000,3.883289,43.601512,2024,2024-03-29
239000.0,59.0,3,34000,3.876942,43.612468,2024,2024-04-08
145000.0,67.0,3,34080,3.824806,43.615382,2024,2024-04-12
328700.0,86.0,4,34000,3.88032,43.601304,2024,2024-04-08
140000.0,42.0,2,34000,3.881749,43.607477,2024,2024-04-11
300000.0,116.0,4,34000,3.882113,43.607096,2024,2024-04-12
76000.0,18.0,1,34090,3.87298,43.630438,2024,2024-04-18
241750.0,81.0,4,34070,3.860833,43.600892,2024,2024-04-08
80000.0,21.0,1,34070,3.891022,43.590893,2024,2024-04-15
306300.0,71.0,3,34070,3.897478,43.59621,2024,2024-04-08
142880.0,42.0,1,34090,3.851498,43.625245,2024,2024-04-05
193850.0,52.0,2,34000,3.878736,43.596726,2024,2024-04-12
745100.0,128.0,5,34000,3.90082,43.598604,2024,2024-04-11
155000.0,36.0,2,34070,3.893321,43.603238,2024,2024-04-10
210800.0,88.0,4,34090,3.852821,43.620479,2024,2024-04-05
174000.0,50.0,3,34090,3.845828,43.631403,2024,2024-03-28
104000.0,75.0,3,34070,3.854993,43.593074,2024,2024-04-09
217760.0,80.0,4,34000,3.849091,43.616213,2024,2024-04-12
133000.0,40.0,3,34000,3.877869,43.61052,2024,2024-04-03
109800.0,40.0,1,34070,3.863661,43.605049,2024,2024-04-08
271850.0,97.0,4,34000,3.890634,43.604065,2024,2024-04-08
277300.0,103.0,4,34070,3.86604,43.596752,2024,2024-04-16
120000.0,53.0,2,34070,3.874328,43.59028,2024,2024-04-12
198000.0,73.0,4,34070,3.878181,43.59509,2024,2024-04-05
135000.0,66.0,3,34070,3.874468,43.59745,2024,2024-04-11
140000.0,45.0,2,34090,3.871224,43.627565,2024,2024-04-18
260000.0,66.0,3,34000,3.879414,43.611536,2024,2024-04-10
115000.0,46.0,2,34080,3.851516,43.618942,2024,2024-04-09
168570.0,72.0,3,34080,3.846846,43.622255,2024,2024-04-11
70000.0,19.0,1,34090,3.877104,43.615745,2024,2024-03-26
223400.0,53.0,3,34090,3.848972,43.638516,2024,2024-04-11
161000.0,39.0,2,34090,3.872585,43.632744,2024,2024-04-17
143000.0,79.0,5,34070,3.883533,43.592737,2024,2024-04-03
96000.0,25.0,0,34090,3.879153,43.61629,2024,2024-04-10
54000.0,17.0,1,34080,3.824287,43.61458,2024,2024-04-03
133000.0,63.0,3,34080,3.851374,43.623156,2024,2024-04-03
95000.0,40.0,1,34070,3.853064,43.601855,2024,2024-04-16
185000.0,64.0,3,34000,3.882679,43.604651,2024,2024-04-11
178800.0,36.0,2,34090,3.879943,43.616973,2024,2024-04-12
81000.0,30.0,1,34090,3.856264,43.640812,2024,2024-04-09
139000.0,39.0,2,34070,3.859561,43.611682,2024,2024-04-03
200000.0,79.0,4,34070,3.864628,43.594644,2024,2024-04-16
153000.0,72.0,3,34000,3.849091,43.616213,2024,2024-04-03
450000.0,100.0,6,34070,3.862313,43.595843,2024,2024-04-18
500000.0,119.0,4,34000,3.889267,43.606138,2024,2024-04-22
407600.0,97.0,4,34070,3.856488,43.596693,2024,2024-04-15
176150.0,48.0,2,34000,3.897641,43.601983,2024,2024-03-26
137125.0,33.0,1,34000,3.892171,43.607591,2024,2024-04-15
570000.0,100.0,4,34000,3.902211,43.596053,2024,2024-04-10
179120.0,75.0,4,34070,3.850361,43.604001,2024,2024-04-09
185000.0,57.0,3,34070,3.866278,43.584458,2024,2024-04-12
150000.0,59.0,3,34070,3.858487,43.59273,2024,2024-04-22
196170.0,49.0,2,34090,3.880366,43.622058,2024,2024-04-15
169500.0,69.0,4,34080,3.842248,43.614891,2024,2024-04-22
190000.0,67.0,3,34000,3.86564,43.609703,2024,2024-04-19
311550.0,66.0,3,34070,3.885346,43.604709,2024,2024-04-16
90000.0,18.0,1,34080,3.8436,43.635123,2024,2024-04-04
69500.0,20.0,1,34070,3.857794,43.612319,2024,2024-04-15
165000.0,49.0,2,34070,3.857153,43.582955,2024,2024-04-08
133000.0,37.0,2,34070,3.850511,43.615745,2024,2024-04-25
115000.0,28.0,1,34090,3.85192,43.633334,2024,2024-04-23
207000.0,94.0,5,34070,3.868279,43.597017,2024,2024-04-12
210000.0,75.0,3,34090,3.857998,43.63874,2024,2024-04-08
196000.0,90.0,5,34070,3.85736,43.608531,2024,2024-04-18
157000.0,35.0,1,34000,3.87306,43.60078,2024,2024-04-19
83940.0,25.0,1,34070,3.884834,43.605252,2024,2024-04-22
73850.0,25.0,1,34090,3.851932,43.623432,2024,2024-04-19
145000.0,33.0,2,34070,3.894147,43.60314,2024,2024-04-02
161000.0,40.0,2,34000,3.877015,43.612766,2024,2024-04-22
200000.0,78.0,3,34000,3.875396,43.60719,2024,2024-04-16
213000.0,58.0,3,34000,3.892688,43.605728,2024,2024-04-24
126000.0,29.0,1,34090,3.878987,43.622238,2024,2024-04-23
96000.0,58.0,2,34000,3.869322,43.608355,2024,2024-04-18
90000.0,22.0,1,34000,3.878575,43.602153,2024,2024-04-25
200000.0,84.0,4,34070,3.846875,43.59517,2024,2024-04-05
158180.0,36.0,2,34000,3.877278,43.613315,2024,2024-04-11
303000.0,65.0,3,34000,3.901165,43.596946,2024,2024-04-15
111450.0,30.0,1,34000,3.87388,43.600095,2024,2024-04-19
339000.0,86.0,4,34070,3.853976,43.588185,2024,2024-04-19
171800.0,43.0,3,34070,3.866471,43.608041,2024,2024-04-25
200500.0,61.0,3,34000,3.898207,43.617475,2024,2024-04-26
156000.0,54.0,3,34000,3.868239,43.607213,2024,2024-04-09
128900.0,29.0,2,34070,3.894584,43.600902,2024,2024-04-24
285000.0,72.0,3,34000,3.878434,43.600171,2024,2024-04-02
254500.0,63.0,3,34000,3.872213,43.600528,2024,2024-04-19
110000.0,28.0,1,34000,3.873603,43.602929,2024,2024-04-24
152250.0,50.0,2,34070,3.859954,43.607871,2024,2024-04-23
180000.0,68.0,4,34000,3.888198,43.620449,2024,2024-04-19
195650.0,88.0,5,34080,3.851374,43.623156,2024,2024-04-11
160000.0,41.0,1,34000,3.866346,43.613954,2024,2024-04-05
97500.0,56.0,3,34080,3.841541,43.621563,2024,2024-04-12
90000.0,28.0,1,34000,3.883401,43.603436,2024,2024-03-28
108000.0,22.0,1,34000,3.897826,43.606536,2024,2024-04-24
117500.0,78.0,3,34000,3.884168,43.607688,2024,2024-04-17
159550.0,38.0,2,34070,3.858313,43.581993,2024,2024-04-24
92000.0,26.0,1,34070,3.863728,43.600857,2024,2024-04-22
252500.0,70.0,3,34070,3.859377,43.58258,2024,2024-04-23
112000.0,27.0,2,34070,3.8862,43.605688,2024,2024-04-22
141120.0,73.0,4,34080,3.847576,43.620535,2024,2024-04-02
152660.0,44.0,1,34000,3.866082,43.615413,2024,2024-04-22
248000.0,68.0,3,34000,3.891835,43.606565,2024,2024-04-24
122500.0,38.0,2,34080,3.835291,43.618361,2024,2024-04-18
211310.0,41.0,1,34000,3.873989,43.608428,2024,2024-04-22
158000.0,69.0,4,34070,3.887125,43.602424,2024,2024-04-26
226000.0,50.0,3,34000,3.902126,43.597026,2024,2024-04-18
190750.0,71.0,4,34090,3.865065,43.625555,2024,2024-04-29
142000.0,47.0,2,34090,3.864042,43.620763,2024,2024-04-23
109000.0,42.0,2,34070,3.855165,43.604118,2024,2024-04-29
30000.0,22.0,1,34090,3.854352,43.622296,2024,2024-04-12
110500.0,38.0,2,34070,3.84659,43.598277,2024,2024-04-25
71000.0,20.0,1,34080,3.839271,43.618666,2024,2024-04-08
102958.0,39.0,2,34080,3.841108,43.619029,2024,2024-04-15
177040.0,76.0,4,34080,3.822362,43.625273,2024,2024-04-23
89000.0,22.0,1,34090,3.863024,43.640576,2024,2024-04-17
241400.0,74.0,3,34070,3.867243,43.60568,2024,2024-04-03
289000.0,61.0,3,34070,3.855507,43.603406,2024,2024-04-23
158000.0,76.0,4,34070,3.872453,43.594416,2024,2024-04-22
80000.0,21.0,1,34090,3.85444,43.620964,2024,2024-04-03
190000.0,66.0,3,34000,3.874068,43.605752,2024,2024-04-19
284997.0,75.0,3,34000,3.89053,43.606605,2024,2024-04-26
126000.0,48.0,2,34070,3.868984,43.592641,2024,2024-04-22
77300.0,22.0,1,34090,3.852553,43.621567,2024,2024-04-18
557000.0,99.0,4,34000,3.869048,43.615726,2024,2024-04-24
183000.0,43.0,2,34000,3.904075,43.607733,2024,2024-04-16
241000.0,68.0,4,34000,3.87255,43.603843,2024,2024-04-26
210000.0,68.0,3,34070,3.873106,43.597041,2024,2024-04-24
322000.0,74.0,4,34070,3.855108,43.602528,2024,2024-04-25
97000.0,61.0,3,34070,3.836052,43.608116,2024,2024-04-29
114000.0,55.0,2,34090,3.873657,43.624511,2024,2024-04-26
204950.0,67.0,3,34070,3.840705,43.592678,2024,2024-04-30
155000.0,49.0,2,34080,3.832413,43.634911,2024,2024-04-24
342000.0,64.0,3,34090,3.880366,43.622058,2024,2024-04-16
224000.0,88.0,4,34070,3.866134,43.593679,2024,2024-04-29
61500.0,17.0,1,34090,3.854352,43.622296,2024,2024-04-22
210000.0,61.0,3,34090,3.850649,43.638338,2024,2024-04-17
188180.0,44.0,2,34000,3.899793,43.597635,2024,2024-04-26
209000.0,61.0,3,34070,3.86226,43.583993,2024,2024-04-19
319000.0,85.0,3,34000,3.86706,43.617116,2024,2024-04-12
74000.0,20.0,1,34090,3.854352,43.622296,2024,2024-04-10
107620.0,28.0,1,34000,3.876213,43.603687,2024,2024-04-19
210000.0,61.0,3,34070,3.851531,43.589201,2024,2024-04-19
155000.0,41.0,2,34070,3.857287,43.581455,2024,2024-04-19
247500.0,71.0,3,34000,3.913981,43.616018,2024,2024-04-16
116520.0,37.0,1,34000,3.877211,43.606756,2024,2024-04-22
95000.0,57.0,3,34070,3.892207,43.595045,2024,2024-04-12
78130.0,34.0,2,34080,3.847297,43.621955,2024,2024-05-03
193000.0,56.0,2,34070,3.888246,43.594956,2024,2024-04-26
115000.0,30.0,1,34000,3.863083,43.61359,2024,2024-05-06
532750.0,101.0,4,34090,3.877104,43.615745,2024,2024-04-30
260000.0,85.0,3,34070,3.852732,43.587933,2024,2024-04-26
151520.0,32.0,1,34000,3.87306,43.60078,2024,2024-04-26
140000.0,56.0,3,34080,3.831356,43.6141,2024,2024-04-17
175000.0,43.0,2,34000,3.895154,43.60583,2024,2024-04-23
92000.0,25.0,1,34000,3.877555,43.604765,2024,2024-04-25
96800.0,25.0,1,34070,3.854115,43.600002,2024,2024-04-26
52000.0,11.0,1,34000,3.881962,43.606934,2024,2024-04-23
195000.0,98.0,5,34070,3.848673,43.596052,2024,2024-05-06
415000.0,148.0,5,34000,3.881764,43.606337,2024,2024-04-30
139400.0,63.0,4,34070,3.846371,43.606804,2024,2024-04-19
156400.0,67.0,3,34000,3.88132,43.606649,2024,2024-04-30
142900.0,41.0,2,34000,3.869124,43.605132,2024,2024-04-19
382500.0,118.0,5,34000,3.874528,43.604497,2024,2024-05-02
194750.0,61.0,3,34090,3.864042,43.620763,2024,2024-04-25
225250.0,59.0,3,34090,3.880986,43.6261,2024,2024-04-22
177500.0,34.0,2,34000,3.895415,43.611476,2024,2024-04-30
223220.0,42.0,2,34000,3.892476,43.604929,2024,2024-04-30
325250.0,72.0,3,34090,3.878395,43.61887,2024,2024-04-30
90040.0,19.0,1,34000,3.878575,43.602153,2024,2024-04-26
266000.0,63.0,3,34000,3.892171,43.607591,2024,2024-04-29
102500.0,28.0,1,34000,3.873603,43.602929,2024,2024-05-02
110000.0,54.0,3,34080,3.830808,43.615516,2024,2024-04-30
159013.0,101.0,6,34070,3.866894,43.592834,2024,2024-04-19
190125.0,64.0,3,34070,3.860833,43.600892,2024,2024-04-12
86000.0,26.0,2,34090,3.867017,43.636828,2024,2024-04-29
127260.0,25.0,2,34070,3.894483,43.602008,2024,2024-04-29
87400.0,19.0,1,34090,3.864641,43.624832,2024,2024-04-17
183144.0,51.0,2,34070,3.839562,43.597492,2024,2024-04-22
130600.0,52.0,2,34070,3.836052,43.608116,2024,2024-04-25
180000.0,59.0,3,34070,3.853028,43.587231,2024,2024-05-13
181500.0,67.0,4,34000,3.894306,43.623446,2024,2024-05-03
268500.0,57.0,3,34000,3.900004,43.600979,2024,2024-04-30
310000.0,68.0,3,34000,3.873501,43.611596,2024,2024-04-29
85000.0,28.0,1,34090,3.85766,43.62123,2024,2024-04-26
122550.0,30.0,1,34000,3.895464,43.608606,2024,2024-04-29
107400.0,33.0,2,34000,3.889271,43.606278,2024,2024-04-30
198000.0,45.0,2,34000,3.869239,43.613598,2024,2024-04-26
239400.0,67.0,3,34000,3.87509,43.609652,2024,2024-05-03
76700.0,19.0,1,34070,3.866317,43.606413,2024,2024-04-29
84000.0,19.0,1,34000,3.878575,43.602153,2024,2024-05-02
86666.0,32.0,1,34090,3.856655,43.639738,2024,2024-04-22
94940.0,35.0,1,34080,3.84638,43.619152,2024,2024-05-10
180000.0,48.0,2,34000,3.897641,43.601983,2024,2024-04-25
176000.0,43.0,2,34090,3.845828,43.631403,2024,2024-04-24
157000.0,50.0,2,34070,3.888444,43.599975,2024,2024-05-02
130000.0,81.0,3,34000,3.871338,43.602013,2024,2024-04-25
110000.0,22.0,1,34000,3.889734,43.606871,2024,2024-04-25
175000.0,45.0,2,34070,3.840705,43.592678,2024,2024-04-30
225000.0,52.0,3,34000,3.875786,43.610305,2024,2024-05-13
100900.0,41.0,2,34070,3.839562,43.597492,2024,2024-05-14
113000.0,31.0,1,34070,3.852856,43.587074,2024,2024-04-26
211000.0,72.0,4,34000,3.901191,43.606034,2024,2024-04-26
78000.0,28.0,1,34070,3.876339,43.581538,2024,2024-04-19
171770.0,72.0,2,34000,3.879982,43.60349,2024,2024-04-23
132825.0,48.0,3,34000,3.869698,43.604693,2024,2024-04-30
333550.0,80.0,4,34000,3.906659,43.608548,2024,2024-04-29
381000.0,210.0,6,34000,3.876684,43.608443,2024,2024-05-03
105000.0,50.0,2,34090,3.852553,43.621567,2024,2024-05-13
165000.0,67.0,4,34070,3.892207,43.595045,2024,2024-04-25
112160.0,25.0,2,34000,3.877869,43.61052,2024,2024-05-14
311690.0,83.0,4,34000,3.884526,43.62034,2024,2024-04-19
161000.0,53.0,2,34070,3.86336,43.603421,2024,2024-04-25
437750.0,107.0,5,34070,3.857121,43.580921,2024,2024-04-23
143000.0,49.0,2,34000,3.899475,43.61403,2024,2024-04-29
156000.0,39.0,2,34000,3.873586,43.609614,2024,2024-05-02
72000.0,44.0,2,34070,3.858589,43.604739,2024,2024-04-19
205000.0,66.0,4,34000,3.880667,43.608058,2024,2024-04-29
147000.0,67.0,3,34070,3.868967,43.59327,2024,2024-05-07
125000.0,42.0,2,34090,3.844744,43.633909,2024,2024-05-02
175000.0,46.0,2,34090,3.877231,43.622493,2024,2024-04-30
223000.0,66.0,3,34000,3.874161,43.60424,2024,2024-05-06
280000.0,70.0,2,34090,3.869688,43.616854,2024,2024-05-07
230000.0,61.0,3,34070,3.841407,43.59216,2024,2024-05-03
63200.0,20.0,1,34070,3.890704,43.59339,2024,2024-04-24
280000.0,80.0,3,34000,3.874397,43.607851,2024,2024-05-07
218000.0,68.0,3,34090,3.838533,43.636989,2024,2024-04-24
117000.0,23.0,1,34090,3.873303,43.617788,2024,2024-05-14
414000.0,141.0,5,34080,3.835318,43.632845,2024,2024-05-13
86000.0,20.0,1,34070,3.893724,43.602181,2024,2024-04-26
153000.0,67.0,4,34070,3.885124,43.593451,2024,2024-04-30
49000.0,25.0,1,34070,3.834146,43.608785,2024,2024-05-14
102000.0,33.0,2,34070,3.84659,43.598277,2024,2024-05-15
134900.0,34.0,1,34080,3.841074,43.623897,2024,2024-05-14
116800.0,65.0,3,34080,3.825338,43.614042,2024,2024-04-29
129000.0,45.0,2,34070,3.844998,43.595063,2024,2024-05-18
218100.0,61.0,3,34090,3.840041,43.639678,2024,2024-05-17
140000.0,28.0,2,34000,3.876458,43.607842,2024,2024-04-22
222700.0,67.0,3,34000,3.885292,43.621256,2024,2024-04-30
87590.0,20.0,1,34090,3.846267,43.632539,2024,2024-04-18
81000.0,23.0,1,34000,3.892298,43.612749,2024,2024-04-30
61000.0,11.0,1,34000,3.881962,43.606934,2024,2024-05-02
150000.0,69.0,3,34070,3.886911,43.593676,2024,2024-05-02
150000.0,46.0,2,34070,3.858526,43.58374,2024,2024-04-30
246100.0,74.0,3,34070,3.865997,43.609549,2024,2024-05-02
175000.0,67.0,4,34070,3.855707,43.601531,2024,2024-04-30
167450.0,71.0,4,34080,3.834109,43.611988,2024,2024-05-03
302600.0,81.0,3,34090,3.874213,43.631682,2024,2024-05-02
125000.0,45.0,2,34090,3.853251,43.622942,2024,2024-04-30
102500.0,20.0,1,34090,3.861904,43.625018,2024,2024-05-03
615000.0,165.0,5,34000,3.879054,43.605708,2024,2024-04-29
185000.0,57.0,2,34090,3.845393,43.640854,2024,2024-04-30
356935.0,99.0,4,34090,3.874287,43.621344,2024,2024-05-13
124000.0,56.0,3,34070,3.882335,43.595027,2024,2024-05-16
59000.0,19.0,2,34070,3.84659,43.598277,2024,2024-05-17
206000.0,61.0,3,34070,3.88735,43.60097,2024,2024-04-30
125000.0,48.0,2,34090,3.85444,43.620964,2024,2024-05-14
74000.0,18.0,1,34090,3.856655,43.631871,2024,2024-05-03
114000.0,24.0,1,34090,3.844188,43.640541,2024,2024-05-02
120000.0,46.0,1,34000,3.882294,43.608517,2024,2024-05-14
228000.0,41.0,2,34070,3.894138,43.596185,2024,2024-05-14
352000.0,87.0,4,34000,3.896334,43.606027,2024,2024-05-17
320000.0,80.0,4,34000,3.885292,43.621256,2024,2024-04-29
150600.0,30.0,2,34000,3.886859,43.603799,2024,2024-05-03
155000.0,49.0,2,34070,3.860833,43.600892,2024,2024-05-02
233375.0,80.0,4,34070,3.860833,43.600892,2024,2024-04-25
164000.0,50.0,2,34090,3.857702,43.633263,2024,2024-04-24
186390.0,38.0,1,34000,3.882826,43.603846,2024,2024-05-13
64000.0,15.0,1,34000,3.867021,43.609952,2024,2024-05-13
309900.0,72.0,3,34070,3.855507,43.603406,2024,2024-04-26
147500.0,66.0,3,34090,3.840836,43.627719,2024,2024-05-14
119000.0,32.0,1,34000,3.87388,43.600095,2024,2024-05-07
65000.0,21.0,1,34070,3.85269,43.603029,2024,2024-04-30
82350.0,23.0,1,34080,3.82294,43.615311,2024,2024-05-03
149000.0,49.0,2,34070,3.860833,43.600892,2024,2024-04-25
190125.0,64.0,3,34070,3.860833,43.600892,2024,2024-05-06
226000.0,86.0,4,34090,3.835902,43.641366,2024,2024-04-25
242250.0,79.0,4,34070,3.860833,43.600892,2024,2024-04-25
95000.0,20.0,1,34090,3.848972,43.638516,2024,2024-05-03
52000.0,25.0,1,34080,3.851319,43.618445,2024,2024-05-06
173100.0,74.0,3,34070,3.873179,43.588466,2024,2024-05-16
260000.0,94.0,4,34000,3.86907,43.602202,2024,2024-04-26
260000.0,71.0,3,34000,3.891596,43.608404,2024,2024-05-15
136520.0,28.0,1,34070,3.891592,43.595936,2024,2024-05-06
151040.0,68.0,3,34070,3.863607,43.606677,2024,2024-04-29
263540.0,82.0,4,34070,3.851538,43.611694,2024,2024-05-21
218000.0,65.0,3,34000,3.893083,43.609122,2024,2024-04-24
160000.0,53.0,2,34090,3.848522,43.637713,2024,2024-05-21
169000.0,53.0,3,34070,3.844998,43.595063,2024,2024-04-18
60000.0,32.0,2,34070,3.85269,43.603029,2024,2024-05-17
143500.0,32.0,2,34000,3.897596,43.602334,2024,2024-05-17
80000.0,20.0,1,34090,3.85444,43.620964,2024,2024-05-14
106000.0,38.0,2,34000,3.896884,43.616162,2024,2024-04-30
79000.0,18.0,1,34000,3.876559,43.607862,2024,2024-05-17
80000.0,18.0,1,34070,3.857794,43.612319,2024,2024-05-06
171000.0,42.0,2,34070,3.857121,43.580921,2024,2024-05-06
155000.0,54.0,2,34000,3.884908,43.609836,2024,2024-05-13
200000.0,45.0,2,34090,3.870823,43.620525,2024,2024-05-06
181928.0,56.0,2,34000,3.891485,43.60737,2024,2024-05-06
35000.0,24.0,1,34080,3.841215,43.627043,2024,2024-04-26
171900.0,56.0,3,34070,3.845168,43.593984,2024,2024-05-17
379000.0,110.0,2,34000,3.87397,43.600423,2024,2024-05-07
359200.0,98.0,5,34090,3.878987,43.622238,2024,2024-05-07
87400.0,19.0,1,34090,3.864641,43.624832,2024,2024-04-17
403400.0,96.0,3,34000,3.878394,43.610384,2024,2024-05-03
135000.0,72.0,3,34080,3.846846,43.622255,2024,2024-05-07
127400.0,71.0,4,34070,3.871134,43.597027,2024,2024-04-30
68120.0,27.0,1,34080,3.849844,43.619362,2024,2024-05-22
219000.0,61.0,3,34070,3.852732,43.587933,2024,2024-05-22
163600.0,67.0,4,34000,3.858643,43.618409,2024,2024-05-02
115000.0,36.0,2,34090,3.863024,43.640576,2024,2024-05-15
322000.0,102.0,4,34000,3.906609,43.612353,2024,2024-05-27
230200.0,60.0,3,34000,3.887901,43.627569,2024,2024-05-06
185000.0,41.0,2,34080,3.842416,43.643165,2024,2024-05-13
258640.0,72.0,3,34000,3.880588,43.601137,2024,2024-05-14
196500.0,66.0,3,34000,3.870195,43.606027,2024,2024-05-16
90000.0,30.0,1,34090,3.856264,43.640812,2024,2024-05-15
150000.0,70.0,4,34070,3.854287,43.601316,2024,2024-05-22
93000.0,30.0,1,34070,3.864351,43.606012,2024,2024-05-15
70000.0,50.0,2,34090,3.873657,43.624511,2024,2024-05-23
81750.0,67.0,3,34000,3.891413,43.60454,2024,2024-05-14
102000.0,35.0,1,34070,3.867499,43.598342,2024,2024-04-30
162000.0,80.0,4,34090,3.862313,43.625559,2024,2024-05-06
88500.0,21.0,1,34090,3.844744,43.633909,2024,2024-05-07
80000.0,21.0,1,34090,3.844744,43.633909,2024,2024-05-15
179000.0,42.0,2,34070,3.894114,43.601115,2024,2024-05-17
120000.0,32.0,1,34000,3.879682,43.613414,2024,2024-05-03
370400.0,140.0,5,34000,3.887106,43.605408,2024,2024-05-14
75000.0,39.0,2,34080,3.834232,43.61513,2024,2024-05-07
110000.0,34.0,2,34070,3.84659,43.598277,2024,2024-05-07
210000.0,73.0,3,34070,3.887983,43.59599,2024,2024-05-13
182000.0,46.0,2,34000,3.891375,43.60532,2024,2024-05-16
194000.0,44.0,2,34000,3.875711,43.614581,2024,2024-05-07
212900.0,70.0,4,34070,3.88735,43.60097,2024,2024-05-06
261500.0,75.0,2,34000,3.887106,43.605408,2024,2024-05-21
190000.0,67.0,3,34090,3.872926,43.637811,2024,2024-05-07
242500.0,59.0,3,34070,3.860786,43.578387,2024,2024-05-06
123000.0,50.0,2,34000,3.88175,43.60285,2024,2024-05-07
75350.0,25.0,2,34090,3.852272,43.639251,2024,2024-05-16
89000.0,19.0,1,34090,3.879026,43.623491,2024,2024-05-22
185000.0,71.0,4,34090,3.865065,43.625555,2024,2024-04-30
320000.0,92.0,4,34090,3.888223,43.624367,2024,2024-05-16
235500.0,63.0,3,34000,3.89053,43.606605,2024,2024-05-13
105000.0,32.0,3,34000,3.877324,43.612098,2024,2024-05-14
264000.0,47.0,2,34090,3.876336,43.62806,2024,2024-05-14
223120.0,57.0,3,34000,3.901244,43.620771,2024,2024-05-21
203000.0,66.0,3,34070,3.862937,43.585382,2024,2024-05-13
150000.0,43.0,2,34070,3.872022,43.588971,2024,2024-05-07
85000.0,23.0,1,34090,3.855022,43.638603,2024,2024-05-23
230000.0,51.0,3,34000,3.879234,43.612247,2024,2024-05-28
160000.0,43.0,2,34090,3.838355,43.640196,2024,2024-05-23
207590.0,73.0,4,34070,3.86751,43.591005,2024,2024-05-03
510500.0,131.0,5,34070,3.863883,43.605756,2024,2024-05-28
112600.0,30.0,1,34090,3.856264,43.640812,2024,2024-05-28
165000.0,72.0,3,34090,3.863853,43.618564,2024,2024-05-24
82700.0,17.0,1,34090,3.873657,43.624511,2024,2024-05-24
135750.0,41.0,2,34000,3.880076,43.601781,2024,2024-05-22
197150.0,49.0,2,34070,3.857656,43.611387,2024,2024-05-22
60000.0,19.0,1,34080,3.841683,43.617622,2024,2024-05-21
140000.0,26.0,1,34000,3.897803,43.619893,2024,2024-05-13
207140.0,48.0,2,34000,3.896269,43.605244,2024,2024-05-29
206000.0,43.0,2,34000,3.902474,43.601863,2024,2024-05-23
36000.0,17.0,1,34000,3.882343,43.607543,2024,2024-05-02
222000.0,43.0,2,34000,3.905078,43.597492,2024,2024-05-15
120000.0,57.0,3,34070,3.885032,43.591232,2024,2024-05-27
182000.0,77.0,4,34070,3.874633,43.591677,2024,2024-05-23
130000.0,29.0,2,34090,3.871707,43.63308,2024,2024-05-17
180000.0,76.0,4,34000,3.882,43.614576,2024,2024-05-28
349500.0,67.0,3,34000,3.90602,43.602603,2024,2024-05-23
270000.0,84.0,5,34000,3.8928,43.61543,2024,2024-05-23
425870.0,109.0,4,34000,3.89807,43.600095,2024,2024-05-20
162705.0,64.0,3,34080,3.829221,43.615924,2024,2024-05-17
157200.0,45.0,2,34070,3.857006,43.588056,2024,2024-05-17
192000.0,66.0,3,34070,3.892468,43.592944,2024,2024-05-24
127000.0,26.0,2,34070,3.894483,43.602008,2024,2024-05-31
105150.0,52.0,3,34070,3.88248,43.593792,2024,2024-05-22
299000.0,71.0,4,34000,3.878329,43.597317,2024,2024-05-23
177180.0,54.0,3,34070,3.862383,43.588723,2024,2024-05-22
373391.0,90.0,4,34090,3.860747,43.619028,2024,2024-05-07
145000.0,32.0,2,34090,3.846922,43.638091,2024,2024-05-29
77000.0,22.0,1,34000,3.878938,43.601675,2024,2024-05-31
310000.0,61.0,3,34000,3.901165,43.596946,2024,2024-05-21
73000.0,19.0,1,34090,3.852553,43.621567,2024,2024-05-24
75000.0,27.0,1,34000,3.873501,43.611596,2024,2024-05-29
135000.0,55.0,3,34000,3.888395,43.614724,2024,2024-05-28
159500.0,49.0,2,34070,3.860833,43.600892,2024,2024-05-17
198150.0,75.0,4,34070,3.885208,43.600898,2024,2024-05-21
134616.0,65.0,4,34070,3.886364,43.590361,2024,2024-05-31
150000.0,50.0,3,34000,3.884316,43.601918,2024,2024-05-29
205000.0,68.0,3,34080,3.831735,43.635308,2024,2024-05-27
373350.0,80.0,4,34090,3.872535,43.618167,2024,2024-06-04
100000.0,67.0,4,34080,3.830808,43.615516,2024,2024-05-27
112160.0,26.0,2,34000,3.877869,43.61052,2024,2024-05-24
299500.0,100.0,4,34090,3.876241,43.624751,2024,2024-05-27
192500.0,92.0,4,34090,3.852821,43.620479,2024,2024-05-23
140370.0,44.0,2,34080,3.83258,43.632836,2024,2024-05-07
168250.0,136.0,5,34080,3.831137,43.618123,2024,2024-05-23
387600.0,119.0,5,34000,3.855061,43.616115,2024,2024-05-28
226000.0,45.0,2,34000,3.900839,43.59718,2024,2024-05-07
103000.0,22.0,1,34000,3.879772,43.604738,2024,2024-05-22
144820.0,35.0,2,34000,3.886135,43.603113,2024,2024-05-24
306020.0,67.0,3,34000,3.90428,43.60241,2024,2024-05-24
214700.0,80.0,3,34070,3.853233,43.593175,2024,2024-05-31
222000.0,56.0,3,34000,3.910937,43.605336,2024,2024-05-24
75000.0,27.0,2,34000,3.877059,43.613107,2024,2024-05-30
95000.0,20.0,1,34000,3.880493,43.608197,2024,2024-05-27
220000.0,70.0,4,34000,3.899475,43.61403,2024,2024-05-28
145200.0,25.0,2,34000,3.876814,43.60882,2024,2024-05-21
132000.0,61.0,3,34070,3.868967,43.59327,2024,2024-05-29
110000.0,30.0,1,34000,3.87275,43.608616,2024,2024-05-23
70000.0,30.0,3,34070,3.885032,43.591232,2024,2024-05-31
152000.0,25.0,1,34090,3.878114,43.617263,2024,2024-05-27
245000.0,60.0,4,34000,3.871275,43.603621,2024,2024-05-29
189000.0,40.0,2,34000,3.86706,43.617116,2024,2024-05-31
95000.0,71.0,3,34000,3.88704,43.621277,2024,2024-05-22
107500.0,33.0,1,34070,3.868984,43.592641,2024,2024-05-22
175000.0,33.0,2,34000,3.867591,43.613233,2024,2024-05-28
161610.0,67.0,3,34070,3.826017,43.611312,2024,2024-05-28
156000.0,84.0,4,34070,3.868984,43.592641,2024,2024-05-31
118300.0,30.0,2,34000,3.873351,43.610359,2024,2024-05-16
135000.0,69.0,4,34080,3.837305,43.616734,2024,2024-05-27
240000.0,69.0,3,34090,3.871312,43.629774,2024,2024-05-24
328100.0,94.0,4,34070,3.847952,43.59103,2024,2024-05-21
70000.0,44.0,1,34070,3.853021,43.606727,2024,2024-05-28
270000.0,84.0,3,34000,3.874637,43.608956,2024,2024-05-31
81000.0,20.0,1,34090,3.876765,43.625611,2024,2024-06-06
178500.0,46.0,2,34090,3.846578,43.631439,2024,2024-05-16
69000.0,25.0,1,34080,3.851319,43.618445,2024,2024-05-28
230000.0,63.0,3,34000,3.879853,43.602388,2024,2024-05-21
226950.0,80.0,4,34070,3.851407,43.590424,2024,2024-05-23
105000.0,40.0,2,34070,3.847621,43.605817,2024,2024-06-10
260000.0,62.0,3,34000,3.866741,43.626741,2024,2024-05-14
86190.0,19.0,1,34090,3.879026,43.623491,2024,2024-05-17
79000.0,63.0,3,34080,3.851374,43.623156,2024,2024-06-04
286650.0,83.0,4,34070,3.835876,43.60217,2024,2024-06-05
65000.0,15.0,1,34000,3.87756,43.610548,2024,2024-05-24
204000.0,67.0,3,34000,3.9008,43.617566,2024,2024-05-27
170000.0,37.0,2,34000,3.903771,43.607477,2024,2024-06-05
105000.0,26.0,1,34000,3.878021,43.606973,2024,2024-06-10
145000.0,53.0,3,34000,3.894306,43.623446,2024,2024-06-06
220000.0,70.0,4,34000,3.88675,43.614319,2024,2024-05-29
118390.0,46.0,2,34000,3.879066,43.596134,2024,2024-06-10
235000.0,60.0,3,34070,3.900349,43.594578,2024,2024-06-07
187060.0,71.0,3,34000,3.879744,43.602564,2024,2024-05-30
75000.0,23.0,1,34070,3.866894,43.592834,2024,2024-06-06
125000.0,63.0,4,34070,3.850136,43.60245,2024,2024-06-03
53000.0,38.0,2,34090,3.881103,43.615081,2024,2024-06-05
239900.0,63.0,3,34000,3.879225,43.6007,2024,2024-06-06
142000.0,35.0,2,34070,3.894147,43.60314,2024,2024-06-03
129315.0,32.0,2,34090,3.848972,43.638516,2024,2024-06-10
210970.0,64.0,3,34080,3.830573,43.633376,2024,2024-05-22
200000.0,48.0,3,34000,3.874511,43.608648,2024,2024-05-31
132250.0,71.0,3,34070,3.842265,43.594255,2024,2024-05-17
281000.0,112.0,4,34000,3.873262,43.60561,2024,2024-05-31
193000.0,51.0,2,34090,3.876241,43.624751,2024,2024-06-03
119000.0,41.0,1,34090,3.868251,43.627279,2024,2024-05-30
61949.77,21.0,1,34080,3.826908,43.615558,2024,2024-05-30
90380.0,42.0,2,34070,3.853884,43.605976,2024,2024-05-31
83350.0,32.0,1,34090,3.873657,43.624511,2024,2024-06-05
140000.0,68.0,4,34070,3.864364,43.597896,2024,2024-06-05
105130.0,31.0,1,34070,3.890704,43.59339,2024,2024-05-21
42000.0,21.0,1,34070,3.85269,43.603029,2024,2024-06-05
210750.0,65.0,3,34000,3.879793,43.613102,2024,2024-05-31
290000.0,64.0,3,34000,3.900053,43.601117,2024,2024-05-28
55000.0,24.0,1,34080,3.824287,43.61458,2024,2024-06-03
150000.0,30.0,2,34000,3.881428,43.608785,2024,2024-05-30
107000.0,29.0,1,34070,3.862383,43.588723,2024,2024-05-28
240000.0,53.0,2,34000,3.875515,43.614148,2024,2024-06-07
516150.0,107.0,4,34000,3.871668,43.606245,2024,2024-06-03
93000.0,47.0,2,34080,3.825337,43.613277,2024,2024-06-04
68000.0,20.0,1,34000,3.872702,43.60768,2024,2024-06-10
230000.0,66.0,3,34000,3.910693,43.607951,2024,2024-05-27
269000.0,63.0,3,34070,3.893436,43.601288,2024,2024-06-10
153710.0,34.0,2,34000,3.897429,43.602694,2024,2024-06-05
92500.0,43.0,2,34000,3.884908,43.609836,2024,2024-05-29
671000.0,111.0,4,34000,3.900028,43.598267,2024,2024-05-29
369300.0,82.0,4,34000,3.901217,43.598264,2024,2024-05-29
127000.0,79.0,5,34070,3.885124,43.593451,2024,2024-05-31
125000.0,51.0,2,34000,3.884908,43.609836,2024,2024-06-05
129290.0,47.0,2,34080,3.829221,43.615924,2024,2024-05-29
224850.0,82.0,4,34000,3.9008,43.617566,2024,2024-05-28
89300.0,23.0,1,34090,3.879026,43.623491,2024,2024-06-06
140000.0,74.0,4,34070,3.868279,43.597017,2024,2024-05-27
128250.0,50.0,2,34070,3.884593,43.593825,2024,2024-05-31
178000.0,51.0,3,34090,3.859919,43.627462,2024,2024-05-31
262000.0,88.0,4,34000,3.881622,43.60903,2024,2024-05-16
150000.0,42.0,2,34070,3.861742,43.586065,2024,2024-06-05
366700.0,85.0,4,34000,3.9103,43.602999,2024,2024-05-29
168700.0,59.0,3,34070,3.879735,43.595049,2024,2024-06-14
91450.0,20.0,1,34000,3.874836,43.615833,2024,2024-05-17
150000.0,65.0,3,34070,3.86213,43.604886,2024,2024-05-17
154000.0,81.0,5,34080,3.842248,43.614891,2024,2024-05-17
480000.0,109.0,4,34000,3.872299,43.608977,2024,2024-05-31
100000.0,28.0,2,34000,3.867305,43.60917,2024,2024-06-05
69000.0,30.0,1,34080,3.846555,43.619867,2024,2024-06-04
40000.0,33.0,1,34080,3.817167,43.626589,2024,2024-05-28
355000.0,88.0,4,34070,3.856158,43.580939,2024,2024-06-04
111405.0,22.0,1,34090,3.85192,43.633334,2024,2024-06-06
75000.0,21.0,1,34000,3.882486,43.61865,2024,2024-06-07
164000.0,42.0,2,34070,3.89175,43.589944,2024,2024-06-04
130000.0,47.0,2,34070,3.846225,43.615092,2024,2024-05-31
212000.0,63.0,3,34000,3.892171,43.607591,2024,2024-06-06
123650.0,49.0,2,34080,3.826286,43.613981,2024,2024-06-05
179600.0,47.0,1,34000,3.882145,43.60378,2024,2024-06-12
160000.0,33.0,2,34000,3.889271,43.606278,2024,2024-06-05
198500.0,44.0,2,34000,3.904554,43.602479,2024,2024-06-07
140500.0,55.0,2,34090,3.876241,43.624751,2024,2024-06-07
212550.0,69.0,4,34090,3.882435,43.627429,2024,2024-05-17
379160.0,82.0,4,34000,3.87557,43.60192,2024,2024-06-04
291000.0,69.0,3,34000,3.895381,43.603174,2024,2024-05-28
135231.0,36.0,2,34090,3.840041,43.639678,2024,2024-06-05
259000.0,75.0,3,34070,3.854993,43.593074,2024,2024-06-10
145873.0,47.0,2,34070,3.85352,43.587716,2024,2024-06-11
102000.0,31.0,2,34080,3.819438,43.637329,2024,2024-06-14
152000.0,53.0,2,34090,3.84402,43.641391,2024,2024-06-14
135000.0,48.0,2,34090,3.84733,43.631203,2024,2024-06-12
78400.0,19.0,1,34090,3.864641,43.624832,2024,2024-06-04
285900.0,78.0,4,34000,3.86706,43.617116,2024,2024-06-10
152125.0,48.0,2,34070,3.860833,43.600892,2024,2024-06-04
80440.0,26.0,1,34000,3.872515,43.607487,2024,2024-05-24
80000.0,21.0,1,34090,3.856229,43.633435,2024,2024-06-10
84000.0,23.0,1,34090,3.85444,43.620964,2024,2024-06-10
147550.0,56.0,3,34000,3.878738,43.61292,2024,2024-05-16
145900.0,74.0,4,34070,3.88856,43.598383,2024,2024-06-18
170000.0,80.0,3,34000,3.866529,43.605066,2024,2024-06-14
80000.0,31.0,2,34080,3.832006,43.620973,2024,2024-05-21
190125.0,64.0,3,34070,3.860833,43.600892,2024,2024-06-04
370000.0,102.0,4,34000,3.873983,43.603976,2024,2024-06-11
157300.0,41.0,2,34000,3.899475,43.61403,2024,2024-05-28
128240.0,67.0,4,34000,3.858643,43.618409,2024,2024-06-10
345140.0,63.0,2,34000,3.904868,43.59958,2024,2024-06-10
152000.0,46.0,2,34000,3.898536,43.602076,2024,2024-06-10
177900.0,50.0,2,34090,3.857702,43.633263,2024,2024-06-07
175000.0,53.0,4,34000,3.875365,43.610247,2024,2024-06-13
148000.0,63.0,3,34070,3.867508,43.59242,2024,2024-06-07
45000.0,15.0,1,34000,3.89248,43.613723,2024,2024-06-06
235000.0,54.0,3,34000,3.880815,43.603947,2024,2024-06-18
250000.0,73.0,3,34000,3.874068,43.605752,2024,2024-06-11
155380.0,98.0,5,34080,3.818537,43.641426,2024,2024-05-22
470000.0,81.0,4,34000,3.878432,43.608366,2024,2024-06-06
295000.0,65.0,3,34000,3.884157,43.619455,2024,2024-06-13
146000.0,80.0,4,34070,3.84738,43.604831,2024,2024-06-06
120000.0,27.0,1,34090,3.884197,43.622191,2024,2024-06-13
238000.0,53.0,2,34000,3.902972,43.60132,2024,2024-06-06
268475.0,77.0,3,34000,3.878699,43.608604,2024,2024-06-18
56600.0,19.0,1,34070,3.876339,43.581538,2024,2024-06-07
95000.0,22.0,1,34000,3.878642,43.613439,2024,2024-05-31
62000.0,20.0,1,34090,3.854352,43.622296,2024,2024-06-12
285650.0,80.0,3,34070,3.866885,43.598339,2024,2024-06-17
145965.0,36.0,2,34090,3.840041,43.639678,2024,2024-06-19
150000.0,30.0,3,34090,3.873258,43.61877,2024,2024-06-11
55000.0,17.0,1,34080,3.837947,43.613467,2024,2024-06-19
89800.0,21.0,1,34090,3.842283,43.628897,2024,2024-06-07
532000.0,116.0,4,34000,3.8823,43.606073,2024,2024-06-11
94960.0,30.0,2,34070,3.872598,43.590303,2024,2024-06-20
150000.0,44.0,2,34070,3.844713,43.591314,2024,2024-06-12
190000.0,161.0,6,34000,3.875614,43.607012,2024,2024-05-24
219200.0,45.0,3,34000,3.892574,43.619818,2024,2024-06-14
380000.0,105.0,5,34000,3.862526,43.610808,2024,2024-06-11
153500.0,48.0,2,34090,3.877336,43.626783,2024,2024-06-06
134000.0,30.0,1,34090,3.844188,43.640541,2024,2024-06-18
200000.0,66.0,3,34070,3.893146,43.601071,2024,2024-06-10
111250.0,44.0,2,34070,3.888143,43.604562,2024,2024-06-06
147000.0,41.0,2,34000,3.899475,43.61403,2024,2024-05-27
49000.0,20.0,1,34090,3.854352,43.622296,2024,2024-06-07
161800.0,80.0,4,34070,3.868984,43.592641,2024,2024-06-18
83000.0,22.0,2,34000,3.873173,43.609391,2024,2024-06-10
185000.0,67.0,3,34000,3.873198,43.601834,2024,2024-05-29
155500.0,47.0,2,34070,3.852056,43.615954,2024,2024-05-28
182000.0,45.0,2,34000,3.910937,43.605336,2024,2024-06-13
300000.0,83.0,4,34000,3.881936,43.604254,2024,2024-06-06
275000.0,95.0,5,34000,3.89248,43.613723,2024,2024-05-28
133250.0,41.0,2,34070,3.855667,43.593828,2024,2024-06-13
69600.0,27.0,1,34000,3.874063,43.600755,2024,2024-06-12
210000.0,85.0,4,34000,3.865191,43.613524,2024,2024-06-03
70000.0,29.0,2,34000,3.866773,43.606795,2024,2024-05-31
149000.0,36.0,2,34090,3.854778,43.623026,2024,2024-06-05
120000.0,35.0,2,34090,3.829663,43.640489,2024,2024-06-06
190000.0,72.0,4,34000,3.89888,43.615496,2024,2024-05-27
216000.0,70.0,4,34070,3.88735,43.60097,2024,2024-06-11
138000.0,43.0,1,34070,3.863285,43.609617,2024,2024-06-21
173000.0,47.0,2,34070,3.894147,43.60314,2024,2024-06-10
57175.0,15.0,1,34000,3.874602,43.607658,2024,2024-06-06
160600.0,46.0,2,34000,3.8823,43.606073,2024,2024-05-31
80000.0,40.0,3,34070,3.888143,43.604562,2024,2024-05-28
75000.0,20.0,1,34080,3.8442,43.632006,2024,2024-06-19
135000.0,70.0,3,34080,3.831436,43.611628,2024,2024-06-18
152100.0,58.0,2,34000,3.89248,43.613723,2024,2024-06-19
410000.0,163.0,4,34000,3.869755,43.60869,2024,2024-06-03
278000.0,109.0,4,34070,3.891447,43.598737,2024,2024-05-31
425400.0,88.0,4,34000,3.90354,43.59873,2024,2024-06-11
254200.0,74.0,4,34000,3.889544,43.615163,2024,2024-06-04
412650.0,92.0,4,34000,3.888223,43.624367,2024,2024-06-10
233150.0,76.0,2,34070,3.86604,43.596752,2024,2024-05-29
220400.0,110.0,5,34070,3.855165,43.604118,2024,2024-06-11
77000.0,65.0,3,34080,3.819496,43.623861,2024,2024-05-28
192000.0,77.0,3,34000,3.890174,43.612677,2024,2024-06-24
152000.0,45.0,2,34000,3.873262,43.610291,2024,2024-06-24
392500.0,80.0,4,34070,3.893056,43.603445,2024,2024-06-03
231000.0,76.0,3,34090,3.840836,43.627719,2024,2024-06-14
213000.0,54.0,3,34000,3.873501,43.611596,2024,2024-06-19
157000.0,64.0,3,34070,3.884143,43.596092,2024,2024-05-28
177000.0,46.0,2,34070,3.856158,43.580939,2024,2024-06-25
134000.0,29.0,1,34000,3.878592,43.6126,2024,2024-06-21
158500.0,38.0,2,34090,3.844188,43.640541,2024,2024-06-12
223950.0,48.0,3,34000,3.878957,43.61308,2024,2024-06-17
103140.0,67.0,3,34000,3.866903,43.605333,2024,2024-06-11
190000.0,70.0,3,34000,3.868901,43.607541,2024,2024-06-04
254750.0,60.0,3,34070,3.856158,43.580939,2024,2024-06-05
227000.0,62.0,2,34000,3.880542,43.606322,2024,2024-06-11
188000.0,60.0,3,34070,3.853572,43.589845,2024,2024-06-20
90000.0,65.0,3,34070,3.864464,43.605458,2024,2024-06-11
177000.0,83.0,4,34070,3.872453,43.594416,2024,2024-06-20
40000.0,31.0,2,34070,3.829399,43.610865,2024,2024-06-10
235000.0,62.0,3,34070,3.890619,43.599089,2024,2024-06-11
153000.0,46.0,2,34090,3.838533,43.636989,2024,2024-06-20
214330.0,68.0,4,34070,3.870783,43.598757,2024,2024-06-18
304900.0,86.0,4,34090,3.873657,43.624511,2024,2024-06-10
122690.0,67.0,4,34080,3.830808,43.615516,2024,2024-06-17
120000.0,53.0,2,34080,3.837587,43.624674,2024,2024-06-26
125500.0,45.0,2,34080,3.837587,43.624674,2024,2024-06-01
152000.0,67.0,4,34070,3.862614,43.598125,2024,2024-06-07
135000.0,73.0,4,34080,3.834593,43.614124,2024,2024-06-17
144000.0,84.0,4,34080,3.829352,43.611691,2024,2024-06-17
125000.0,42.0,2,34070,3.83734,43.596008,2024,2024-06-19
182000.0,47.0,2,34000,3.880676,43.606788,2024,2024-06-04
171000.0,86.0,4,34080,3.833151,43.611295,2024,2024-06-07
125000.0,30.0,1,34000,3.86765,43.611114,2024,2024-06-21
114960.0,49.0,2,34080,3.82318,43.614018,2024,2024-06-24
167710.0,48.0,2,34070,3.860786,43.578387,2024,2024-06-27
88000.0,21.0,2,34000,3.867305,43.60917,2024,2024-06-07
248250.0,56.0,3,34070,3.851407,43.590424,2024,2024-06-17
176000.0,43.0,2,34070,3.893056,43.603445,2024,2024-06-14
240000.0,90.0,4,34070,3.863319,43.604448,2024,2024-06-14
221000.0,93.0,4,34090,3.835902,43.641366,2024,2024-06-18
70500.0,19.0,1,34070,3.867212,43.60842,2024,2024-06-14
233375.0,80.0,4,34070,3.860833,43.600892,2024,2024-06-13
74931.58,18.0,1,34000,3.872398,43.607581,2024,2024-06-14
202000.0,70.0,4,34090,3.868715,43.628172,2024,2024-06-14
237000.0,43.0,2,34000,3.902597,43.598364,2024,2024-06-20
110000.0,31.0,1,34000,3.883519,43.618439,2024,2024-06-19
95000.0,32.0,1,34000,3.868327,43.602205,2024,2024-06-17
172000.0,97.0,5,34070,3.874311,43.589843,2024,2024-06-03
257300.0,68.0,4,34000,3.888642,43.617776,2024,2024-06-18
123480.0,41.0,2,34080,3.832834,43.615261,2024,2024-06-26
205300.0,41.0,2,34070,3.893135,43.602552,2024,2024-06-11
151750.0,62.0,3,34070,3.88845,43.595934,2024,2024-06-20
350000.0,80.0,3,34000,3.862309,43.610508,2024,2024-06-20
37000.0,31.0,2,34070,3.829399,43.610865,2024,2024-06-13
189390.0,61.0,3,34090,3.850771,43.634189,2024,2024-06-18
142898.0,38.0,2,34070,3.878927,43.593629,2024,2024-06-19
50000.0,17.0,1,34080,3.837947,43.613467,2024,2024-06-14
177000.0,68.0,3,34070,3.873179,43.588466,2024,2024-06-18
120000.0,50.0,2,34090,3.841355,43.642449,2024,2024-06-05
116870.0,54.0,3,34080,3.830808,43.615516,2024,2024-06-19
210000.0,85.0,4,34070,3.874311,43.589843,2024,2024-06-10
163455.0,43.0,2,34090,3.871224,43.627565,2024,2024-06-13
184900.0,45.0,2,34000,3.902474,43.601863,2024,2024-06-26
284000.0,75.0,3,34000,3.881416,43.603367,2024,2024-06-17
150000.0,49.0,2,34000,3.896126,43.604656,2024,2024-06-04
69000.0,50.0,1,34000,3.870303,43.614658,2024,2024-06-24
142000.0,80.0,5,34070,3.883533,43.592737,2024,2024-06-14
133000.0,47.0,2,34080,3.847984,43.622477,2024,2024-06-25
390000.0,101.0,4,34000,3.873876,43.609601,2024,2024-06-26
183400.0,45.0,2,34090,3.87492,43.626032,2024,2024-06-26
266000.0,72.0,3,34090,3.873993,43.633106,2024,2024-06-19
85000.0,40.0,1,34000,3.891014,43.613888,2024,2024-06-04
142000.0,66.0,3,34070,3.836052,43.608116,2024,2024-06-24
111000.0,52.0,2,34070,3.868421,43.594405,2024,2024-06-05
163050.0,68.0,3,34070,3.873371,43.588959,2024,2024-06-06
281466.0,85.0,5,34000,3.874999,43.607348,2024,2024-06-05
191000.0,63.0,3,34080,3.82805,43.614783,2024,2024-07-01
654970.0,110.0,4,34000,3.875711,43.614581,2024,2024-06-07
226700.0,61.0,3,34070,3.85988,43.583322,2024,2024-06-17
70000.0,15.0,1,34000,3.881962,43.606934,2024,2024-06-13
142000.0,30.0,1,34000,3.874626,43.611103,2024,2024-06-20
269810.0,66.0,3,34000,3.870829,43.601918,2024,2024-06-27
212000.0,45.0,2,34000,3.874119,43.5998,2024,2024-07-01
73000.0,20.0,1,34000,3.868089,43.604532,2024,2024-06-19
162550.0,64.0,3,34070,3.867942,43.592197,2024,2024-06-20
308000.0,54.0,3,34070,3.893988,43.598542,2024,2024-06-27
112000.0,18.0,1,34090,3.870208,43.617851,2024,2024-06-12
81800.0,20.0,1,34070,3.868288,43.608151,2024,2024-06-26
175000.0,42.0,2,34090,3.881119,43.618365,2024,2024-06-18
135000.0,41.0,1,34090,3.863853,43.618564,2024,2024-06-06
130169.0,48.0,2,34070,3.868984,43.592641,2024,2024-06-04
337500.0,93.0,5,34000,3.885292,43.621256,2024,2024-06-20
80000.0,18.0,1,34070,3.857794,43.612319,2024,2024-06-19
122000.0,54.0,3,34080,3.830808,43.615516,2024,2024-06-05
169900.0,50.0,2,34070,3.860815,43.59335,2024,2024-06-27
137500.0,40.0,2,34070,3.825048,43.610109,2024,2024-07-01
422460.0,89.0,4,34000,3.902657,43.597912,2024,2024-06-18
85000.0,59.0,2,34080,3.830119,43.615175,2024,2024-06-20
225000.0,62.0,3,34090,3.88084,43.614502,2024,2024-06-24
242250.0,79.0,4,34070,3.860833,43.600892,2024,2024-06-18
186250.0,63.0,3,34070,3.860833,43.600892,2024,2024-06-18
183000.0,57.0,3,34000,3.889476,43.612657,2024,2024-06-27
122000.0,31.0,2,34090,3.850649,43.638338,2024,2024-06-26
157000.0,34.0,2,34090,3.891509,43.628156,2024,2024-06-25
130000.0,67.0,4,34070,3.885124,43.593451,2024,2024-06-26
95000.0,23.0,1,34090,3.845393,43.640854,2024,2024-06-18
150000.0,70.0,3,34000,3.88675,43.614319,2024,2024-06-26
132000.0,53.0,2,34090,3.848522,43.637713,2024,2024-06-26
89610.0,19.0,1,34000,3.878575,43.602153,2024,2024-06-28
92200.0,30.0,1,34090,3.845294,43.628354,2024,2024-06-21
220000.0,66.0,3,34070,3.893146,43.601071,2024,2024-06-21
130000.0,41.0,1,34000,3.890074,43.613255,2024,2024-06-27
105000.0,19.0,1,34090,3.864248,43.62241,2024,2024-06-26
307000.0,84.0,2,34000,3.877209,43.607288,2024,2024-06-26
149000.0,34.0,2,34000,3.900053,43.601117,2024,2024-06-24
197000.0,65.0,3,34070,3.852732,43.587933,2024,2024-06-26
82000.0,29.0,1,34000,3.866773,43.606795,2024,2024-07-01
193400.0,79.0,4,34070,3.853021,43.606727,2024,2024-06-06
120000.0,24.0,2,34090,3.875003,43.617508,2024,2024-06-26
91000.0,19.0,1,34090,3.860745,43.626133,2024,2024-06-07
266000.0,78.0,4,34070,3.891238,43.590278,2024,2024-07-01
152000.0,50.0,2,34080,3.847504,43.62381,2024,2024-06-21
227000.0,74.0,3,34070,3.859954,43.607871,2024,2024-06-24
210000.0,49.0,2,34000,3.902054,43.611538,2024,2024-06-21
336950.0,85.0,4,34000,3.865191,43.613524,2024,2024-07-01
308250.0,84.0,3,34070,3.888526,43.59223,2024,2024-06-13
86500.0,34.0,2,34070,3.84659,43.598277,2024,2024-06-14
60000.0,41.0,2,34000,3.879812,43.602666,2024,2024-06-13
289000.0,75.0,3,34070,3.83373,43.609315,2024,2024-06-12
205000.0,65.0,3,34090,3.882467,43.626656,2024,2024-06-19
130000.0,38.0,1,34000,3.886274,43.622247,2024,2024-06-19
195000.0,38.0,2,34090,3.877065,43.627714,2024,2024-06-24
277000.0,74.0,3,34090,3.861361,43.640906,2024,2024-06-24
181833.34,55.0,3,34070,3.859111,43.584012,2024,2024-06-28
140000.0,61.0,3,34070,3.88735,43.60097,2024,2024-06-25
105000.0,26.0,1,34000,3.891596,43.608404,2024,2024-06-20
73563.95,19.0,1,34090,3.864641,43.624832,2024,2024-07-03
215000.0,58.0,3,34000,3.892688,43.605728,2024,2024-06-21
93000.0,18.0,1,34080,3.8442,43.632006,2024,2024-06-20
149203.0,34.0,1,34000,3.913011,43.603212,2024,2024-06-25
181720.0,48.0,2,34000,3.891485,43.60737,2024,2024-06-25
194000.0,48.0,2,34000,3.892171,43.607591,2024,2024-07-01
40000.0,19.0,1,34090,3.873657,43.624511,2024,2024-07-01
77000.0,41.0,2,34070,3.856057,43.602962,2024,2024-07-05
77500.0,21.0,1,34070,3.862511,43.610145,2024,2024-06-26
85200.0,22.0,1,34000,3.868901,43.607541,2024,2024-06-28
217300.0,65.0,2,34000,3.888223,43.624367,2024,2024-05-29
133000.0,30.0,1,34000,3.88786,43.60634,2024,2024-06-12
130000.0,69.0,3,34070,3.856779,43.606864,2024,2024-06-20
53650.0,17.0,1,34080,3.837947,43.613467,2024,2024-06-20
300000.0,87.0,4,34000,3.866523,43.613219,2024,2024-06-21
96000.0,51.0,2,34080,3.830119,43.615175,2024,2024-06-26
164000.0,52.0,2,34070,3.859954,43.607871,2024,2024-06-19
246420.0,76.0,3,34070,3.848673,43.596052,2024,2024-06-27
51500.0,15.0,1,34000,3.881074,43.608197,2024,2024-06-10
242250.0,80.0,4,34070,3.860833,43.600892,2024,2024-06-25
230000.0,86.0,4,34070,3.85736,43.608531,2024,2024-06-12
421000.0,98.0,4,34070,3.853976,43.588185,2024,2024-06-14
255000.0,54.0,3,34070,3.860855,43.603947,2024,2024-06-27
118000.0,61.0,3,34000,3.865191,43.613524,2024,2024-06-26
102000.0,21.0,1,34090,3.869792,43.638598,2024,2024-07-02
113430.0,27.0,1,34000,3.876633,43.609937,2024,2024-07-01
133900.0,48.0,2,34080,3.829221,43.615924,2024,2024-06-13
120000.0,40.0,2,34080,3.845822,43.622635,2024,2024-07-05
175750.0,67.0,3,34070,3.837082,43.598685,2024,2024-06-12
219900.0,74.0,3,34090,3.840836,43.627719,2024,2024-07-01
90000.0,23.0,1,34090,3.864641,43.624832,2024,2024-06-17
241000.0,72.0,3,34070,3.856653,43.582749,2024,2024-06-24
77000.0,14.0,1,34090,3.872282,43.617546,2024,2024-07-02
171900.0,60.0,3,34080,3.829267,43.634493,2024,2024-06-27
145000.0,34.0,2,34090,3.882154,43.624863,2024,2024-06-15
124000.0,26.0,1,34000,3.884157,43.619455,2024,2024-06-27
114400.0,48.0,2,34090,3.85444,43.620964,2024,2024-06-13
160000.0,46.0,2,34070,3.845447,43.604444,2024,2024-06-28
96000.0,32.0,1,34070,3.878927,43.593629,2024,2024-06-26
147500.0,51.0,2,34070,3.866558,43.606157,2024,2024-06-27
77000.0,17.0,1,34000,3.883519,43.603445,2024,2024-06-28
154010.0,37.0,2,34000,3.875286,43.608055,2024,2024-06-27
149000.0,40.0,3,34000,3.867865,43.606485,2024,2024-06-28
178700.0,76.0,4,34070,3.88571,43.584374,2024,2024-06-25
739750.0,117.0,4,34000,3.879892,43.607988,2024,2024-07-08
106000.0,42.0,2,34090,3.846161,43.632044,2024,2024-07-05
120000.0,26.0,1,34090,3.837875,43.6391,2024,2024-06-27
187000.0,51.0,2,34090,3.873657,43.624511,2024,2024-06-24
260000.0,77.0,3,34000,3.893047,43.605178,2024,2024-07-05
85000.0,19.0,1,34000,3.898506,43.601685,2024,2024-07-02
188000.0,46.0,2,34000,3.898345,43.615102,2024,2024-06-25
142000.0,34.0,2,34070,3.894014,43.60062,2024,2024-06-25
75000.0,26.0,1,34000,3.881717,43.601718,2024,2024-07-05
166100.0,75.0,4,34070,3.854287,43.601316,2024,2024-06-28
112750.0,29.0,1,34000,3.898207,43.617475,2024,2024-07-04
105000.0,45.0,2,34070,3.866188,43.595571,2024,2024-07-02
190000.0,81.0,5,34080,3.842248,43.614891,2024,2024-06-26
194750.0,65.0,3,34070,3.851407,43.590424,2024,2024-06-24
390000.0,100.0,4,34000,3.908059,43.607515,2024,2024-07-02
225000.0,68.0,3,34000,3.884908,43.609836,2024,2024-07-02
209021.0,57.0,3,34090,3.852013,43.638711,2024,2024-07-01
122350.0,37.0,2,34080,3.847984,43.622477,2024,2024-06-25
191550.0,43.0,2,34070,3.858068,43.580812,2024,2024-07-09
299550.0,71.0,3,34000,3.903563,43.599184,2024,2024-06-25
92000.0,19.0,1,34000,3.878575,43.602153,2024,2024-06-27
148040.0,61.0,3,34070,3.868967,43.59327,2024,2024-06-25
215681.0,71.0,3,34070,3.851531,43.589201,2024,2024-07-04
80000.0,28.0,1,34070,3.851522,43.615671,2024,2024-07-04
30000.0,18.0,1,34070,3.864284,43.606247,2024,2024-07-08
197000.0,46.0,3,34090,3.88131,43.618586,2024,2024-06-14
167000.0,83.0,4,34070,3.836052,43.608116,2024,2024-07-08
250000.0,99.0,5,34000,3.891014,43.613888,2024,2024-07-10
232560.0,89.0,4,34000,3.883757,43.606035,2024,2024-07-03
49000.0,29.0,1,34000,3.884908,43.609836,2024,2024-07-01
106250.0,45.0,2,34090,3.853251,43.622942,2024,2024-06-28
227000.0,62.0,3,34070,3.851842,43.591823,2024,2024-07-08
390950.0,70.0,3,34000,3.90197,43.597484,2024,2024-07-02
88270.0,23.0,1,34070,3.891022,43.590893,2024,2024-06-18
121492.8,68.0,3,34070,3.851237,43.596242,2024,2024-07-03
211324.0,63.0,3,34000,3.911367,43.61604,2024,2024-07-09
88000.0,18.0,1,34080,3.8436,43.635123,2024,2024-07-04
135000.0,38.0,1,34090,3.868096,43.624164,2024,2024-07-10
169000.0,57.0,3,34000,3.888642,43.617776,2024,2024-06-27
151000.0,39.0,2,34000,3.897996,43.603349,2024,2024-07-02
254850.0,69.0,3,34090,3.850739,43.637893,2024,2024-07-05
177150.0,96.0,4,34080,3.824806,43.615382,2024,2024-06-27
170300.0,70.0,3,34070,3.853493,43.59371,2024,2024-07-02
180000.0,52.0,3,34070,3.86552,43.588498,2024,2024-07-03
47389.02,36.0,1,34070,3.860815,43.59335,2024,2024-06-28
165000.0,42.0,2,34070,3.857121,43.580921,2024,2024-07-05
96410.0,28.0,1,34090,3.842283,43.628897,2024,2024-07-08
130000.0,53.0,3,34070,3.864364,43.597896,2024,2024-07-08
205800.0,63.0,3,34070,3.852017,43.58965,2024,2024-06-28
333025.0,65.0,3,34000,3.902597,43.598364,2024,2024-07-04
257000.0,75.0,3,34000,3.883519,43.618439,2024,2024-06-25
91000.0,27.0,1,34070,3.889766,43.594677,2024,2024-07-11
90000.0,77.0,4,34080,3.814024,43.639114,2024,2024-06-28
172280.0,82.0,4,34070,3.865073,43.59448,2024,2024-07-02
115000.0,29.0,2,34000,3.882735,43.615631,2024,2024-07-04
149630.0,51.0,3,34000,3.878938,43.601675,2024,2024-07-10
115000.0,37.0,2,34080,3.847984,43.622477,2024,2024-07-05
66500.0,23.0,1,34080,3.838455,43.611435,2024,2024-07-05
80000.0,43.0,2,34080,3.851319,43.618445,2024,2024-07-02
115780.0,65.0,3,34080,3.818537,43.641426,2024,2024-07-12
173000.0,44.0,2,34000,3.889959,43.605097,2024,2024-07-11
130000.0,58.0,3,34070,3.854287,43.601316,2024,2024-06-28
95000.0,33.0,2,34070,3.84659,43.598277,2024,2024-06-27
161950.0,37.0,2,34000,3.875483,43.615027,2024,2024-06-27
131500.0,73.0,4,34070,3.868421,43.594405,2024,2024-07-09
92000.0,23.0,1,34090,3.872194,43.634386,2024,2024-07-09
399600.0,72.0,3,34000,3.877467,43.603668,2024,2024-07-04
230850.0,57.0,3,34090,3.879235,43.61939,2024,2024-06-20
161950.0,38.0,2,34000,3.893219,43.619003,2024,2024-07-10
152400.0,25.0,2,34000,3.897996,43.603349,2024,2024-07-08
64500.0,43.0,2,34080,3.830808,43.615516,2024,2024-05-29
305730.0,83.0,3,34000,3.881995,43.60781,2024,2024-06-28
168000.0,72.0,4,34070,3.856047,43.609575,2024,2024-07-04
186000.0,66.0,3,34070,3.867211,43.601296,2024,2024-07-09
200000.0,91.0,4,34090,3.859375,43.624466,2024,2024-06-25
74200.0,42.0,2,34070,3.865771,43.599625,2024,2024-07-12
276500.0,86.0,4,34080,3.834267,43.631002,2024,2024-07-09
220000.0,64.0,3,34000,3.884148,43.600971,2024,2024-07-05
142500.0,91.0,4,34000,3.905078,43.597492,2024,2024-07-12
56000.0,17.0,1,34090,3.878643,43.616342,2024,2024-07-09
40000.0,20.0,1,34000,3.878938,43.601675,2024,2024-06-25
49800.0,31.0,2,34070,3.829399,43.610865,2024,2024-06-21
265730.0,77.0,3,34070,3.892873,43.603053,2024,2024-07-16
205000.0,78.0,1,34000,3.875739,43.611283,2024,2024-07-15
162500.0,53.0,2,34090,3.846838,43.62966,2024,2024-07-12
351350.0,103.0,5,34090,3.873303,43.617788,2024,2024-07-04
112000.0,50.0,2,34070,3.846508,43.613731,2024,2024-07-16
72585.0,37.0,2,34070,3.856007,43.590733,2024,2024-06-21
40000.0,21.0,1,34070,3.85269,43.603029,2024,2024-06-25
295000.0,73.0,3,34000,3.889734,43.606871,2024,2024-07-15
192300.0,75.0,4,34070,3.889789,43.594165,2024,2024-07-16
218000.0,58.0,3,34000,3.878087,43.601472,2024,2024-07-04
104285.0,30.0,2,34000,3.874527,43.608313,2024,2024-07-15
165000.0,61.0,3,34070,3.868794,43.594206,2024,2024-06-25
320000.0,62.0,3,34000,3.875836,43.60772,2024,2024-06-28
230000.0,54.0,3,34000,3.89211,43.604068,2024,2024-06-26
50000.0,38.0,2,34070,3.870783,43.598757,2024,2024-07-11
115000.0,34.0,2,34070,3.853608,43.585779,2024,2024-06-21
120000.0,55.0,3,34070,3.887651,43.598587,2024,2024-03-18
107000.0,23.0,1,34090,3.844188,43.640541,2024,2024-07-16
44000.0,25.0,1,34080,3.851319,43.618445,2024,2024-07-17
217040.0,47.0,2,34000,3.898665,43.600626,2024,2024-07-18
240000.0,70.0,4,34090,3.87722,43.616902,2024,2024-07-08
130000.0,61.0,3,34000,3.898506,43.600792,2024,2024-07-10
156173.0,49.0,2,34070,3.860833,43.600892,2024,2024-07-08
432652.0,121.0,5,34090,3.879837,43.623972,2024,2024-07-09
176800.0,54.0,3,34000,3.876038,43.607594,2024,2024-07-11
386800.0,70.0,3,34000,3.901197,43.608396,2024,2024-07-11
100000.0,20.0,1,34090,3.869792,43.638598,2024,2024-07-10
164000.0,67.0,3,34070,3.87077,43.597489,2024,2024-07-05
128000.0,31.0,2,34090,3.848972,43.638516,2024,2024-07-05
225000.0,66.0,3,34090,3.840041,43.639678,2024,2024-07-18
157400.0,73.0,4,34080,3.834593,43.614124,2024,2024-06-28
203000.0,55.0,3,34000,3.878087,43.601472,2024,2024-07-10
216763.0,38.0,2,34000,3.870722,43.607908,2024,2024-07-09
79000.0,20.0,1,34070,3.880914,43.591147,2024,2024-07-08
127000.0,45.0,2,34080,3.822443,43.615583,2024,2024-07-15
138000.0,66.0,3,34070,3.879861,43.596669,2024,2024-07-18
56000.0,28.0,2,34000,3.879937,43.602314,2024,2024-07-03
235000.0,62.0,3,34000,3.866741,43.626741,2024,2024-07-18
151375.0,48.0,2,34070,3.860833,43.600892,2024,2024-07-02
121500.0,65.0,4,34070,3.867128,43.596109,2024,2024-07-18
210000.0,55.0,2,34000,3.86765,43.611114,2024,2024-07-05
222300.0,58.0,3,34070,3.847932,43.590029,2024,2024-07-18
375635.0,70.0,3,34000,3.865704,43.617114,2024,2024-07-04
72770.0,18.0,1,34000,3.882713,43.603659,2024,2024-07-15
115000.0,35.0,2,34070,3.850502,43.590976,2024,2024-06-28
238000.0,85.0,4,34000,3.880913,43.602804,2024,2024-07-09
246670.0,58.0,3,34070,3.852355,43.615405,2024,2024-07-22
50000.0,28.0,1,34000,3.869652,43.608039,2024,2024-07-22
120000.0,73.0,4,34080,3.834593,43.614124,2024,2024-07-09
59000.0,36.0,2,34080,3.834232,43.61513,2024,2024-07-18
261000.0,90.0,4,34090,3.859459,43.637497,2024,2024-07-22
75000.0,26.0,1,34080,3.83588,43.621424,2024,2024-07-16
112500.0,72.0,4,34080,3.836162,43.611225,2024,2024-06-28
80000.0,29.0,1,34070,3.85634,43.600679,2024,2024-07-05
70000.0,20.0,1,34070,3.839541,43.607688,2024,2024-06-26
125000.0,48.0,2,34080,3.825337,43.613277,2024,2024-07-16
119000.0,31.0,2,34070,3.842863,43.604698,2024,2024-07-15
144000.0,28.0,2,34070,3.889298,43.603195,2024,2024-07-15
253000.0,84.0,4,34070,3.843413,43.595189,2024,2024-07-12
233250.0,49.0,2,34000,3.899835,43.600555,2024,2024-07-19
390210.0,96.0,4,34000,3.897642,43.608478,2024,2024-07-16
82000.0,51.0,2,34090,3.873657,43.624511,2024,2024-07-12
209000.0,43.0,2,34000,3.905077,43.604972,2024,2024-06-28
143910.0,74.0,4,34000,3.878736,43.596726,2024,2024-06-26
320000.0,79.0,4,34070,3.888313,43.592512,2024,2024-06-28
93000.0,50.0,2,34090,3.873657,43.624511,2024,2024-07-17
201000.0,77.0,3,34070,3.870089,43.582375,2024,2024-07-17
89000.0,32.0,2,34090,3.852553,43.621567,2024,2024-07-19
135000.0,36.0,1,34000,3.906581,43.613534,2024,2024-07-09
128500.0,65.0,3,34070,3.846225,43.615092,2024,2024-07-19
217500.0,45.0,2,34000,3.902597,43.598364,2024,2024-07-16
215000.0,77.0,4,34000,3.867699,43.607486,2024,2024-07-16
176690.0,68.0,3,34000,3.871638,43.605132,2024,2024-07-16
290000.0,75.0,3,34000,3.910656,43.607407,2024,2024-06-25
85000.0,21.0,1,34000,3.883519,43.603445,2024,2024-07-19
142000.0,38.0,2,34000,3.868831,43.604087,2024,2024-07-11
160000.0,52.0,2,34090,3.887619,43.629333,2024,2024-07-19
246900.0,59.0,3,34070,3.891238,43.590278,2024,2024-06-28
299500.0,110.0,5,34070,3.854115,43.600002,2024,2024-07-17
275745.0,71.0,2,34070,3.893146,43.601071,2024,2024-07-18
228850.0,57.0,3,34000,3.889544,43.615163,2024,2024-07-17
130000.0,84.0,4,34070,3.868984,43.592641,2024,2024-06-28
227350.0,41.0,2,34000,3.902211,43.596053,2024,2024-07-15
120000.0,34.0,1,34000,3.881344,43.615628,2024,2024-07-12
84680.0,63.0,3,34070,3.836052,43.608116,2024,2024-06-26
224000.0,62.0,3,34070,3.847212,43.589924,2024,2024-07-12
100000.0,33.0,1,34000,3.887106,43.605408,2024,2024-07-02
101780.0,36.0,2,34000,3.878938,43.601675,2024,2024-06-25
350600.0,77.0,3,34000,3.879505,43.61557,2024,2024-07-24
170000.0,54.0,2,34000,3.894063,43.618911,2024,2024-07-16
58000.0,36.0,2,34070,3.867193,43.606159,2024,2024-07-19
130000.0,29.0,1,34000,3.879437,43.613369,2024,2024-07-23
41133.0,18.0,1,34070,3.856007,43.590733,2024,2024-07-03
216000.0,60.0,3,34070,3.858468,43.58007,2024,2024-07-05
243680.0,81.0,4,34070,3.891447,43.598737,2024,2024-07-08
91335.0,22.0,1,34090,3.848972,43.638516,2024,2024-07-12
145000.0,28.0,2,34000,3.895747,43.610904,2024,2024-07-19
120600.0,38.0,2,34070,3.857006,43.588056,2024,2024-07-19
118500.0,71.0,4,34070,3.872174,43.595919,2024,2024-07-08
122000.0,31.0,1,34000,3.878699,43.608604,2024,2024-07-10
140500.0,30.0,2,34000,3.907699,43.613384,2024,2024-07-05
304410.0,100.0,5,34070,3.85736,43.608531,2024,2024-07-10
261800.0,79.0,3,34080,3.831666,43.63305,2024,2024-07-26
83000.0,54.0,2,34090,3.873657,43.624511,2024,2024-07-22
183360.0,80.0,4,34070,3.85736,43.608531,2024,2024-06-17
95000.0,31.0,0,34090,3.863982,43.624471,2024,2024-07-17
75000.0,13.0,0,34000,3.879957,43.614372,2024,2024-07-17
93000.0,22.0,1,34070,3.891022,43.590893,2024,2024-07-19
160000.0,40.0,2,34000,3.875159,43.607989,2024,2024-07-22
179500.0,79.0,4,34070,3.853975,43.595259,2024,2024-07-18
265000.0,63.0,3,34000,3.869203,43.613848,2024,2024-07-24
75000.0,55.0,2,34090,3.873657,43.624511,2024,2024-07-22
191900.0,61.0,2,34000,3.891485,43.60737,2024,2024-07-22
130000.0,35.0,2,34090,3.842309,43.642114,2024,2024-07-19
240000.0,63.0,3,34000,3.881605,43.603273,2024,2024-07-19
182000.0,74.0,4,34080,3.833891,43.617122,2024,2024-07-23
59600.0,25.0,1,34080,3.851319,43.618445,2024,2024-07-03
160000.0,60.0,2,34090,3.84402,43.641391,2024,2024-07-23
129000.0,25.0,1,34000,3.88786,43.60634,2024,2024-06-28
56000.0,21.0,1,34070,3.85269,43.603029,2024,2024-07-17
114500.0,41.0,2,34090,3.856229,43.633435,2024,2024-07-03
165400.0,68.0,4,34070,3.852007,43.606634,2024,2024-07-19
180000.0,90.0,5,34070,3.857382,43.593153,2024,2024-07-12
163000.0,50.0,2,34070,3.861742,43.586065,2024,2024-07-19
244700.0,67.0,4,34000,3.889579,43.618227,2024,2024-07-16
157900.0,50.0,2,34080,3.824806,43.615382,2024,2024-07-16
175000.0,79.0,4,34080,3.819438,43.637329,2024,2024-07-22
158000.0,46.0,2,34000,3.893509,43.606468,2024,2024-07-22
99000.0,25.0,1,34090,3.849118,43.636798,2024,2024-07-04
74000.0,20.0,1,34080,3.826113,43.613047,2024,2024-07-24
330000.0,90.0,4,34000,3.868217,43.602762,2024,2024-07-18
204287.0,69.0,3,34090,3.877065,43.627714,2024,2024-07-15
160000.0,68.0,3,34080,3.835979,43.613944,2024,2024-07-25
186500.0,70.0,3,34000,3.86706,43.617116,2024,2024-07-15
440950.0,106.0,4,34000,3.889302,43.60666,2024,2024-07-23
140000.0,53.0,2,34080,3.827089,43.613959,2024,2024-07-12
209000.0,63.0,3,34080,3.841189,43.619543,2024,2024-07-12
189000.0,40.0,3,34090,3.877736,43.615963,2024,2024-07-18
250000.0,62.0,3,34000,3.894581,43.603675,2024,2024-07-23
114080.0,36.0,1,34070,3.856779,43.606864,2024,2024-07-24
160087.0,55.0,2,34080,3.829469,43.614795,2024,2024-07-29
305900.0,80.0,4,34070,3.844713,43.591314,2024,2024-07-26
33000.0,11.0,1,34000,3.874046,43.608469,2024,2024-07-24
113050.0,27.0,1,34000,3.876257,43.605616,2024,2024-07-22
169000.0,41.0,2,34000,3.864367,43.610815,2024,2024-07-26
65250.0,20.0,1,34090,3.854352,43.622296,2024,2024-07-29
257813.08,68.0,1,34090,3.844825,43.632247,2024,2024-07-23
119260.0,68.0,4,34070,3.885032,43.591232,2024,2024-07-10
175000.0,46.0,2,34000,3.910656,43.607407,2024,2024-07-26
87000.0,18.0,1,34070,3.857794,43.612319,2024,2024-07-23
608000.0,118.0,4,34000,3.876156,43.603432,2024,2024-07-29
131900.0,43.0,2,34000,3.869984,43.602866,2024,2024-07-16
206000.0,39.0,1,34000,3.884157,43.619455,2024,2024-07-31
127000.0,28.0,2,34090,3.86909,43.628526,2024,2024-07-22
295000.0,98.0,4,34080,3.835626,43.630116,2024,2024-07-18
195000.0,41.0,2,34000,3.910818,43.60635,2024,2024-07-10
231000.0,51.0,2,34090,3.884197,43.622191,2024,2024-07-18
124230.0,32.0,1,34070,3.862383,43.588723,2024,2024-07-30
228050.0,45.0,2,34000,3.905319,43.599186,2024,2024-07-19
72000.0,24.0,1,34070,3.834146,43.608785,2024,2024-07-26
287070.0,83.0,3,34000,3.868025,43.604312,2024,2024-07-22
95000.0,23.0,1,34000,3.866741,43.626741,2024,2024-07-19
82460.0,18.0,1,34090,3.856655,43.631871,2024,2024-07-19
101000.0,28.0,2,34000,3.867305,43.60917,2024,2024-07-09
30000.0,23.0,1,34000,3.873789,43.609816,2024,2024-07-26
154000.0,40.0,2,34080,3.82766,43.635919,2024,2024-07-12
234650.0,42.0,2,34000,3.872299,43.608977,2024,2024-07-31
88376.36,22.0,1,34090,3.854352,43.622296,2024,2024-07-25
220000.0,68.0,3,34080,3.844554,43.61491,2024,2024-07-03
90000.0,20.0,1,34000,3.896269,43.605244,2024,2024-07-29
132000.0,42.0,2,34070,3.853732,43.615661,2024,2024-07-30
204000.0,43.0,2,34000,3.875448,43.608955,2024,2024-07-23
136500.0,48.0,2,34070,3.85352,43.587716,2024,2024-07-23
105450.0,25.0,1,34090,3.875506,43.626918,2024,2024-07-18
85200.0,27.0,1,34070,3.889766,43.594677,2024,2024-07-31
131772.0,72.0,3,34070,3.832739,43.598198,2024,2024-07-05
80000.0,25.0,2,34000,3.87509,43.612915,2024,2024-07-12
95347.86,28.0,1,34070,3.891022,43.590893,2024,2024-07-26
78000.0,17.0,1,34000,3.867305,43.60917,2024,2024-07-24
76000.0,25.0,1,34000,3.875904,43.609657,2024,2024-07-15
88000.0,18.0,1,34080,3.8436,43.635123,2024,2024-07-25
292500.0,86.0,4,34090,3.872421,43.637625,2024,2024-07-12
233240.0,69.0,3,34090,3.871312,43.629774,2024,2024-07-25
84500.0,18.0,1,34090,3.856655,43.631871,2024,2024-08-01
162000.0,50.0,2,34070,3.888444,43.599975,2024,2024-07-26
93400.0,44.0,2,34000,3.869103,43.607307,2024,2024-07-25
210275.0,47.0,2,34000,3.897826,43.606536,2024,2024-07-26
35000.0,9.0,1,34000,3.873135,43.609953,2024,2024-07-24
147000.0,28.0,1,34000,3.8758,43.609554,2024,2024-07-15
370000.0,93.0,4,34000,3.868676,43.607124,2024,2024-07-31
80000.0,20.0,1,34070,3.858697,43.612939,2024,2024-07-18
326105.0,70.0,3,34070,3.897883,43.596443,2024,2024-07-24
129500.0,42.0,2,34090,3.859971,43.641182,2024,2024-07-29
157000.0,45.0,2,34000,3.879259,43.613841,2024,2024-07-26
120000.0,43.0,2,34070,3.844998,43.595063,2024,2024-08-02
126500.0,66.0,4,34070,3.875352,43.594452,2024,2024-07-24
105000.0,40.0,1,34080,3.844786,43.614147,2024,2024-07-24
116550.0,69.0,3,34000,3.906949,43.610835,2024,2024-07-24
178500.0,64.0,3,34070,3.865073,43.59448,2024,2024-07-29
230000.0,64.0,3,34000,3.907872,43.609407,2024,2024-07-29
354000.0,83.0,3,34000,3.908059,43.607515,2024,2024-07-24
98000.0,32.0,1,34080,3.847504,43.62381,2024,2024-08-02
44150.0,31.0,1,34000,3.884908,43.609836,2024,2024-07-16
242240.0,84.0,4,34070,3.85573,43.611371,2024,2024-08-02
330000.0,95.0,4,34070,3.842863,43.604698,2024,2024-07-19
210000.0,65.0,3,34090,3.864609,43.618872,2024,2024-07-25
149000.0,38.0,1,34000,3.891485,43.60737,2024,2024-07-15
199000.0,33.0,1,34000,3.902597,43.598364,2024,2024-07-24
212650.0,74.0,4,34000,3.89211,43.604068,2024,2024-07-16
225720.0,52.0,2,34000,3.873603,43.602929,2024,2024-07-29
225000.0,67.0,4,34000,3.860218,43.614319,2024,2024-07-19
335000.0,78.0,3,34070,3.866121,43.597835,2024,2024-07-29
78500.0,24.0,1,34080,3.837587,43.624674,2024,2024-07-24
85000.0,20.0,1,34090,3.872486,43.62869,2024,2024-07-24
152000.0,48.0,2,34080,3.825337,43.613277,2024,2024-07-09
105000.0,34.0,2,34000,3.89571,43.60574,2024,2024-07-08
50600.0,20.0,1,34090,3.854352,43.622296,2024,2024-07-29
214000.0,75.0,4,34070,3.852856,43.587074,2024,2024-07-17
144000.0,30.0,1,34000,3.875515,43.614148,2024,2024-07-18
123900.0,29.0,1,34000,3.874783,43.609857,2024,2024-07-11
287720.0,93.0,4,34070,3.849169,43.590632,2024,2024-07-12
280000.0,100.0,3,34000,3.873601,43.608962,2024,2024-07-25
63000.0,19.0,1,34070,3.857794,43.612319,2024,2024-07-25
233000.0,82.0,4,34000,3.881918,43.607734,2024,2024-08-02
265000.0,63.0,3,34070,3.867211,43.601296,2024,2024-07-30
103010.0,55.0,3,34070,3.886364,43.590361,2024,2024-08-07
76000.0,33.0,1,34080,3.833415,43.612158,2024,2024-07-24
90000.0,67.0,4,34070,3.883988,43.591519,2024,2024-07-25
195000.0,57.0,2,34000,3.910656,43.607407,2024,2024-07-31
117470.0,37.0,2,34000,3.872778,43.605181,2024,2024-07-26
180000.0,41.0,2,34090,3.86319,43.62079,2024,2024-07-29
100000.0,57.0,3,34070,3.867021,43.595401,2024,2024-06-13
155000.0,68.0,3,34070,3.853021,43.606727,2024,2024-07-16
125500.0,58.0,3,34070,3.8555,43.605346,2024,2024-07-17
260000.0,63.0,3,34000,3.874981,43.606247,2024,2024-07-31
344000.0,85.0,4,34070,3.854115,43.600002,2024,2024-08-05
168200.0,42.0,2,34000,3.887901,43.627569,2024,2024-07-09
230000.0,83.0,4,34070,3.851277,43.58873,2024,2024-08-02
153000.0,67.0,4,34070,3.885921,43.601354,2024,2024-08-06
64000.0,25.0,2,34090,3.877472,43.614973,2024,2024-07-24
286760.0,65.0,4,34000,3.879491,43.602844,2024,2024-07-23
232700.0,53.0,2,34000,3.904154,43.601647,2024,2024-08-02
191500.0,47.0,2,34000,3.876031,43.611686,2024,2024-08-05
71711.0,18.0,1,34000,3.879621,43.600789,2024,2024-07-16
190000.0,70.0,3,34000,3.87405,43.609177,2024,2024-08-01
200000.0,74.0,3,34070,3.872022,43.588971,2024,2024-07-29
50000.0,19.0,1,34070,3.866027,43.598852,2024,2024-07-12
236000.0,74.0,4,34070,3.852788,43.589228,2024,2024-08-02
143030.0,41.0,2,34070,3.86008,43.582786,2024,2024-07-26
65000.0,19.0,1,34070,3.863443,43.60871,2024,2024-07-10
73000.0,28.0,1,34070,3.834406,43.610006,2024,2024-07-18
201050.0,61.0,3,34070,3.830582,43.606811,2024,2024-07-18
215000.0,79.0,3,34070,3.86604,43.596752,2024,2024-07-18
209000.0,69.0,3,34070,3.860815,43.59335,2024,2024-07-30
160435.0,47.0,2,34070,3.852781,43.591173,2024,2024-07-25
67000.0,20.0,1,34000,3.874107,43.59996,2024,2024-08-07
98000.0,22.0,1,34000,3.877278,43.613315,2024,2024-07-25
115000.0,26.0,1,34000,3.876053,43.607839,2024,2024-07-18
74000.0,20.0,1,34080,3.832006,43.620973,2024,2024-07-26
225931.0,65.0,3,34000,3.870932,43.600901,2024,2024-07-17
115000.0,36.0,1,34070,3.900349,43.594578,2024,2024-07-25
145500.0,40.0,2,34000,3.873729,43.60872,2024,2024-08-01
282100.0,68.0,3,34000,3.898536,43.602076,2024,2024-07-31
180000.0,63.0,2,34000,3.897937,43.616795,2024,2024-08-07
152000.0,45.0,2,34000,3.896884,43.616162,2024,2024-07-31
147000.0,38.0,2,34070,3.858043,43.590199,2024,2024-08-02
342000.0,175.0,4,34090,3.87288,43.622235,2024,2024-07-04
430000.0,93.0,4,34000,3.8903,43.606151,2024,2024-08-05
90000.0,24.0,1,34090,3.84562,43.627769,2024,2024-08-07
97000.0,29.0,1,34090,3.856655,43.639738,2024,2024-08-02
48500.0,29.0,1,34070,3.876339,43.581538,2024,2024-07-30
115000.0,26.0,1,34000,3.897641,43.601983,2024,2024-07-29
122120.0,35.0,2,34000,3.876858,43.615052,2024,2024-07-19
110000.0,42.0,2,34070,3.856644,43.59141,2024,2024-07-30
120000.0,33.0,1,34090,3.846267,43.632539,2024,2024-08-05
113000.0,27.0,1,34000,3.878642,43.613439,2024,2024-08-02
97000.0,29.0,1,34070,3.862978,43.617611,2024,2024-07-29
280000.0,84.0,4,34070,3.854115,43.600002,2024,2024-08-02
244000.0,88.0,4,34070,3.87236,43.598225,2024,2024-08-02
99000.0,32.0,1,34090,3.852553,43.621567,2024,2024-07-30
193760.0,66.0,3,34090,3.875671,43.628496,2024,2024-07-26
149285.0,61.0,3,34070,3.868967,43.59327,2024,2024-07-25
88850.0,20.0,1,34000,3.887768,43.620938,2024,2024-07-25
112000.0,40.0,2,34080,3.847297,43.621955,2024,2024-08-07
218500.0,80.0,4,34070,3.87236,43.598225,2024,2024-08-07
248350.0,46.0,2,34000,3.87067,43.603209,2024,2024-08-09
76600.0,25.0,1,34000,3.874063,43.600755,2024,2024-08-02
175000.0,66.0,3,34070,3.838372,43.604367,2024,2024-07-17
360500.0,108.0,4,34070,3.891447,43.598737,2024,2024-07-31
680000.0,153.0,4,34000,3.89807,43.600095,2024,2024-08-05
110500.0,23.0,1,34000,3.897596,43.602334,2024,2024-08-07
246850.0,72.0,3,34000,3.869124,43.605132,2024,2024-08-07
117000.0,27.0,1,34000,3.888902,43.605144,2024,2024-08-06
53500.0,16.0,1,34000,3.878199,43.611111,2024,2024-08-09
231800.0,53.0,3,34070,3.882953,43.605167,2024,2024-08-05
299000.0,62.0,3,34070,3.855108,43.602528,2024,2024-08-01
97735.0,68.0,4,34080,3.844554,43.61491,2024,2024-07-19
378000.0,98.0,3,34000,3.873601,43.608962,2024,2024-07-17
265000.0,79.0,4,34080,3.846235,43.622413,2024,2024-08-07
173617.23,35.0,2,34090,3.863205,43.61902,2024,2024-07-31
78940.0,20.0,1,34000,3.879278,43.60084,2024,2024-07-30
174850.0,59.0,3,34070,3.879735,43.595049,2024,2024-07-23
224000.0,45.0,2,34000,3.900839,43.59718,2024,2024-07-31
200000.0,90.0,5,34070,3.88077,43.596746,2024,2024-08-05
120000.0,41.0,2,34000,3.869124,43.605132,2024,2024-07-31
220800.0,60.0,1,34000,3.894399,43.619497,2024,2024-07-31
162000.0,99.0,4,34000,3.884323,43.601563,2024,2024-07-22
243500.0,86.0,4,34080,3.834267,43.631002,2024,2024-08-01
169500.0,58.0,2,34090,3.861775,43.628571,2024,2024-08-07
308000.0,72.0,3,34090,3.878395,43.61887,2024,2024-07-30
175000.0,40.0,2,34090,3.861793,43.628304,2024,2024-08-09
262500.0,70.0,3,34070,3.856707,43.580128,2024,2024-07-23
153000.0,79.0,4,34070,3.864628,43.594644,2024,2024-08-07
129000.0,46.0,2,34090,3.873657,43.624511,2024,2024-08-07
304000.0,73.0,4,34000,3.883338,43.6036,2024,2024-07-30
157000.0,68.0,3,34070,3.854115,43.600002,2024,2024-07-31
106950.0,24.0,2,34000,3.878957,43.61308,2024,2024-07-31
241000.0,53.0,3,34070,3.882953,43.605167,2024,2024-08-13
216400.0,45.0,2,34070,3.893321,43.603238,2024,2024-07-23
255800.0,69.0,3,34070,3.851538,43.611694,2024,2024-08-08
290000.0,70.0,3,34070,3.894357,43.601897,2024,2024-08-19
307000.0,58.0,3,34070,3.9103,43.602999,2024,2024-08-19
171500.0,79.0,4,34070,3.864628,43.594644,2024,2024-08-02
250000.0,77.0,4,34070,3.849215,43.590171,2024,2024-08-14
88421.0,50.0,3,34070,3.862326,43.607878,2024,2024-08-12
207400.0,70.0,3,34080,3.838117,43.624314,2024,2024-08-16
88900.0,22.0,1,34000,3.875533,43.613203,2024,2024-08-12
86225.0,45.0,2,34000,3.877684,43.613056,2024,2024-08-21
107000.0,25.0,1,34000,3.867021,43.609952,2024,2024-08-09
527000.0,109.0,4,34000,3.897996,43.603349,2024,2024-07-30
67100.0,16.0,1,34070,3.862978,43.617611,2024,2024-08-21
95000.0,21.0,1,34000,3.87014,43.604978,2024,2024-08-13
176965.0,32.0,2,34000,3.876894,43.612555,2024,2024-08-20
208000.0,66.0,3,34080,3.841189,43.619543,2024,2024-08-02
465000.0,91.0,3,34000,3.875515,43.614148,2024,2024-08-06
112000.0,50.0,2,34070,3.868984,43.592641,2024,2024-07-29
237650.0,77.0,3,34070,3.854115,43.600002,2024,2024-08-05
87600.0,18.0,1,34090,3.856655,43.631871,2024,2024-08-08
134080.0,37.0,1,34000,3.873465,43.604768,2024,2024-08-08
233450.0,52.0,3,34070,3.839562,43.597492,2024,2024-08-08
155000.0,50.0,2,34070,3.852744,43.615846,2024,2024-08-12
135000.0,36.0,2,34000,3.897996,43.603349,2024,2024-08-02
146000.0,35.0,2,34090,3.891509,43.628156,2024,2024-07-31
173400.0,66.0,3,34070,3.841297,43.604181,2024,2024-08-20
153000.0,80.0,5,34070,3.883533,43.592737,2024,2024-08-07
109050.0,32.0,2,34080,3.835291,43.618361,2024,2024-08-14
198200.0,62.0,3,34070,3.83734,43.596008,2024,2024-08-08
60000.0,18.0,1,34090,3.853449,43.624567,2024,2024-08-02
118500.0,30.0,1,34000,3.87704,43.605517,2024,2024-08-05
118000.0,42.0,2,34080,3.826704,43.613257,2024,2024-08-01
141550.0,34.0,2,34090,3.856743,43.637945,2024,2024-08-14
235000.0,87.0,4,34000,3.881918,43.607734,2024,2024-07-31
75000.0,25.0,2,34000,3.877869,43.61052,2024,2024-08-08
110000.0,18.0,1,34090,3.878544,43.62876,2024,2024-08-14
117000.0,33.0,1,34070,3.861742,43.586065,2024,2024-08-05
230000.0,40.0,2,34000,3.877869,43.61052,2024,2024-08-14
83000.0,18.0,1,34090,3.856655,43.631871,2024,2024-08-14
296500.0,55.0,3,34000,3.901953,43.607207,2024,2024-07-30
241420.0,54.0,3,34000,3.899455,43.600824,2024,2024-08-22
87260.0,33.0,2,34090,3.844825,43.632247,2024,2024-06-25
291600.0,86.0,4,34080,3.841189,43.619543,2024,2024-08-14
60000.0,32.0,2,34080,3.835291,43.618361,2024,2024-08-07
94850.0,41.0,2,34070,3.853884,43.605976,2024,2024-08-05
280000.0,91.0,4,34070,3.851241,43.616024,2024,2024-08-07
88000.0,23.0,1,34090,3.851994,43.624065,2024,2024-08-08
114000.0,39.0,2,34090,3.871045,43.628643,2024,2024-08-05
169900.0,61.0,3,34070,3.868421,43.594405,2024,2024-08-02
226000.0,56.0,3,34090,3.842724,43.642473,2024,2024-08-08
176000.0,42.0,2,34000,3.910937,43.605336,2024,2024-08-06
143780.0,44.0,2,34080,3.832483,43.615372,2024,2024-08-02
127650.0,28.0,2,34000,3.877422,43.613415,2024,2024-07-30
270000.0,59.0,3,34090,3.872937,43.632224,2024,2024-08-12
476550.0,100.0,3,34000,3.907961,43.607285,2024,2024-08-09
125000.0,58.0,2,34090,3.840836,43.627719,2024,2024-08-21
90000.0,20.0,1,34080,3.8436,43.635123,2024,2024-08-09
124000.0,31.0,2,34000,3.895137,43.600662,2024,2024-08-08
44000.0,17.0,1,34080,3.837947,43.613467,2024,2024-08-08
152460.0,49.0,2,34070,3.860833,43.600892,2024,2024-08-13
230000.0,98.0,3,34000,3.880291,43.603508,2024,2024-08-26
135000.0,34.0,1,34090,3.865709,43.622756,2024,2024-07-26
266860.0,81.0,4,34070,3.891447,43.598737,2024,2024-07-29
98000.0,22.0,1,34090,3.869697,43.626179,2024,2024-08-05
165000.0,77.0,4,34070,3.874633,43.591677,2024,2024-08-09
115500.0,55.0,3,34070,3.871134,43.597027,2024,2024-08-05
164200.0,78.0,4,34070,3.858589,43.604739,2024,2024-08-14
254000.0,91.0,4,34070,3.854115,43.600002,2024,2024-07-31
150100.0,43.0,2,34070,3.859954,43.607871,2024,2024-08-06
147480.0,78.0,4,34070,3.886911,43.593676,2024,2024-08-23
200000.0,62.0,4,34000,3.877257,43.610503,2024,2024-08-01
198000.0,94.0,5,34070,3.862576,43.60379,2024,2024-08-23
110000.0,41.0,2,34070,3.864364,43.597896,2024,2024-08-27
78000.0,51.0,3,34070,3.887651,43.598587,2024,2024-07-30
100970.0,22.0,1,34000,3.875396,43.60719,2024,2024-08-20
115401.7,47.0,2,34070,3.885032,43.591232,2024,2024-08-13
59500.0,20.0,1,34000,3.887367,43.603241,2024,2024-08-22
155000.0,45.0,2,34070,3.854115,43.600002,2024,2024-08-12
144150.0,42.0,2,34090,3.838637,43.640729,2024,2024-08-06
355760.0,66.0,3,34000,3.901953,43.607207,2024,2024-08-19
195410.0,80.0,4,34080,3.835473,43.620775,2024,2024-08-19
285260.0,90.0,4,34070,3.850308,43.589542,2024,2024-08-09
200000.0,65.0,3,34000,3.891835,43.606565,2024,2024-08-06
460000.0,94.0,4,34000,3.863465,43.610195,2024,2024-08-06
355034.03,65.0,3,34000,3.903563,43.599184,2024,2024-08-23
191500.0,56.0,3,34070,3.838372,43.604367,2024,2024-07-29
341060.0,78.0,4,34000,3.902657,43.597912,2024,2024-08-20
345000.0,86.0,4,34000,3.899455,43.600824,2024,2024-08-20
165000.0,40.0,3,34070,3.885208,43.600898,2024,2024-08-22
447990.0,98.0,3,34000,3.876294,43.612238,2024,2024-08-19
90000.0,30.0,1,34090,3.845294,43.628354,2024,2024-08-13
208500.0,49.0,2,34000,3.875506,43.613136,2024,2024-08-01
158000.0,79.0,5,34070,3.875352,43.594452,2024,2024-08-01
154000.0,76.0,3,34080,3.824806,43.615382,2024,2024-08-26
144000.0,80.0,3,34070,3.872453,43.594416,2024,2024-07-31
167950.0,46.0,2,34000,3.893083,43.609122,2024,2024-07-08
120000.0,65.0,4,34090,3.864609,43.618872,2024,2024-08-28
164000.0,36.0,2,34090,3.87339,43.63055,2024,2024-08-05
205000.0,86.0,4,34070,3.838662,43.607895,2024,2024-08-20
158050.0,48.0,3,34070,3.862326,43.607878,2024,2024-08-08
95000.0,18.0,1,34090,3.856655,43.631871,2024,2024-08-21
105000.0,28.0,1,34090,3.878987,43.622238,2024,2024-08-20
233000.0,74.0,3,34000,3.886762,43.6266,2024,2024-08-27
220180.0,81.0,4,34090,3.864915,43.623321,2024,2024-08-12
364100.0,81.0,4,34000,3.90354,43.59873,2024,2024-08-22
115000.0,25.0,2,34070,3.893724,43.602181,2024,2024-08-27
142000.0,49.0,2,34080,3.837587,43.624674,2024,2024-08-27
169130.0,39.0,2,34090,3.872118,43.619206,2024,2024-07-31
129750.0,26.0,1,34000,3.885853,43.606513,2024,2024-08-27
318300.0,85.0,3,34070,3.86226,43.583993,2024,2024-08-09
192131.0,49.0,2,34000,3.897641,43.601983,2024,2024-07-31
137500.0,35.0,1,34070,3.860815,43.59335,2024,2024-08-29
63300.0,51.0,2,34070,3.858589,43.604739,2024,2024-08-23
137600.0,35.0,2,34000,3.875151,43.610259,2024,2024-08-23
410000.0,112.0,3,34000,3.879811,43.607536,2024,2024-08-26
150000.0,43.0,2,34070,3.873106,43.597041,2024,2024-08-29
277000.0,91.0,3,34000,3.878412,43.606764,2024,2024-08-06
120000.0,57.0,2,34080,3.841634,43.61433,2024,2024-07-25
188880.0,43.0,2,34070,3.85876,43.581164,2024,2024-08-06
123460.0,45.0,2,34090,3.846838,43.62966,2024,2024-08-09
210000.0,66.0,3,34000,3.885867,43.60314,2024,2024-08-26
111150.0,24.0,1,34000,3.879599,43.601765,2024,2024-08-12
108000.0,21.0,1,34000,3.888902,43.605144,2024,2024-08-27
100000.0,82.0,4,34080,3.81896,43.633792,2024,2024-08-07
91200.0,30.0,1,34090,3.845294,43.628354,2024,2024-08-21
163000.0,67.0,4,34070,3.885921,43.601354,2024,2024-08-27
288780.0,71.0,3,34000,3.893509,43.606468,2024,2024-08-20
198150.0,68.0,4,34070,3.889884,43.595585,2024,2024-08-19
180000.0,48.0,2,34090,3.87339,43.63055,2024,2024-09-02
133000.0,50.0,2,34070,3.854993,43.593074,2024,2024-08-19
409500.0,70.0,3,34070,3.89533,43.596456,2024,2024-08-07
267300.0,67.0,3,34090,3.840823,43.640279,2024,2024-08-13
69000.0,19.0,1,34000,3.887367,43.603241,2024,2024-08-02
250000.0,84.0,4,34070,3.854115,43.600002,2024,2024-08-09
207000.0,97.0,5,34070,3.874328,43.59028,2024,2024-08-05
149800.0,50.0,2,34090,3.841355,43.642449,2024,2024-08-19
280000.0,52.0,3,34000,3.878329,43.597317,2024,2024-08-27
623100.0,101.0,5,34000,3.900839,43.59718,2024,2024-08-26
105000.0,74.0,4,34080,3.834593,43.614124,2024,2024-08-26
80000.0,60.0,3,34090,3.865691,43.620109,2024,2024-08-05
141800.0,35.0,2,34000,3.876213,43.603687,2024,2024-08-14
78000.0,21.0,1,34090,3.889849,43.632383,2024,2024-08-26
85000.0,23.0,1,34070,3.891022,43.590893,2024,2024-08-27
592170.0,250.0,5,34000,3.875402,43.60941,2024,2024-08-29
122400.0,47.0,2,34070,3.843493,43.592255,2024,2024-08-20
140000.0,35.0,2,34070,3.894147,43.60314,2024,2024-08-20
99130.0,35.0,2,34070,3.858487,43.59273,2024,2024-08-21
84110.0,18.0,1,34080,3.8436,43.635123,2024,2024-08-30
140275.0,38.0,2,34070,3.838372,43.604367,2024,2024-08-27
273265.0,80.0,4,34000,3.872482,43.605764,2024,2024-08-20
212500.0,93.0,4,34070,3.848269,43.597418,2024,2024-08-09
85000.0,28.0,1,34000,3.897523,43.60294,2024,2024-08-20
49345.0,13.0,1,34070,3.85736,43.608531,2024,2024-08-22
260000.0,95.0,3,34000,3.881156,43.601445,2024,2024-08-27
430000.0,177.0,7,34000,3.870131,43.602072,2024,2024-08-29
190000.0,67.0,4,34000,3.888198,43.620449,2024,2024-08-07
206700.0,70.0,3,34070,3.845168,43.593984,2024,2024-08-12
213840.0,83.0,4,34090,3.835902,43.641366,2024,2024-08-13
80000.0,28.0,2,34000,3.865803,43.6107,2024,2024-08-05
60000.0,42.0,2,34070,3.852327,43.602421,2024,2024-08-26
109419.6,25.0,1,34090,3.860056,43.640959,2024,2024-08-12
82080.0,54.0,2,34090,3.873657,43.624511,2024,2024-08-20
104000.0,20.0,1,34090,3.869792,43.638598,2024,2024-08-09
109000.0,20.0,1,34000,3.897596,43.602334,2024,2024-08-09
162700.0,84.0,4,34080,3.824806,43.615382,2024,2024-08-28
136010.0,39.0,1,34070,3.873179,43.588466,2024,2024-08-08
520000.0,118.0,4,34090,3.885027,43.625545,2024,2024-07-30
226940.0,70.0,4,34070,3.88735,43.60097,2024,2024-09-04
78700.0,18.0,1,34000,3.881733,43.60184,2024,2024-08-29
140000.0,51.0,2,34070,3.857018,43.602454,2024,2024-08-29
155000.0,67.0,3,34000,3.876449,43.614844,2024,2024-08-30
108180.0,35.0,2,34090,3.860999,43.628061,2024,2024-08-30
83100.0,26.0,2,34070,3.85269,43.603029,2024,2024-08-29
168879.75,36.0,2,34000,3.86784,43.616502,2024,2024-08-09
115000.0,47.0,2,34000,3.873813,43.606813,2024,2024-08-23
131100.0,38.0,2,34070,3.858043,43.590199,2024,2024-08-28
220000.0,96.0,4,34090,3.852821,43.620479,2024,2024-09-03
262000.0,85.0,4,34000,3.865191,43.613524,2024,2024-08-26
154500.0,33.0,2,34070,3.89252,43.589227,2024,2024-08-23
183000.0,77.0,3,34070,3.854115,43.600002,2024,2024-08-08
216000.0,45.0,2,34000,3.903949,43.606884,2024,2024-09-02
160000.0,70.0,3,34070,3.848673,43.596052,2024,2024-08-26
330000.0,71.0,3,34000,3.89807,43.600095,2024,2024-08-30
254340.0,64.0,4,34090,3.871224,43.627565,2024,2024-08-27
475510.0,73.0,3,34000,3.904874,43.601781,2024,2024-09-04
235000.0,84.0,4,34070,3.85677,43.586144,2024,2024-09-02
85000.0,27.0,1,34000,3.868609,43.606546,2024,2024-08-27
290000.0,78.0,3,34000,3.8903,43.606151,2024,2024-08-23
172000.0,32.0,2,34000,3.8758,43.609554,2024,2024-08-27
304650.0,64.0,3,34000,3.908881,43.610502,2024,2024-08-08
208100.0,65.0,4,34000,3.869143,43.60397,2024,2024-08-12
317000.0,87.0,5,34000,3.875432,43.606057,2024,2024-08-29
219745.0,62.0,4,34000,3.888395,43.614724,2024,2024-08-27
321500.0,57.0,3,34090,3.873011,43.619649,2024,2024-08-23
83000.0,23.0,1,34070,3.891022,43.590893,2024,2024-08-22
87000.0,19.0,1,34000,3.887367,43.603241,2024,2024-08-28
215000.0,44.0,2,34090,3.88484,43.626886,2024,2024-08-28
132050.0,29.0,2,34090,3.891988,43.628023,2024,2024-08-28
114000.0,80.0,3,34070,3.839643,43.614007,2024,2024-08-30
184388.0,63.0,3,34070,3.860833,43.600892,2024,2024-08-28
119000.0,34.0,2,34000,3.882451,43.601762,2024,2024-08-29
80000.0,26.0,1,34070,3.891022,43.590893,2024,2024-08-27
209500.0,47.0,2,34090,3.883061,43.62655,2024,2024-08-27
180000.0,47.0,2,34090,3.876241,43.624751,2024,2024-09-02
249600.0,68.0,3,34000,3.891867,43.606091,2024,2024-07-19
99000.0,35.0,2,34080,3.841683,43.617622,2024,2024-08-30
278000.0,95.0,5,34000,3.88704,43.621277,2024,2024-08-30
63000.0,23.0,1,34080,3.844517,43.622445,2024,2024-09-02
240875.0,86.0,4,34070,3.872453,43.594416,2024,2024-08-30
82000.0,70.0,4,34070,3.885032,43.591232,2024,2024-09-03
340000.0,83.0,3,34090,3.863973,43.618139,2024,2024-08-20
157950.0,75.0,3,34090,3.863116,43.626045,2024,2024-08-09
118800.0,32.0,1,34080,3.837587,43.624674,2024,2024-08-30
430700.0,110.0,3,34000,3.877159,43.60826,2024,2024-08-28
138150.0,49.0,2,34090,3.852553,43.621567,2024,2024-08-27
110000.0,18.0,1,34000,3.879898,43.607456,2024,2024-08-29
177900.0,71.0,4,34000,3.89211,43.604068,2024,2024-09-06
244000.0,44.0,2,34070,3.891777,43.600754,2024,2024-08-14
203000.0,70.0,4,34000,3.86706,43.617116,2024,2024-09-09
296000.0,81.0,3,34070,3.893464,43.593694,2024,2024-08-26
110450.0,34.0,2,34070,3.877684,43.579713,2024,2024-07-11
230050.0,69.0,3,34070,3.859911,43.581747,2024,2024-08-14
197000.0,56.0,3,34090,3.872927,43.631235,2024,2024-09-03
175000.0,68.0,3,34000,3.890634,43.604065,2024,2024-08-30
204975.0,50.0,2,34000,3.877758,43.60876,2024,2024-08-30
87500.0,20.0,1,34090,3.861904,43.625018,2024,2024-08-22
273240.0,67.0,3,34000,3.906659,43.608548,2024,2024-09-05
135000.0,38.0,2,34070,3.850511,43.615745,2024,2024-08-13
159500.0,68.0,4,34000,3.858643,43.618409,2024,2024-09-09
243125.0,139.0,5,34070,3.851782,43.61241,2024,2024-08-13
88500.0,22.0,1,34070,3.864997,43.609028,2024,2024-09-04
130800.0,47.0,2,34080,3.847984,43.622477,2024,2024-09-03
193000.0,39.0,2,34090,3.869688,43.616854,2024,2024-09-02
190000.0,64.0,3,34070,3.847952,43.59103,2024,2024-08-29
389000.0,133.0,5,34000,3.872796,43.603497,2024,2024-09-05
217880.0,67.0,3,34070,3.857018,43.602454,2024,2024-08-29
307480.0,66.0,3,34090,3.876241,43.624751,2024,2024-09-04
210000.0,62.0,3,34080,3.851516,43.618942,2024,2024-08-26
180000.0,63.0,3,34090,3.838637,43.640729,2024,2024-09-04
494100.0,84.0,4,34000,3.902126,43.597026,2024,2024-08-27
195000.0,72.0,4,34070,3.847952,43.59103,2024,2024-08-30
179000.0,73.0,3,34070,3.854115,43.600002,2024,2024-08-30
73000.0,17.0,1,34090,3.873657,43.624511,2024,2024-09-02
195000.0,39.0,2,34000,3.902597,43.598364,2024,2024-09-06
162300.0,68.0,4,34000,3.858643,43.618409,2024,2024-09-09
130000.0,53.0,2,34090,3.872046,43.631978,2024,2024-09-03
154770.0,35.0,2,34000,3.87509,43.612915,2024,2024-08-13
312660.0,84.0,3,34000,3.877361,43.604958,2024,2024-08-27
102400.0,38.0,2,34070,3.869605,43.588998,2024,2024-09-10
243800.0,70.0,3,34080,3.833728,43.63262,2024,2024-09-03
249900.0,90.0,4,34000,3.882224,43.608169,2024,2024-09-04
212700.0,104.0,4,34080,3.85142,43.619241,2024,2024-09-10
160000.0,43.0,2,34090,3.872927,43.631235,2024,2024-08-27
112000.0,23.0,1,34000,3.878501,43.613328,2024,2024-09-04
147220.0,56.0,3,34070,3.882335,43.595027,2024,2024-09-09
177000.0,64.0,3,34000,3.894581,43.603675,2024,2024-08-29
140000.0,71.0,4,34070,3.872174,43.595919,2024,2024-09-05
260717.0,59.0,3,34070,3.859336,43.581471,2024,2024-08-26
168200.0,41.0,2,34070,3.850511,43.607308,2024,2024-08-30
145040.0,47.0,2,34000,3.877079,43.603393,2024,2024-08-19
130000.0,44.0,3,34070,3.886292,43.605509,2024,2024-09-05
136000.0,41.0,2,34080,3.831528,43.613498,2024,2024-09-06
333200.0,87.0,4,34000,3.895334,43.606638,2024,2024-08-23
185000.0,50.0,3,34090,3.859919,43.627462,2024,2024-09-04
152630.0,70.0,4,34070,3.856057,43.602962,2024,2024-09-11
147900.0,79.0,3,34070,3.849,43.610284,2024,2024-09-03
68050.0,30.0,2,34090,3.872137,43.617614,2024,2024-09-04
102444.06,84.0,4,34000,3.883312,43.616155,2024,2024-08-29
133000.0,102.0,4,34070,3.846077,43.61599,2024,2024-09-12
261000.0,62.0,3,34000,3.910937,43.605336,2024,2024-08-29
132000.0,22.0,1,34000,3.876922,43.612406,2024,2024-09-03
83000.0,22.0,1,34090,3.846267,43.632539,2024,2024-09-03
76500.0,16.0,1,34000,3.876846,43.61187,2024,2024-09-02
162000.0,47.0,2,34090,3.837875,43.6391,2024,2024-09-04
148000.0,58.0,2,34070,3.853648,43.60923,2024,2024-09-09
58000.0,22.0,1,34090,3.852272,43.639251,2024,2024-09-06
337300.0,70.0,3,34070,3.889619,43.595364,2024,2024-08-21
350000.0,105.0,4,34000,3.855061,43.616115,2024,2024-07-01
270000.0,62.0,3,34090,3.840701,43.64086,2024,2024-08-22
335090.0,72.0,3,34090,3.878987,43.622238,2024,2024-08-30
188000.0,47.0,3,34070,3.884485,43.601506,2024,2024-08-21
149500.0,41.0,2,34070,3.851173,43.591395,2024,2024-09-13
150000.0,84.0,4,34000,3.884264,43.598072,2024,2024-09-12
123000.0,28.0,1,34000,3.893415,43.604874,2024,2024-08-28
208000.0,59.0,3,34080,3.829267,43.634493,2024,2024-08-29
231000.0,67.0,3,34070,3.839562,43.597492,2024,2024-08-27
68000.0,18.0,1,34090,3.867017,43.636828,2024,2024-09-11
185000.0,47.0,2,34070,3.860218,43.582009,2024,2024-08-26
123870.0,29.0,2,34000,3.888465,43.621058,2024,2024-08-28
103000.0,34.0,2,34090,3.844259,43.636956,2024,2024-08-23
139800.0,46.0,2,34080,3.851516,43.618942,2024,2024-09-09
139540.0,37.0,2,34070,3.859627,43.591212,2024,2024-09-11
215000.0,46.0,2,34000,3.897615,43.618085,2024,2024-09-04
78000.0,20.0,1,34090,3.840836,43.627719,2024,2024-09-12
272090.0,67.0,3,34000,3.902597,43.598364,2024,2024-09-09
104000.0,39.0,2,34070,3.856644,43.59141,2024,2024-09-06
207000.0,47.0,3,34000,3.904154,43.601647,2024,2024-08-23
148000.0,68.0,3,34080,3.83335,43.614084,2024,2024-08-29
184000.0,55.0,3,34070,3.858043,43.590199,2024,2024-09-09
200000.0,60.0,3,34000,3.874341,43.602059,2024,2024-09-10
55000.0,18.0,1,34080,3.824287,43.61458,2024,2024-09-10
85000.0,23.0,1,34000,3.892298,43.612749,2024,2024-09-11
122000.0,35.0,1,34000,3.873351,43.610359,2024,2024-09-10
167000.0,74.0,3,34090,3.842796,43.634633,2024,2024-09-17
223500.0,63.0,3,34080,3.828586,43.635161,2024,2024-09-05
117500.0,67.0,4,34080,3.830808,43.615516,2024,2024-09-05
108000.0,24.0,1,34000,3.875566,43.605657,2024,2024-09-10
65500.0,19.0,1,34090,3.860745,43.626133,2024,2024-09-06
193583.0,49.0,2,34000,3.893083,43.609122,2024,2024-09-13
529880.0,100.0,4,34090,3.875368,43.631317,2024,2024-08-26
151000.0,30.0,1,34090,3.872329,43.619911,2024,2024-09-16
114500.0,71.0,4,34080,3.83335,43.614084,2024,2024-09-11
162000.0,68.0,3,34070,3.853021,43.606727,2024,2024-09-02
291710.0,72.0,3,34000,3.881303,43.60817,2024,2024-09-16
155000.0,58.0,2,34000,3.887106,43.605408,2024,2024-09-13
241100.0,68.0,3,34000,3.895381,43.603174,2024,2024-08-27
256620.0,80.0,4,34070,3.85573,43.611371,2024,2024-09-16
164050.0,64.0,3,34080,3.827542,43.615832,2024,2024-09-09
285000.0,93.0,4,34070,3.887149,43.599432,2024,2024-09-05
67000.0,21.0,1,34090,3.847635,43.625801,2024,2024-09-16
98500.0,21.0,2,34000,3.875382,43.608671,2024,2024-09-10
122700.0,31.0,2,34090,3.891988,43.628023,2024,2024-09-13
180000.0,39.0,2,34000,3.88347,43.619714,2024,2024-08-27
236330.0,44.0,2,34000,3.899793,43.597635,2024,2024-09-02
185200.0,49.0,2,34070,3.859111,43.584012,2024,2024-09-06
105000.0,22.0,1,34000,3.868901,43.607541,2024,2024-08-30
110000.0,20.0,1,34090,3.858841,43.637555,2024,2024-09-03
243300.0,66.0,3,34070,3.893436,43.601288,2024,2024-08-30
772700.0,235.0,8,34000,3.867728,43.612811,2024,2024-09-10
146000.0,32.0,2,34000,3.877059,43.613107,2024,2024-09-06
85680.0,19.0,1,34090,3.879026,43.623491,2024,2024-09-13
195170.0,50.0,3,34080,3.8366,43.631468,2024,2024-09-17
126400.0,27.0,2,34000,3.867021,43.609952,2024,2024-08-30
155000.0,42.0,2,34000,3.8758,43.609554,2024,2024-09-06
289000.0,65.0,3,34070,3.855453,43.602431,2024,2024-09-12
65400.0,22.0,1,34080,3.824762,43.632548,2024,2024-09-18
183800.0,65.0,4,34070,3.884143,43.596092,2024,2024-09-04
165000.0,51.0,3,34080,3.831356,43.6141,2024,2024-08-29
185000.0,75.0,3,34070,3.864542,43.600512,2024,2024-09-18
599200.0,99.0,4,34000,3.895415,43.611476,2024,2024-09-10
238436.55,67.0,3,34000,3.870932,43.600901,2024,2024-09-06
90000.0,24.0,1,34090,3.848972,43.638516,2024,2024-09-13
190603.9,58.0,3,34070,3.879735,43.595049,2024,2024-09-10
209000.0,46.0,2,34090,3.877231,43.622493,2024,2024-09-11
263310.0,60.0,3,34080,3.848993,43.625149,2024,2024-09-13
197555.0,58.0,3,34000,3.899475,43.61403,2024,2024-09-09
237591.0,43.0,2,34090,3.869688,43.616854,2024,2024-09-06
225900.0,42.0,2,34000,3.902657,43.597912,2024,2024-09-06
133000.0,73.0,4,34070,3.868421,43.594405,2024,2024-09-11
162000.0,73.0,3,34070,3.868967,43.59327,2024,2024-09-05
118750.0,50.0,2,34080,3.824806,43.615382,2024,2024-09-11
100000.0,21.0,1,34090,3.864641,43.624832,2024,2024-09-17
133000.0,78.0,3,34070,3.854115,43.600002,2024,2024-08-28
119500.0,26.0,2,34000,3.878738,43.61292,2024,2024-09-19
98000.0,22.0,2,34090,3.844188,43.640541,2024,2024-08-27
166000.0,68.0,3,34090,3.861904,43.625018,2024,2024-09-05
330000.0,58.0,3,34090,3.871949,43.618946,2024,2024-09-10
183000.0,79.0,3,34070,3.86604,43.596752,2024,2024-09-10
293000.0,96.0,4,34080,3.830251,43.63296,2024,2024-09-11
423754.78,105.0,5,34000,3.890634,43.604065,2024,2024-09-17
104000.0,27.0,1,34090,3.848751,43.638159,2024,2024-09-18
180000.0,70.0,4,34000,3.86706,43.617116,2024,2024-08-28
171130.0,73.0,4,34070,3.868794,43.594206,2024,2024-08-29
85000.0,19.0,1,34090,3.844744,43.633909,2024,2024-09-18
247030.0,57.0,3,34000,3.876192,43.612047,2024,2024-09-18
104000.0,32.0,2,34000,3.876391,43.607596,2024,2024-09-16
77500.0,37.0,2,34080,3.827944,43.612713,2024,2024-09-11
240425.0,68.0,3,34070,3.862978,43.617611,2024,2024-08-27
133000.0,54.0,2,34070,3.846875,43.59517,2024,2024-09-09
90000.0,20.0,1,34000,3.897596,43.602334,2024,2024-09-16
195000.0,90.0,4,34070,3.853648,43.60923,2024,2024-09-11
168000.0,61.0,3,34070,3.874633,43.591677,2024,2024-09-19
126000.0,36.0,2,34000,3.887367,43.603241,2024,2024-09-18
208805.0,56.0,2,34000,3.866204,43.610649,2024,2024-08-29
100000.0,33.0,2,34090,3.851994,43.624065,2024,2024-09-16
109320.0,28.0,1,34090,3.852643,43.624642,2024,2024-09-04
161445.0,34.0,2,34000,3.883395,43.604115,2024,2024-09-19
160000.0,63.0,3,34000,3.881636,43.602504,2024,2024-09-20
150000.0,47.0,2,34080,3.83258,43.632836,2024,2024-08-28
186500.0,66.0,3,34080,3.8419,43.623519,2024,2024-09-11
85560.0,20.0,1,34090,3.881391,43.62555,2024,2024-09-05
147000.0,42.0,2,34090,3.852951,43.624539,2024,2024-09-17
254150.0,66.0,3,34070,3.847212,43.589924,2024,2024-09-16
208000.0,69.0,3,34080,3.8359,43.632537,2024,2024-09-11
181000.0,45.0,2,34070,3.894114,43.601115,2024,2024-08-20
288527.6,83.0,4,34000,3.870932,43.600901,2024,2024-09-12
140000.0,34.0,2,34000,3.888465,43.621058,2024,2024-09-09
344200.0,133.0,7,34090,3.877457,43.629374,2024,2024-08-29
457700.0,97.0,4,34000,3.90354,43.59873,2024,2024-08-26
137000.0,35.0,2,34070,3.894147,43.60314,2024,2024-09-23
163650.0,36.0,2,34090,3.840041,43.639678,2024,2024-09-04
120000.0,40.0,3,34000,3.86866,43.601057,2024,2024-09-02
80000.0,18.0,1,34090,3.873657,43.624511,2024,2024-09-04
77350.0,18.0,1,34070,3.860615,43.609162,2024,2024-09-20
95500.0,27.0,1,34070,3.872598,43.590303,2024,2024-08-29
234500.0,80.0,3,34080,3.838408,43.61972,2024,2024-09-19
128000.0,31.0,1,34070,3.879735,43.595049,2024,2024-09-26
106000.0,29.0,1,34000,3.877422,43.613415,2024,2024-08-29
149780.0,41.0,2,34000,3.897615,43.618085,2024,2024-09-16
105000.0,22.0,1,34090,3.859513,43.628023,2024,2024-09-02
272200.0,90.0,4,34090,3.873657,43.624511,2024,2024-09-10
250000.0,72.0,3,34090,3.873993,43.633106,2024,2024-09-13
120000.0,36.0,2,34000,3.882237,43.607472,2024,2024-09-09
209865.0,65.0,2,34000,3.873262,43.60561,2024,2024-09-19
220800.0,73.0,3,34080,3.836258,43.622393,2024,2024-09-10
195300.0,48.0,2,34000,3.895874,43.611799,2024,2024-09-16
105000.0,30.0,1,34090,3.878987,43.622238,2024,2024-09-16
155950.0,39.0,2,34070,3.884972,43.602009,2024,2024-09-13
183000.0,62.0,3,34000,3.874898,43.597772,2024,2024-09-04
68000.0,29.0,1,34080,3.849844,43.619362,2024,2024-09-17
198450.0,62.0,3,34090,3.871312,43.629774,2024,2024-09-18
311000.0,118.0,5,34000,3.872796,43.603497,2024,2024-09-13
106000.0,18.0,1,34000,3.874836,43.615833,2024,2024-09-10
111000.0,38.0,2,34070,3.860172,43.58096,2024,2024-09-18
157000.0,55.0,3,34000,3.885347,43.603179,2024,2024-09-19
102500.0,23.0,1,34090,3.851994,43.624065,2024,2024-09-17
164000.0,61.0,3,34070,3.88735,43.60097,2024,2024-09-23
195626.0,71.0,4,34070,3.875006,43.594018,2024,2024-09-19
193500.0,52.0,2,34090,3.888478,43.629542,2024,2024-09-24
257653.4,70.0,3,34000,3.906581,43.613534,2024,2024-09-06
85000.0,20.0,1,34090,3.846267,43.632539,2024,2024-09-16
118000.0,60.0,3,34070,3.853389,43.60343,2024,2024-09-23
102410.0,26.0,1,34090,3.86199,43.628048,2024,2024-09-18
163000.0,67.0,3,34000,3.858643,43.618409,2024,2024-09-17
976300.0,163.0,4,34000,3.879811,43.607536,2024,2024-09-16
190000.0,38.0,2,34090,3.869688,43.616854,2024,2024-09-18
210000.0,95.0,4,34070,3.867489,43.594589,2024,2024-09-13
160000.0,58.0,3,34070,3.88571,43.584374,2024,2024-09-20
245000.0,52.0,3,34000,3.898933,43.612319,2024,2024-09-17
69238.41,22.0,1,34080,3.824762,43.632548,2024,2024-09-18
150604.0,48.0,2,34070,3.860833,43.600892,2024,2024-09-19
240570.0,85.0,4,34090,3.835902,43.641366,2024,2024-09-19
285900.0,75.0,3,34080,3.837119,43.630166,2024,2024-09-23
290600.0,78.0,4,34090,3.889078,43.625409,2024,2024-09-25
117500.0,35.0,2,34090,3.851994,43.624065,2024,2024-09-05
114000.0,26.0,2,34070,3.893724,43.602181,2024,2024-09-25
232000.0,79.0,4,34070,3.85736,43.608531,2024,2024-09-19
139710.0,89.0,3,34000,3.894399,43.619497,2024,2024-09-23
135000.0,49.0,2,34070,3.85954,43.611868,2024,2024-09-20
115000.0,61.0,3,34070,3.868794,43.594206,2024,2024-09-23
98000.0,27.0,2,34000,3.869382,43.601404,2024,2024-09-18
89300.0,19.0,1,34090,3.879026,43.623491,2024,2024-09-16
75000.0,18.0,1,34000,3.891104,43.606692,2024,2024-09-27
320000.0,100.0,5,34070,3.852953,43.613856,2024,2024-09-16
182850.0,41.0,2,34070,3.859377,43.58258,2024,2024-09-24
47500.0,21.0,1,34070,3.85269,43.603029,2024,2024-09-23
87000.0,17.0,1,34000,3.876971,43.607401,2024,2024-09-13
101400.0,36.0,1,34000,3.878938,43.601675,2024,2024-09-10
121000.0,69.0,4,34070,3.8555,43.605346,2024,2024-09-17
137000.0,69.0,4,34070,3.8555,43.605346,2024,2024-09-11
130000.0,35.0,2,34070,3.859226,43.582326,2024,2024-09-12
98000.0,50.0,2,34070,3.868984,43.592641,2024,2024-09-30
128250.0,68.0,3,34070,3.885124,43.593451,2024,2024-09-30
172340.0,57.0,2,34070,3.845447,43.604444,2024,2024-09-16
114000.0,22.0,1,34000,3.862767,43.610548,2024,2024-09-19
129000.0,41.0,2,34090,3.860514,43.636261,2024,2024-09-24
262541.0,78.0,4,34070,3.893464,43.593694,2024,2024-09-24
225000.0,57.0,2,34000,3.892476,43.604929,2024,2024-09-17
128000.0,44.0,2,34070,3.863443,43.60871,2024,2024-09-26
230000.0,108.0,5,34080,3.837422,43.613032,2024,2024-09-25
102150.0,24.0,1,34000,3.876151,43.605562,2024,2024-09-16
90000.0,39.0,1,34000,3.875359,43.612905,2024,2024-09-09
385000.0,168.0,5,34000,3.874057,43.605132,2024,2024-09-09
66900.0,22.0,1,34080,3.824762,43.632548,2024,2024-09-25
450765.0,100.0,4,34000,3.873029,43.608376,2024,2024-08-29
289000.0,76.0,4,34070,3.892468,43.592944,2024,2024-09-25
85000.0,30.0,1,34000,3.86804,43.606208,2024,2024-09-20
102500.0,77.0,3,34090,3.865065,43.625555,2024,2024-09-27
329000.0,94.0,4,34000,3.907699,43.613384,2024,2024-09-20
116000.0,29.0,1,34090,3.841355,43.642449,2024,2024-09-19
221275.0,71.0,3,34090,3.857503,43.640235,2024,2024-09-17
44100.0,20.0,1,34070,3.894876,43.601219,2024,2024-08-26
181000.0,40.0,2,34000,3.902597,43.598364,2024,2024-09-23
218150.0,63.0,3,34070,3.851449,43.591723,2024,2024-09-20
217000.0,42.0,2,34000,3.902597,43.598364,2024,2024-09-20
94520.0,71.0,4,34080,3.844427,43.621061,2024,2024-09-19
578400.0,118.0,5,34090,3.862213,43.618621,2024,2024-09-25
96200.0,58.0,3,34080,3.84489,43.619961,2024,2024-09-19
158000.0,52.0,2,34000,3.867309,43.604202,2024,2024-09-23
257380.0,64.0,3,34000,3.896126,43.604656,2024,2024-09-17
85000.0,71.0,4,34080,3.844427,43.621061,2024,2024-09-19
153000.0,47.0,2,34000,3.878099,43.610217,2024,2024-09-27
155000.0,44.0,2,34070,3.873106,43.597041,2024,2024-09-26
77500.0,21.0,1,34070,3.894636,43.599749,2024,2024-09-16
224250.0,70.0,3,34070,3.843817,43.592403,2024,2024-10-01
135000.0,49.0,2,34070,3.85954,43.611868,2024,2024-09-25
232000.0,81.0,4,34000,3.889587,43.608363,2024,2024-09-30
76000.0,19.0,1,34000,3.878575,43.602153,2024,2024-09-25
142780.0,50.0,2,34070,3.854993,43.593074,2024,2024-09-25
400000.0,87.0,3,34000,3.863083,43.61359,2024,2024-09-24
106500.0,42.0,2,34070,3.834528,43.609668,2024,2024-09-18
145000.0,29.0,2,34000,3.875634,43.607098,2024,2024-09-26
108000.0,22.0,1,34090,3.86102,43.624829,2024,2024-09-27
108920.0,28.0,1,34090,3.87533,43.616924,2024,2024-09-27
550000.0,118.0,4,34090,3.869688,43.616854,2024,2024-09-26
340000.0,130.0,4,34090,3.865065,43.625555,2024,2024-09-19
369000.0,107.0,5,34000,3.870686,43.605607,2024,2024-09-13
197493.0,42.0,1,34000,3.889108,43.605248,2024,2024-09-04
155000.0,44.0,2,34070,3.852017,43.58965,2024,2024-09-30
498850.0,120.0,5,34000,3.881764,43.606337,2024,2024-09-10
145000.0,43.0,2,34070,3.867819,43.608202,2024,2024-09-26
199300.0,42.0,2,34000,3.910937,43.605336,2024,2024-09-25
155000.0,46.0,2,34090,3.863668,43.623358,2024,2024-09-20
355000.0,86.0,3,34090,3.878987,43.622238,2024,2024-10-02
209000.0,57.0,3,34080,3.828586,43.635161,2024,2024-09-19
73500.0,25.0,1,34090,3.857257,43.621294,2024,2024-09-11
218470.0,62.0,3,34070,3.826017,43.611312,2024,2024-09-26
175000.0,50.0,2,34000,3.897429,43.602694,2024,2024-09-25
129350.0,42.0,2,34070,3.83734,43.596008,2024,2024-09-25
163000.0,36.0,1,34000,3.875159,43.607989,2024,2024-09-19
219700.0,39.0,2,34000,3.902597,43.598364,2024,2024-09-25
280000.0,70.0,3,34090,3.874979,43.628781,2024,2024-09-11
137500.0,43.0,2,34000,3.872906,43.608382,2024,2024-09-27
536400.0,108.0,4,34000,3.882268,43.605976,2024,2024-09-23
69000.0,27.0,0,34000,3.890981,43.614682,2024,2024-09-16
84000.0,19.0,1,34090,3.872194,43.634386,2024,2024-08-28
156700.0,40.0,2,34090,3.881026,43.615157,2024,2024-09-11
554150.0,167.0,4,34070,3.847008,43.614154,2024,2024-09-27
90000.0,32.0,2,34080,3.827944,43.612713,2024,2024-09-20
239100.0,60.0,2,34000,3.8731,43.608103,2024,2024-10-04
145000.0,38.0,2,34090,3.844188,43.640541,2024,2024-09-12
443900.0,77.0,3,34000,3.878096,43.611537,2024,2024-09-30
325000.0,73.0,3,34000,3.902054,43.611538,2024,2024-09-27
304320.2,63.0,3,34000,3.898506,43.600792,2024,2024-09-23
120000.0,34.0,1,34070,3.879735,43.595049,2024,2024-09-26
126470.0,44.0,2,34070,3.825048,43.610109,2024,2024-09-23
128000.0,41.0,2,34080,3.831528,43.613498,2024,2024-10-03
132000.0,73.0,4,34080,3.834593,43.614124,2024,2024-09-12
125000.0,46.0,2,34090,3.852553,43.621567,2024,2024-09-23
185000.0,45.0,2,34090,3.871172,43.625552,2024,2024-09-25
183790.0,77.0,3,34070,3.854115,43.600002,2024,2024-10-02
105000.0,40.0,2,34070,3.836052,43.608116,2024,2024-09-30
103300.0,20.0,1,34000,3.87619,43.61271,2024,2024-09-27
210000.0,58.0,2,34000,3.88307,43.603946,2024,2024-09-25
156000.0,56.0,3,34070,3.847621,43.605817,2024,2024-09-24
266000.0,67.0,4,34000,3.860218,43.614319,2024,2024-09-26
246000.0,47.0,2,34000,3.904154,43.601647,2024,2024-09-10
309350.0,96.0,4,34000,3.874997,43.609255,2024,2024-09-11
217000.0,98.0,5,34070,3.855165,43.604118,2024,2024-09-25
117050.0,30.0,1,34090,3.852553,43.621567,2024,2024-09-27
170000.0,71.0,3,34070,3.88571,43.584374,2024,2024-09-25
605400.0,178.0,5,34000,3.876893,43.609401,2024,2024-09-23
128000.0,25.0,1,34090,3.849118,43.636798,2024,2024-09-11
80000.0,29.0,1,34070,3.85634,43.600679,2024,2024-09-09
125000.0,51.0,2,34070,3.862259,43.618137,2024,2024-09-27
159500.0,84.0,5,34070,3.84738,43.604831,2024,2024-09-20
97850.0,30.0,1,34090,3.873657,43.624511,2024,2024-10-01
160000.0,47.0,2,34000,3.899683,43.601184,2024,2024-09-24
96500.0,27.0,1,34090,3.848751,43.638159,2024,2024-09-25
256910.0,64.0,3,34000,3.879066,43.596134,2024,2024-10-04
114300.0,21.0,1,34090,3.860416,43.624696,2024,2024-09-12
117000.0,31.0,2,34080,3.831356,43.6141,2024,2024-09-30
170000.0,52.0,3,34090,3.863116,43.626045,2024,2024-09-20
95000.0,63.0,3,34080,3.843839,43.619515,2024,2024-10-04
125000.0,52.0,3,34080,3.831356,43.6141,2024,2024-09-26
225000.0,69.0,3,34000,3.891185,43.60927,2024,2024-09-26
157817.0,40.0,2,34070,3.893135,43.602552,2024,2024-09-27
315000.0,90.0,4,34070,3.854115,43.600002,2024,2024-09-30
221600.0,80.0,4,34070,3.87236,43.598225,2024,2024-09-30
430000.0,110.0,5,34000,3.88786,43.60634,2024,2024-09-30
162000.0,46.0,2,34070,3.891097,43.598985,2024,2024-09-25
138000.0,27.0,2,34000,3.897596,43.602334,2024,2024-10-04
93000.0,23.0,1,34090,3.854778,43.623026,2024,2024-10-04
180000.0,49.0,2,34000,3.883452,43.602233,2024,2024-09-26
145500.0,48.0,2,34080,3.8359,43.632537,2024,2024-10-02
49600.0,19.0,1,34070,3.876339,43.581538,2024,2024-09-25
96234.49,23.0,1,34000,3.913011,43.603212,2024,2024-09-26
309770.0,74.0,3,34000,3.903563,43.599184,2024,2024-10-08
304000.0,92.0,4,34000,3.890634,43.604065,2024,2024-09-26
138000.0,43.0,2,34000,3.881362,43.602927,2024,2024-09-27
210000.0,58.0,3,34070,3.851842,43.591823,2024,2024-09-24
212950.0,81.0,3,34070,3.865771,43.599625,2024,2024-10-02
237387.16,76.0,3,34000,3.870932,43.600901,2024,2024-09-23
167200.0,40.0,3,34000,3.875401,43.608258,2024,2024-09-24
277000.0,89.0,4,34000,3.866529,43.605066,2024,2024-09-27
174692.0,48.0,1,34000,3.876017,43.607395,2024,2024-09-16
122270.0,47.0,2,34000,3.895451,43.62403,2024,2024-09-24
230000.0,81.0,4,34070,3.891447,43.598737,2024,2024-09-13
157650.0,66.0,3,34080,3.827187,43.616086,2024,2024-09-18
88000.0,23.0,1,34070,3.891022,43.590893,2024,2024-09-30
70000.0,51.0,2,34000,3.892897,43.617508,2024,2024-09-24
305500.0,78.0,3,34000,3.87397,43.600423,2024,2024-10-02
280000.0,88.0,4,34090,3.869084,43.622074,2024,2024-09-30
345000.0,94.0,4,34070,3.887215,43.603894,2024,2024-09-30
161500.0,47.0,2,34000,3.893509,43.606468,2024,2024-09-30
125000.0,56.0,3,34090,3.88084,43.614502,2024,2024-09-24
189000.0,45.0,2,34000,3.883637,43.60349,2024,2024-10-09
148000.0,44.0,2,34000,3.904518,43.609703,2024,2024-09-24
165000.0,71.0,3,34070,3.88571,43.584374,2024,2024-10-07
170000.0,48.0,2,34090,3.877104,43.615745,2024,2024-09-30
195030.0,51.0,3,34090,3.855792,43.636884,2024,2024-10-03
145670.0,60.0,3,34090,3.853251,43.622942,2024,2024-10-04
404000.0,84.0,4,34070,3.855108,43.602528,2024,2024-10-02
256450.0,102.0,5,34070,3.878797,43.592447,2024,2024-10-07
198000.0,68.0,3,34000,3.900205,43.597928,2024,2024-10-02
137000.0,36.0,2,34000,3.884515,43.614454,2024,2024-09-27
168000.0,46.0,2,34090,3.846578,43.631439,2024,2024-10-10
238050.0,60.0,3,34070,3.849215,43.590171,2024,2024-09-30
182000.0,67.0,4,34070,3.889375,43.594251,2024,2024-10-02
192000.0,62.0,3,34070,3.864628,43.594644,2024,2024-10-03
114000.0,23.0,1,34090,3.849118,43.636798,2024,2024-10-03
155000.0,52.0,3,34000,3.875064,43.608016,2024,2024-09-23
220000.0,54.0,2,34000,3.874032,43.60427,2024,2024-10-02
68000.0,30.0,2,34080,3.832006,43.620973,2024,2024-09-20
193300.0,33.0,1,34000,3.876429,43.607721,2024,2024-10-02
104000.0,35.0,2,34000,3.869739,43.604959,2024,2024-10-11
225500.0,39.0,2,34000,3.878728,43.61355,2024,2024-09-30
346000.0,72.0,3,34000,3.875515,43.614148,2024,2024-10-10
110000.0,40.0,2,34080,3.843208,43.616384,2024,2024-10-07
246000.0,75.0,3,34080,3.837119,43.630166,2024,2024-10-08
337850.0,67.0,3,34070,3.85853,43.608675,2024,2024-10-10
49700.0,19.0,1,34070,3.829399,43.610865,2024,2024-09-30
94450.0,26.0,1,34070,3.864997,43.609028,2024,2024-10-07
259500.0,67.0,3,34090,3.878442,43.616393,2024,2024-10-09
140000.0,68.0,4,34070,3.864364,43.597896,2024,2024-10-03
152000.0,63.0,3,34000,3.873262,43.610291,2024,2024-09-26
140000.0,47.0,2,34000,3.900319,43.620236,2024,2024-10-09
140000.0,70.0,4,34070,3.87385,43.594873,2024,2024-10-08
98000.0,22.0,2,34090,3.844188,43.640541,2024,2024-09-27
266000.0,68.0,3,34000,3.895335,43.605977,2024,2024-10-07
88000.0,19.0,1,34000,3.878575,43.602153,2024,2024-10-01
155000.0,55.0,2,34000,3.895464,43.608606,2024,2024-10-09
120800.0,48.0,2,34080,3.825337,43.613277,2024,2024-09-17
142200.0,45.0,2,34070,3.84918,43.61505,2024,2024-09-23
284062.7,77.0,3,34000,3.870932,43.600901,2024,2024-09-24
87000.0,26.0,1,34090,3.848972,43.638516,2024,2024-10-04
223000.0,76.0,3,34000,3.881357,43.604406,2024,2024-10-03
93260.0,22.0,1,34000,3.913011,43.603212,2024,2024-09-27
75850.0,27.0,1,34080,3.832006,43.620973,2024,2024-09-17
139424.0,85.0,5,34070,3.885539,43.594369,2024,2024-10-10
170000.0,53.0,3,34070,3.890252,43.602128,2024,2024-10-07
150000.0,64.0,3,34000,3.878104,43.598563,2024,2024-10-08
75000.0,21.0,1,34090,3.889849,43.632383,2024,2024-10-03
104500.0,89.0,5,34080,3.818822,43.640044,2024,2024-09-19
157100.0,56.0,3,34070,3.846288,43.612321,2024,2024-09-27
111750.0,57.0,3,34070,3.892207,43.595045,2024,2024-09-30
135000.0,53.0,2,34090,3.876608,43.624243,2024,2024-09-27
220000.0,58.0,2,34000,3.895334,43.606638,2024,2024-10-08
444500.0,116.0,4,34000,3.88031,43.61085,2024,2024-10-08
121000.0,38.0,2,34070,3.851277,43.58873,2024,2024-10-14
322000.0,130.0,4,34000,3.878097,43.608025,2024,2024-10-03
135000.0,37.0,1,34000,3.880542,43.606322,2024,2024-10-17
120000.0,55.0,3,34070,3.875352,43.594452,2024,2024-10-09
289170.0,71.0,3,34070,3.89376,43.601154,2024,2024-10-15
129000.0,33.0,2,34000,3.874398,43.609743,2024,2024-10-11
129000.0,31.0,1,34000,3.89571,43.60574,2024,2024-10-02
234000.0,72.0,4,34000,3.886378,43.614835,2024,2024-09-30
104990.0,30.0,2,34000,3.879209,43.613774,2024,2024-10-08
143400.0,51.0,3,34070,3.882773,43.596636,2024,2024-09-27
75000.0,23.0,1,34090,3.860916,43.638413,2024,2024-10-09
360046.16,100.0,5,34000,3.870932,43.600901,2024,2024-09-30
107000.0,30.0,1,34090,3.845294,43.628354,2024,2024-10-11
320000.0,78.0,3,34000,3.891775,43.60593,2024,2024-09-25
112350.0,30.0,1,34090,3.856264,43.640812,2024,2024-10-03
152350.0,31.0,2,34000,3.877827,43.614029,2024,2024-09-27
102000.0,32.0,2,34000,3.877288,43.612886,2024,2024-10-08
119500.0,25.0,1,34000,3.884157,43.619455,2024,2024-10-11
113000.0,29.0,1,34090,3.871303,43.626414,2024,2024-09-25
157000.0,64.0,3,34070,3.867211,43.601296,2024,2024-09-26
160188.0,41.0,2,34070,3.893135,43.602552,2024,2024-10-11
175000.0,75.0,3,34070,3.844996,43.615645,2024,2024-09-23
75000.0,22.0,1,34090,3.852553,43.621567,2024,2024-10-03
167000.0,40.0,2,34000,3.868108,43.6029,2024,2024-10-11
126000.0,31.0,1,34000,3.878938,43.601675,2024,2024-10-07
81000.0,21.0,1,34080,3.837587,43.624674,2024,2024-10-08
80000.0,14.0,1,34000,3.878538,43.608417,2024,2024-10-02
112000.0,83.0,4,34070,3.836052,43.608116,2024,2024-09-26
96500.0,22.0,1,34090,3.844188,43.640541,2024,2024-10-14
116250.0,31.0,1,34090,3.871224,43.627565,2024,2024-10-14
35000.0,17.0,1,34090,3.87292,43.619921,2024,2024-10-08
304000.0,90.0,3,34000,3.876403,43.609503,2024,2024-09-26
310000.0,81.0,4,34070,3.855507,43.603406,2024,2024-10-07
129000.0,42.0,2,34080,3.82126,43.62307,2024,2024-10-08
121000.0,57.0,2,34000,3.871491,43.602569,2024,2024-10-03
163000.0,86.0,4,34080,3.833151,43.611295,2024,2024-10-15
145000.0,41.0,2,34090,3.876608,43.624243,2024,2024-10-16
56000.0,18.0,1,34090,3.867017,43.636828,2024,2024-10-16
192000.0,67.0,4,34000,3.888198,43.620449,2024,2024-10-17
43000.0,10.0,0,34070,3.883175,43.605015,2024,2024-10-08
268000.0,104.0,4,34070,3.86604,43.596752,2024,2024-10-15
310080.0,91.0,3,34090,3.888223,43.624367,2024,2024-10-03
116500.0,24.0,1,34070,3.893722,43.60234,2024,2024-10-02
87000.0,24.0,1,34090,3.848972,43.638516,2024,2024-10-16
115300.0,50.0,2,34070,3.868984,43.592641,2024,2024-09-26
241190.0,51.0,2,34000,3.886754,43.618874,2024,2024-10-14
95000.0,21.0,1,34090,3.863024,43.640576,2024,2024-10-11
203455.0,70.0,3,34070,3.85352,43.587716,2024,2024-10-04
116500.0,23.0,1,34090,3.848347,43.638299,2024,2024-10-17
75000.0,20.0,1,34000,3.88206,43.602136,2024,2024-10-11
200000.0,65.0,3,34080,3.8366,43.631468,2024,2024-10-04
42000.0,17.0,1,34080,3.837947,43.613467,2024,2024-10-08
157500.0,64.0,4,34080,3.842248,43.614891,2024,2024-10-01
231000.0,65.0,3,34070,3.858043,43.590199,2024,2024-10-02
240000.0,81.0,4,34000,3.881918,43.607734,2024,2024-10-16
160000.0,67.0,4,34000,3.888198,43.620449,2024,2024-10-18
110000.0,31.0,2,34090,3.849903,43.626298,2024,2024-10-15
101000.0,81.0,4,34080,3.832483,43.615372,2024,2024-09-30
200000.0,89.0,5,34070,3.853389,43.60343,2024,2024-10-16
88000.0,32.0,2,34070,3.872598,43.590303,2024,2024-10-16
320000.0,97.0,3,34000,3.875275,43.606549,2024,2024-10-17
664550.0,180.0,7,34000,3.877008,43.609096,2024,2024-10-10
250000.0,66.0,3,34090,3.87259,43.634048,2024,2024-10-09
108000.0,35.0,2,34080,3.841683,43.617622,2024,2024-10-10
242555.0,69.0,3,34070,3.886171,43.605535,2024,2024-10-16
162150.0,60.0,3,34070,3.853028,43.587231,2024,2024-10-18
135000.0,36.0,3,34000,3.876041,43.610387,2024,2024-10-10
253700.0,58.0,3,34070,3.867211,43.601296,2024,2024-10-11
215000.0,77.0,4,34090,3.865065,43.625555,2024,2024-10-04
92100.0,32.0,2,34000,3.87459,43.602483,2024,2024-10-15
73000.0,14.0,1,34000,3.875533,43.613203,2024,2024-10-17
145000.0,49.0,2,34000,3.87397,43.600423,2024,2024-09-27
64000.0,33.0,2,34080,3.832006,43.620973,2024,2024-10-01
92000.0,41.0,2,34080,3.832006,43.620973,2024,2024-10-17
110000.0,86.0,4,34070,3.886305,43.593939,2024,2024-10-18
128520.0,36.0,2,34000,3.87716,43.603829,2024,2024-09-26
84000.0,25.0,1,34000,3.869124,43.605132,2024,2024-10-11
97000.0,21.0,1,34090,3.866041,43.625921,2024,2024-10-18
190000.0,48.0,2,34090,3.879837,43.623972,2024,2024-10-10
158970.0,52.0,2,34090,3.838533,43.636989,2024,2024-10-17
289000.0,68.0,3,34000,3.908068,43.608756,2024,2024-10-03
175775.0,47.0,2,34000,3.895381,43.603174,2024,2024-10-11
180000.0,61.0,3,34070,3.873468,43.59007,2024,2024-10-11
195000.0,54.0,2,34000,3.888934,43.607869,2024,2024-10-15
173000.0,42.0,2,34070,3.894114,43.601115,2024,2024-10-17
147000.0,32.0,1,34000,3.895154,43.60583,2024,2024-10-18
107000.0,30.0,1,34090,3.845294,43.628354,2024,2024-10-21
178000.0,84.0,4,34070,3.868984,43.592641,2024,2024-10-21
262800.0,96.0,4,34070,3.887149,43.599432,2024,2024-10-25
127000.0,41.0,2,34000,3.870019,43.602577,2024,2024-10-21
144350.0,38.0,2,34090,3.856986,43.637838,2024,2024-10-21
145000.0,38.0,2,34090,3.844188,43.640541,2024,2024-09-05
185000.0,65.0,3,34070,3.854115,43.600002,2024,2024-10-07
79300.0,29.0,1,34070,3.862576,43.60379,2024,2024-10-17
214000.0,55.0,4,34000,3.87308,43.60968,2024,2024-10-18
80500.0,21.0,1,34000,3.88206,43.602136,2024,2024-10-14
63000.0,19.0,1,34070,3.857794,43.612319,2024,2024-10-14
245000.0,78.0,3,34070,3.854115,43.600002,2024,2024-10-16
116000.0,66.0,3,34080,3.825682,43.614571,2024,2024-10-11
96980.0,29.0,1,34080,3.839912,43.620624,2024,2024-10-10
67000.0,24.0,1,34070,3.834146,43.608785,2024,2024-09-30
112000.0,33.0,1,34080,3.847504,43.62381,2024,2024-10-11
141000.0,60.0,3,34070,3.885539,43.594369,2024,2024-10-15
300750.0,80.0,3,34000,3.877972,43.609448,2024,2024-10-17
95000.0,37.0,2,34080,3.847984,43.622477,2024,2024-10-17
80000.0,47.0,2,34070,3.867021,43.595401,2024,2024-10-09
242000.0,65.0,3,34000,3.903771,43.607477,2024,2024-10-18
160000.0,68.0,4,34070,3.872024,43.596346,2024,2024-10-08
313000.0,59.0,3,34070,3.891368,43.602018,2024,2024-10-08
54500.0,19.0,1,34070,3.876339,43.581538,2024,2024-10-24
90000.0,21.0,1,34090,3.845393,43.640854,2024,2024-10-21
83000.0,64.0,4,34080,3.835538,43.616142,2024,2024-10-15
182400.0,38.0,2,34090,3.870657,43.626403,2024,2024-10-22
110000.0,64.0,3,34080,3.834783,43.610607,2024,2024-10-23
220000.0,52.0,3,34000,3.870559,43.60767,2024,2024-10-25
121000.0,73.0,4,34080,3.834593,43.614124,2024,2024-10-14
161600.0,67.0,3,34070,3.872837,43.591179,2024,2024-09-30
387000.0,104.0,4,34090,3.862213,43.618621,2024,2024-10-24
165400.0,73.0,4,34070,3.853732,43.615661,2024,2024-10-22
66000.0,54.0,2,34090,3.873657,43.624511,2024,2024-09-30
264040.0,78.0,3,34000,3.870164,43.608504,2024,2024-10-07
100000.0,36.0,2,34070,3.83024,43.610274,2024,2024-10-11
138000.0,39.0,2,34070,3.859627,43.591212,2024,2024-10-15
105000.0,24.0,1,34000,3.911367,43.61604,2024,2024-10-17
115000.0,44.0,1,34070,3.853021,43.606727,2024,2024-10-18
150000.0,89.0,5,34080,3.849301,43.621547,2024,2024-10-18
155150.0,77.0,4,34070,3.84738,43.604831,2024,2024-10-23
80000.0,19.0,1,34000,3.887367,43.603241,2024,2024-10-09
281025.0,65.0,3,34000,3.90354,43.59873,2024,2024-10-29
105500.0,43.0,3,34000,3.876236,43.610473,2024,2024-10-22
66900.0,22.0,1,34080,3.824762,43.632548,2024,2024-10-23
135000.0,32.0,1,34000,3.893608,43.603708,2024,2024-10-24
233000.0,81.0,4,34000,3.889488,43.60778,2024,2024-10-16
314985.0,80.0,4,34080,3.83258,43.632836,2024,2024-10-18
163960.0,69.0,3,34070,3.88571,43.584374,2024,2024-10-16
88500.0,36.0,1,34000,3.87577,43.607528,2024,2024-10-14
130000.0,97.0,3,34070,3.88491,43.601433,2024,2024-10-04
265000.0,84.0,4,34070,3.873106,43.597041,2024,2024-10-18
92000.0,21.0,1,34090,3.856229,43.633435,2024,2024-10-14
105000.0,31.0,2,34090,3.84402,43.641391,2024,2024-10-16
300000.0,89.0,4,34080,3.838117,43.624314,2024,2024-09-27
204250.0,42.0,2,34000,3.902597,43.598364,2024,2024-10-21
133000.0,27.0,1,34000,3.883379,43.615763,2024,2024-10-23
210000.0,57.0,3,34090,3.863934,43.623815,2024,2024-10-22
140700.0,47.0,2,34090,3.877457,43.629374,2024,2024-10-24
92000.0,24.0,1,34070,3.854115,43.600002,2024,2024-10-24
93000.0,29.0,1,34070,3.867703,43.598025,2024,2024-10-09
100000.0,30.0,1,34000,3.892269,43.609731,2024,2024-10-23
68000.0,19.0,1,34080,3.847573,43.619412,2024,2024-10-18
177850.0,55.0,2,34000,3.86868,43.603069,2024,2024-10-18
320000.0,76.0,3,34070,3.864997,43.609028,2024,2024-10-04
183000.0,56.0,4,34070,3.847621,43.605817,2024,2024-10-18
157500.0,67.0,3,34000,3.877467,43.603668,2024,2024-09-09
455000.0,122.0,5,34000,3.863251,43.612185,2024,2024-10-23
138000.0,45.0,2,34090,3.843053,43.641923,2024,2024-10-23
435000.0,96.0,4,34000,3.887411,43.605769,2024,2024-10-24
230000.0,54.0,3,34070,3.900466,43.593251,2024,2024-10-03
266000.0,61.0,3,34090,3.864641,43.624832,2024,2024-10-18
131000.0,65.0,4,34070,3.867128,43.596109,2024,2024-10-18
87840.0,32.0,2,34070,3.85269,43.603029,2024,2024-10-03
352000.0,89.0,4,34070,3.859627,43.591212,2024,2024-10-28
108000.0,45.0,2,34090,3.865128,43.61914,2024,2024-10-25
135000.0,41.0,2,34090,3.872686,43.636985,2024,2024-10-16
73500.0,31.0,2,34000,3.878187,43.613259,2024,2024-10-09
408400.0,90.0,3,34000,3.908059,43.607515,2024,2024-10-21
250000.0,71.0,2,34070,3.842863,43.604698,2024,2024-10-16
249000.0,81.0,3,34000,3.876743,43.603988,2024,2024-10-23
214250.0,49.0,2,34000,3.899683,43.601184,2024,2024-10-24
130000.0,46.0,2,34090,3.87282,43.634744,2024,2024-10-29
265300.0,82.0,4,34090,3.873657,43.624511,2024,2024-10-22
142115.0,42.0,2,34070,3.879735,43.595049,2024,2024-11-04
166220.3,89.0,5,34080,3.849301,43.621547,2024,2024-10-18
60000.0,21.0,1,34080,3.847576,43.620535,2024,2024-10-11
74500.0,18.0,1,34000,3.867305,43.60917,2024,2024-10-18
160000.0,49.0,2,34090,3.860916,43.638413,2024,2024-10-24
155836.0,48.0,2,34000,3.903514,43.595219,2024,2024-10-16
175000.0,65.0,3,34070,3.84453,43.594567,2024,2024-09-30
169000.0,60.0,3,34080,3.82126,43.62307,2024,2024-10-17
318450.0,103.0,4,34070,3.847952,43.59103,2024,2024-10-21
59500.0,24.0,1,34090,3.844744,43.633909,2024,2024-10-29
91375.0,20.0,1,34000,3.881962,43.606934,2024,2024-10-09
152502.0,45.0,3,34070,3.884799,43.604968,2024,2024-10-07
204700.0,74.0,4,34090,3.882467,43.626656,2024,2024-10-08
242000.0,66.0,4,34090,3.879235,43.61939,2024,2024-10-25
200000.0,104.0,5,34000,3.856878,43.616315,2024,2024-10-28
377500.0,96.0,5,34090,3.876873,43.628554,2024,2024-10-28
95000.0,24.0,1,34000,3.880018,43.616298,2024,2024-10-22
79000.0,27.0,1,34070,3.854115,43.600002,2024,2024-11-04
102200.0,24.0,1,34090,3.84562,43.627769,2024,2024-10-28
59800.0,24.0,1,34080,3.824287,43.61458,2024,2024-10-10
85970.23,19.0,1,34000,3.878575,43.602153,2024,2024-10-16
232920.0,90.0,5,34090,3.865065,43.625555,2024,2024-11-04
181500.0,46.0,2,34070,3.859336,43.581471,2024,2024-10-30
103000.0,24.0,1,34090,3.873993,43.633106,2024,2024-10-17
157180.0,43.0,2,34080,3.841279,43.620456,2024,2024-10-22
242000.0,69.0,4,34000,3.868129,43.603267,2024,2024-10-25
300000.0,71.0,3,34000,3.889302,43.60666,2024,2024-10-14
340384.0,87.0,4,34070,3.893135,43.602552,2024,2024-10-31
257800.0,67.0,4,34000,3.889579,43.618227,2024,2024-10-21
220000.0,59.0,2,34000,3.888223,43.624367,2024,2024-10-10
81000.0,25.0,1,34070,3.868166,43.608087,2024,2024-10-23
183000.0,73.0,4,34070,3.853732,43.615661,2024,2024-10-28
78900.0,21.0,1,34070,3.858111,43.586718,2024,2024-10-16
124000.0,43.0,2,34070,3.878927,43.593629,2024,2024-10-31
145000.0,64.0,3,34070,3.865073,43.59448,2024,2024-10-28
110000.0,29.0,1,34070,3.891022,43.590893,2024,2024-10-29
104900.0,19.0,0,34000,3.875286,43.608055,2024,2024-10-29
263250.0,59.0,3,34090,3.880986,43.6261,2024,2024-10-31
190330.0,72.0,4,34000,3.901191,43.606034,2024,2024-10-15
196905.0,66.0,4,34070,3.882335,43.595027,2024,2024-10-21
142000.0,67.0,4,34000,3.894306,43.623446,2024,2024-10-29
54500.0,21.0,1,34070,3.866894,43.592834,2024,2024-10-15
239000.0,110.0,6,34070,3.892873,43.603053,2024,2024-10-14
105000.0,24.0,1,34000,3.878938,43.601675,2024,2024-10-28
198350.0,83.0,5,34000,3.882402,43.608491,2024,2024-10-17
104000.0,75.0,3,34080,3.833891,43.617122,2024,2024-10-17
85500.0,25.0,1,34090,3.833475,43.639115,2024,2024-10-30
154260.0,42.0,2,34070,3.893135,43.602552,2024,2024-11-04
157000.0,100.0,6,34080,3.841541,43.621563,2024,2024-10-14
200000.0,62.0,3,34090,3.856655,43.639738,2024,2024-10-28
289300.0,68.0,3,34000,3.897996,43.603349,2024,2024-10-28
626000.0,96.0,4,34000,3.899332,43.598239,2024,2024-10-28
190000.0,65.0,3,34000,3.867309,43.604202,2024,2024-10-24
105000.0,39.0,2,34070,3.866104,43.588658,2024,2024-10-30
120970.0,44.0,1,34070,3.853021,43.606727,2024,2024-10-25
195050.0,68.0,4,34070,3.887613,43.600466,2024,2024-10-25
200000.0,67.0,3,34070,3.853903,43.590045,2024,2024-10-25
205000.0,45.0,2,34000,3.902597,43.598364,2024,2024-10-10
100000.0,50.0,2,34090,3.852553,43.621567,2024,2024-10-23
430000.0,80.0,3,34090,3.875368,43.631317,2024,2024-10-30
100000.0,32.0,1,34000,3.878938,43.601675,2024,2024-11-07
290000.0,71.0,3,34000,3.907961,43.607285,2024,2024-10-11
135000.0,63.0,3,34080,3.834593,43.614124,2024,2024-10-30
170000.0,96.0,4,34080,3.824806,43.615382,2024,2024-10-24
188810.0,44.0,3,34000,3.885655,43.60594,2024,2024-10-29
120000.0,47.0,2,34080,3.827187,43.616086,2024,2024-10-30
320000.0,86.0,4,34090,3.873657,43.624511,2024,2024-10-29
216558.77,48.0,2,34070,3.847265,43.598705,2024,2024-11-04
155600.0,42.0,2,34070,3.854115,43.600002,2024,2024-10-15
76500.0,28.0,1,34070,3.856007,43.590733,2024,2024-11-06
251560.0,65.0,3,34070,3.861742,43.586065,2024,2024-10-28
250000.0,58.0,3,34000,3.863715,43.615767,2024,2024-11-06
133000.0,44.0,2,34090,3.845828,43.631403,2024,2024-11-04
110500.0,23.0,1,34070,3.884829,43.604708,2024,2024-11-07
186850.0,50.0,2,34000,3.904746,43.607399,2024,2024-11-04
250000.0,66.0,3,34090,3.872548,43.63081,2024,2024-10-30
78050.0,21.0,1,34070,3.865734,43.607133,2024,2024-10-29
130000.0,25.0,1,34000,3.893047,43.605178,2024,2024-10-29
220000.0,43.0,2,34000,3.901062,43.600606,2024,2024-10-28
183000.0,42.0,2,34000,3.876678,43.609268,2024,2024-11-07
151000.0,48.0,3,34000,3.869365,43.615667,2024,2024-11-05
120000.0,45.0,2,34090,3.85576,43.639334,2024,2024-11-12
465800.0,88.0,4,34000,3.90354,43.59873,2024,2024-11-05
80500.0,33.0,2,34080,3.824762,43.632548,2024,2024-10-31
105000.0,35.0,1,34000,3.873351,43.610359,2024,2024-10-28
259400.0,50.0,2,34000,3.901851,43.596465,2024,2024-10-16
95000.0,45.0,2,34070,3.854115,43.600002,2024,2024-10-30
220000.0,56.0,3,34090,3.866209,43.621356,2024,2024-11-04
172000.0,57.0,3,34070,3.879735,43.595049,2024,2024-10-21
152325.0,40.0,2,34070,3.863742,43.59048,2024,2024-10-23
390000.0,130.0,5,34070,3.866795,43.608886,2024,2024-10-31
510000.0,80.0,3,34000,3.89807,43.600095,2024,2024-10-31
67500.0,22.0,1,34080,3.824762,43.632548,2024,2024-10-30
150000.0,50.0,4,34070,3.885861,43.59783,2024,2024-10-22
146700.0,33.0,2,34090,3.8821,43.623625,2024,2024-11-05
125500.0,40.0,2,34070,3.877684,43.579713,2024,2024-10-28
180940.0,68.0,3,34070,3.873371,43.588959,2024,2024-10-25
108000.0,39.0,2,34070,3.856644,43.59141,2024,2024-10-24
99000.0,26.0,1,34090,3.876765,43.625611,2024,2024-11-07
166000.0,40.0,3,34000,3.873351,43.610359,2024,2024-10-22
415600.0,116.0,2,34070,3.85876,43.581164,2024,2024-10-17
266570.0,64.0,3,34090,3.890415,43.626626,2024,2024-10-29
162550.0,41.0,1,34000,3.890074,43.613255,2024,2024-11-05
220641.0,48.0,2,34070,3.847265,43.598705,2024,2024-11-08
150000.0,44.0,2,34000,3.894157,43.621416,2024,2024-10-23
152000.0,80.0,4,34080,3.837422,43.613032,2024,2024-10-16
105000.0,24.0,1,34090,3.848972,43.638516,2024,2024-10-16
155000.0,41.0,2,34090,3.851498,43.625245,2024,2024-11-06
170000.0,70.0,4,34000,3.869145,43.604668,2024,2024-10-16
270000.0,62.0,3,34070,3.887015,43.604859,2024,2024-11-04
69810.0,21.0,1,34090,3.889849,43.632383,2024,2024-10-28
96250.0,19.0,1,34000,3.878575,43.602153,2024,2024-11-08
175000.0,40.0,2,34000,3.86706,43.617116,2024,2024-11-07
400000.0,125.0,7,34090,3.879837,43.623972,2024,2024-11-07
71000.0,18.0,1,34070,3.857794,43.612319,2024,2024-11-04
320140.0,58.0,3,34000,3.902211,43.596053,2024,2024-11-08
190200.0,38.0,2,34070,3.884972,43.602009,2024,2024-11-07
97800.0,54.0,2,34080,3.83588,43.621424,2024,2024-11-13
136000.0,79.0,4,34080,3.818537,43.641426,2024,2024-11-08
112000.0,28.0,1,34070,3.879735,43.595049,2024,2024-11-14
243600.0,61.0,3,34070,3.858526,43.58374,2024,2024-10-29
146880.0,63.0,3,34070,3.836052,43.608116,2024,2024-10-18
82000.0,18.0,1,34090,3.856655,43.631871,2024,2024-11-13
78400.0,60.0,3,34000,3.87041,43.608228,2024,2024-11-06
135000.0,55.0,2,34090,3.84402,43.641391,2024,2024-10-29
167950.0,59.0,4,34090,3.859919,43.627462,2024,2024-10-28
66900.0,22.0,1,34080,3.824762,43.632548,2024,2024-11-08
152150.0,58.0,3,34000,3.871668,43.606245,2024,2024-10-21
207000.0,62.0,3,34070,3.851842,43.591823,2024,2024-10-31
56000.0,40.0,2,34070,3.851083,43.609851,2024,2024-11-05
146000.0,38.0,2,34000,3.875704,43.607577,2024,2024-10-25
595000.0,160.0,5,34000,3.878457,43.608182,2024,2024-10-31
285000.0,92.0,3,34000,3.882368,43.609506,2024,2024-11-05
160000.0,77.0,4,34090,3.865065,43.625555,2024,2024-10-28
220000.0,86.0,4,34070,3.864628,43.594644,2024,2024-11-08
99000.0,29.0,1,34070,3.862383,43.588723,2024,2024-11-07
178000.0,47.0,2,34000,3.874909,43.610694,2024,2024-11-04
56000.0,17.0,1,34090,3.873657,43.624511,2024,2024-10-29
145500.0,91.0,5,34080,3.841541,43.621563,2024,2024-11-13
195000.0,44.0,2,34000,3.902173,43.606644,2024,2024-11-14
243012.0,98.0,5,34070,3.855474,43.594061,2024,2024-10-28
233500.0,65.0,3,34000,3.891485,43.60737,2024,2024-11-12
225000.0,65.0,3,34000,3.878087,43.601472,2024,2024-10-23
210000.0,45.0,2,34000,3.905712,43.604967,2024,2024-11-07
343800.0,100.0,4,34000,3.880672,43.61457,2024,2024-10-25
54000.0,45.0,2,34000,3.878434,43.600171,2024,2024-11-13
205000.0,69.0,3,34000,3.847977,43.61657,2024,2024-11-15
231180.0,78.0,3,34000,3.874063,43.600755,2024,2024-11-13
120000.0,68.0,4,34070,3.883533,43.592737,2024,2024-10-24
271000.0,111.0,5,34090,3.871303,43.626414,2024,2024-10-30
269700.0,89.0,4,34000,3.913981,43.616018,2024,2024-11-13
338800.0,96.0,3,34090,3.863472,43.618163,2024,2024-11-08
82500.0,24.0,1,34090,3.846269,43.628377,2024,2024-10-30
353608.2,111.0,4,34000,3.870932,43.600901,2024,2024-11-06
169799.84,49.0,2,34000,3.870932,43.600901,2024,2024-11-06
424975.0,130.0,5,34000,3.861365,43.618474,2024,2024-11-12
237500.0,58.0,3,34000,3.904518,43.609703,2024,2024-11-13
70000.0,17.0,1,34000,3.869755,43.60869,2024,2024-11-15
183225.0,40.0,2,34000,3.905033,43.599173,2024,2024-11-15
144300.0,58.0,3,34070,3.854287,43.601316,2024,2024-10-25
101000.0,22.0,2,34000,3.875516,43.612903,2024,2024-11-14
130000.0,30.0,2,34090,3.890575,43.627295,2024,2024-11-13
151300.0,40.0,2,34000,3.906659,43.608548,2024,2024-11-12
92000.0,23.0,1,34000,3.880502,43.602049,2024,2024-11-06
175000.0,55.0,3,34000,3.888395,43.614724,2024,2024-11-14
106450.0,76.0,4,34080,3.841541,43.621563,2024,2024-11-19
232500.0,63.0,3,34070,3.85876,43.581164,2024,2024-10-31
253840.0,60.0,3,34070,3.88609,43.60543,2024,2024-11-08
85238.0,72.0,3,34080,3.814533,43.62401,2024,2024-11-07
211687.0,72.0,3,34080,3.833728,43.63262,2024,2024-10-23
752950.0,140.0,4,34000,3.901148,43.598539,2024,2024-10-31
71000.0,20.0,1,34070,3.857794,43.612319,2024,2024-11-08
209000.0,55.0,3,34000,3.876859,43.609663,2024,2024-11-04
145000.0,63.0,4,34070,3.846371,43.606804,2024,2024-11-13
90000.0,31.0,1,34080,3.843208,43.616384,2024,2024-11-13
140000.0,35.0,2,34000,3.877586,43.612912,2024,2024-11-14
82820.0,19.0,1,34000,3.898506,43.601685,2024,2024-11-13
324000.0,90.0,3,34090,3.870808,43.619186,2024,2024-10-29
198100.0,40.0,2,34000,3.895154,43.60583,2024,2024-11-13
122000.0,40.0,3,34070,3.888143,43.604562,2024,2024-11-13
470000.0,119.0,5,34000,3.881092,43.606194,2024,2024-10-29
90000.0,69.0,4,34080,3.842248,43.614891,2024,2024-10-28
95000.0,30.0,1,34000,3.8707,43.604519,2024,2024-11-13
91450.0,23.0,1,34090,3.86267,43.626345,2024,2024-11-12
136000.0,85.0,4,34080,3.845189,43.621504,2024,2024-11-05
165026.0,69.0,3,34070,3.874216,43.595399,2024,2024-10-24
184000.0,47.0,2,34070,3.849169,43.590632,2024,2024-11-14
155969.0,51.0,3,34090,3.859919,43.627462,2024,2024-10-30
268000.0,75.0,3,34000,3.895167,43.616383,2024,2024-10-29
208800.0,58.0,3,34000,3.889476,43.612657,2024,2024-10-28
40250.0,22.0,1,34080,3.837587,43.624674,2024,2024-11-13
206880.0,55.0,2,34070,3.883228,43.604324,2024,2024-11-21
90000.0,35.0,2,34070,3.867484,43.60767,2024,2024-11-18
128000.0,47.0,2,34090,3.852553,43.621567,2024,2024-10-09
134350.0,34.0,2,34000,3.86784,43.616502,2024,2024-11-15
321000.0,84.0,3,34000,3.89807,43.600095,2024,2024-11-15
160000.0,30.0,1,34000,3.8758,43.609554,2024,2024-11-08
264691.0,60.0,3,34000,3.908881,43.610502,2024,2024-11-20
106000.0,36.0,1,34080,3.841683,43.617622,2024,2024-11-13
540000.0,122.0,5,34000,3.863083,43.61359,2024,2024-11-14
99000.0,38.0,2,34000,3.878136,43.613506,2024,2024-11-14
156000.0,60.0,3,34070,3.853028,43.587231,2024,2024-11-14
158000.0,46.0,2,34070,3.86751,43.591005,2024,2024-11-18
304900.0,74.0,3,34070,3.855507,43.603406,2024,2024-11-07
123963.0,63.0,4,34070,3.846371,43.606804,2024,2024-10-31
194450.0,38.0,2,34070,3.847265,43.598705,2024,2024-11-19
163000.0,59.0,3,34000,3.881918,43.607734,2024,2024-11-12
290000.0,51.0,2,34000,3.887901,43.627569,2024,2024-10-31
105000.0,33.0,1,34070,3.843817,43.592403,2024,2024-11-14
167300.0,46.0,2,34000,3.906659,43.608548,2024,2024-11-08
74600.0,22.0,1,34000,3.882486,43.61865,2024,2024-11-14
134000.0,44.0,2,34000,3.869393,43.606509,2024,2024-11-18
144900.0,38.0,2,34000,3.873879,43.605819,2024,2024-11-14
140000.0,53.0,3,34000,3.869143,43.60397,2024,2024-11-20
435000.0,72.0,3,34000,3.869048,43.615726,2024,2024-11-18
150445.0,40.0,2,34090,3.878987,43.622238,2024,2024-11-18
134000.0,75.0,1,34070,3.836052,43.608116,2024,2024-10-30
202400.0,63.0,3,34070,3.851842,43.591823,2024,2024-10-24
196700.0,47.0,2,34090,3.864042,43.620763,2024,2024-11-18
118000.0,35.0,2,34000,3.898207,43.617475,2024,2024-11-20
63800.0,22.0,1,34080,3.824762,43.632548,2024,2024-10-22
239828.0,80.0,4,34070,3.860833,43.600892,2024,2024-11-12
63800.0,22.0,1,34080,3.824762,43.632548,2024,2024-10-15
150000.0,48.0,2,34070,3.848856,43.591092,2024,2024-11-08
90000.0,21.0,1,34090,3.860535,43.624574,2024,2024-10-25
112000.0,31.0,1,34070,3.867231,43.608306,2024,2024-11-08
115000.0,48.0,2,34070,3.865073,43.59448,2024,2024-11-05
205385.0,78.0,3,34000,3.871854,43.602354,2024,2024-11-14
115000.0,67.0,4,34070,3.885124,43.593451,2024,2024-11-15
318000.0,81.0,3,34000,3.88882,43.621477,2024,2024-11-26
110000.0,45.0,2,34080,3.841683,43.617622,2024,2024-11-26
144000.0,51.0,2,34090,3.873657,43.624511,2024,2024-11-08
66000.0,22.0,1,34080,3.824762,43.632548,2024,2024-11-22
87000.0,16.0,1,34000,3.873238,43.609398,2024,2024-11-13
57590.0,19.0,1,34090,3.864641,43.624832,2024,2024-11-20
287000.0,68.0,3,34000,3.906072,43.599602,2024,2024-11-26
157400.0,30.0,1,34000,3.875219,43.613152,2024,2024-11-15
77250.0,20.0,1,34090,3.868567,43.634816,2024,2024-11-15
102000.0,38.0,2,34000,3.870717,43.603298,2024,2024-11-18
147000.0,72.0,3,34080,3.834232,43.61513,2024,2024-11-19
137200.0,35.0,2,34090,3.849118,43.636798,2024,2024-11-21
186640.0,42.0,1,34000,3.879949,43.613915,2024,2024-11-26
144000.0,45.0,2,34000,3.858643,43.618409,2024,2024-11-04
32500.0,25.0,1,34080,3.846555,43.619867,2024,2024-11-12
123500.0,40.0,2,34090,3.844744,43.633909,2024,2024-11-14
235000.0,68.0,3,34090,3.873724,43.632474,2024,2024-11-15
81000.0,27.0,1,34090,3.852553,43.621567,2024,2024-11-19
105000.0,70.0,4,34080,3.83335,43.614084,2024,2024-11-07
162780.0,61.0,3,34070,3.88735,43.60097,2024,2024-11-04
114000.0,52.0,3,34080,3.825337,43.613277,2024,2024-11-14
94000.0,23.0,1,34090,3.86267,43.626345,2024,2024-10-29
173000.0,41.0,2,34070,3.884972,43.602009,2024,2024-11-27
157000.0,44.0,2,34000,3.870283,43.601384,2024,2024-11-14
160000.0,31.0,2,34000,3.874091,43.603064,2024,2024-11-27
112000.0,25.0,1,34000,3.904154,43.601647,2024,2024-11-13
165000.0,62.0,2,34090,3.871303,43.626414,2024,2024-11-26
152175.0,76.0,3,34070,3.856779,43.606864,2024,2024-11-12
405000.0,92.0,5,34000,3.895746,43.616771,2024,2024-11-20
255950.0,50.0,2,34000,3.90354,43.59873,2024,2024-11-14
82000.0,25.0,1,34090,3.846267,43.632539,2024,2024-11-15
150000.0,76.0,4,34070,3.853647,43.602076,2024,2024-11-19
226630.0,62.0,3,34070,3.882176,43.592181,2024,2024-11-19
134062.0,30.0,2,34000,3.90586,43.613163,2024,2024-11-13
205000.0,50.0,2,34000,3.895747,43.610904,2024,2024-11-21
109000.0,84.0,3,34070,3.839643,43.614007,2024,2024-11-27
174625.0,76.0,4,34070,3.857382,43.593153,2024,2024-11-18
295000.0,82.0,3,34000,3.890749,43.606067,2024,2024-11-26
162820.0,35.0,2,34000,3.892476,43.604929,2024,2024-11-19
174900.0,68.0,3,34070,3.889884,43.595585,2024,2024-11-19
67000.0,23.0,1,34090,3.852553,43.621567,2024,2024-11-07
117000.0,49.0,2,34000,3.868108,43.6029,2024,2024-11-28
369200.0,95.0,5,34000,3.89232,43.616575,2024,2024-11-14
230000.0,97.0,5,34070,3.864705,43.599105,2024,2024-11-18
125000.0,51.0,2,34090,3.872486,43.62869,2024,2024-11-21
97180.0,37.0,1,34070,3.865997,43.609549,2024,2024-11-26
221500.0,71.0,3,34070,3.842157,43.591425,2024,2024-11-18
160000.0,46.0,2,34070,3.845447,43.604444,2024,2024-11-18
96100.0,28.0,2,34070,3.864473,43.605841,2024,2024-11-21
120000.0,75.0,4,34070,3.854287,43.601316,2024,2024-11-22
115431.0,25.0,1,34000,3.891596,43.608404,2024,2024-11-25
235000.0,55.0,2,34000,3.8827,43.608879,2024,2024-11-13
40000.0,30.0,1,34070,3.830239,43.610672,2024,2024-11-07
132500.0,37.0,2,34000,3.876561,43.607494,2024,2024-11-20
245500.0,59.0,3,34000,3.902126,43.597026,2024,2024-11-29
98000.0,37.0,2,34080,3.847984,43.622477,2024,2024-11-18
152000.0,65.0,3,34070,3.864628,43.594644,2024,2024-11-20
200000.0,67.0,4,34000,3.889579,43.618227,2024,2024-11-14
100000.0,42.0,2,34070,3.867021,43.595401,2024,2024-11-18
85180.0,18.0,1,34000,3.867912,43.609441,2024,2024-12-02
280237.0,90.0,4,34070,3.854993,43.593074,2024,2024-11-21
87000.0,23.0,1,34000,3.897642,43.608478,2024,2024-11-21
116000.0,35.0,1,34000,3.877144,43.612574,2024,2024-11-14
200000.0,46.0,2,34090,3.886274,43.622247,2024,2024-11-27
85000.0,20.0,1,34000,3.878199,43.611111,2024,2024-11-18
73805.0,26.0,1,34080,3.83588,43.621424,2024,2024-11-05
133000.0,76.0,4,34080,3.843839,43.619515,2024,2024-11-26
165000.0,58.0,4,34070,3.84738,43.604831,2024,2024-11-25
110000.0,49.0,1,34000,3.874868,43.615077,2024,2024-11-08
159900.0,35.0,2,34000,3.892476,43.604929,2024,2024-11-27
230000.0,76.0,3,34080,3.838408,43.61972,2024,2024-11-29
318601.8,92.0,4,34000,3.870932,43.600901,2024,2024-11-25
205000.0,48.0,2,34000,3.896269,43.605244,2024,2024-11-29
304300.0,83.0,4,34090,3.869184,43.626617,2024,2024-11-21
62000.0,27.0,1,34080,3.832006,43.620973,2024,2024-11-08
190000.0,60.0,3,34080,3.841279,43.620456,2024,2024-11-13
85000.0,22.0,1,34080,3.837587,43.624674,2024,2024-11-07
201771.44,77.0,3,34000,3.906459,43.603933,2024,2024-11-19
126210.0,64.0,3,34000,3.87306,43.60078,2024,2024-12-02
490000.0,109.0,4,34000,3.881156,43.601445,2024,2024-11-28
109000.0,63.0,3,34080,3.849301,43.621547,2024,2024-11-27
120930.0,65.0,3,34070,3.874216,43.595399,2024,2024-11-25
203950.0,50.0,2,34090,3.872737,43.631903,2024,2024-11-14
295000.0,73.0,3,34000,3.890753,43.614562,2024,2024-11-28
80000.0,35.0,1,34070,3.874633,43.591677,2024,2024-11-28
157451.0,42.0,2,34000,3.878006,43.611039,2024,2024-11-27
278000.0,89.0,5,34000,3.879871,43.602756,2024,2024-12-03
158500.0,48.0,2,34080,3.822001,43.624263,2024,2024-11-26
115000.0,58.0,3,34070,3.866894,43.592834,2024,2024-11-28
220000.0,58.0,2,34000,3.895624,43.606577,2024,2024-12-02
130000.0,39.0,2,34070,3.858466,43.59018,2024,2024-11-20
154000.0,75.0,3,34070,3.854993,43.593074,2024,2024-11-25
211800.0,91.0,4,34070,3.857018,43.602454,2024,2024-11-27
183200.0,57.0,3,34090,3.863934,43.623815,2024,2024-11-27
320600.0,110.0,5,34070,3.854115,43.600002,2024,2024-11-05
108000.0,42.0,1,34070,3.827045,43.611254,2024,2024-11-29
74000.0,21.0,1,34090,3.863024,43.640576,2024,2024-11-27
97500.0,68.0,4,34070,3.854727,43.60843,2024,2024-11-28
257863.0,98.0,4,34000,3.890634,43.604065,2024,2024-11-27
179050.0,74.0,4,34080,3.822144,43.623868,2024,2024-11-19
290000.0,60.0,3,34000,3.880869,43.601676,2024,2024-12-04
105600.0,25.0,1,34090,3.833475,43.639115,2024,2024-11-21
148600.0,79.0,4,34070,3.878181,43.59509,2024,2024-11-18
114420.0,25.0,2,34000,3.890502,43.602891,2024,2024-11-29
195210.0,92.0,4,34070,3.854993,43.593074,2024,2024-11-14
324250.0,96.0,4,34000,3.886274,43.622247,2024,2024-10-25
220000.0,119.0,3,34090,3.850333,43.624935,2024,2024-11-26
107630.0,47.0,2,34070,3.837082,43.598685,2024,2024-11-28
65000.0,22.0,1,34090,3.854352,43.622296,2024,2024-11-29
175000.0,51.0,3,34090,3.859919,43.627462,2024,2024-12-04
65400.0,22.0,1,34080,3.824762,43.632548,2024,2024-12-04
305000.0,72.0,3,34000,3.877103,43.608427,2024,2024-11-29
53800.0,20.0,1,34090,3.852657,43.623307,2024,2024-11-28
155880.0,64.0,3,34080,3.846396,43.620739,2024,2024-12-06
294000.0,70.0,3,34000,3.902572,43.596568,2024,2024-11-21
260850.0,82.0,4,34000,3.9008,43.617566,2024,2024-11-26
156000.0,73.0,4,34070,3.868794,43.594206,2024,2024-11-26
120000.0,41.0,2,34090,3.856342,43.622075,2024,2024-11-25
258150.0,92.0,4,34070,3.873468,43.59007,2024,2024-11-19
131000.0,50.0,2,34090,3.872285,43.638446,2024,2024-11-18
242150.0,69.0,3,34080,3.8359,43.632537,2024,2024-11-25
150000.0,40.0,2,34070,3.842621,43.591855,2024,2024-12-02
113000.0,71.0,4,34080,3.834109,43.611988,2024,2024-12-02
50000.0,23.0,1,34070,3.873468,43.59007,2024,2024-11-15
188000.0,79.0,4,34070,3.864628,43.594644,2024,2024-11-12
153000.0,38.0,2,34090,3.844188,43.640541,2024,2024-11-19
142000.0,43.0,2,34090,3.871224,43.627565,2024,2024-12-02
240500.0,59.0,3,34000,3.893047,43.605178,2024,2024-12-02
90000.0,20.0,1,34090,3.867812,43.636925,2024,2024-12-04
90000.0,63.0,3,34080,3.845446,43.620349,2024,2024-11-26
70500.0,18.0,1,34070,3.857794,43.612319,2024,2024-11-27
100280.0,40.0,2,34000,3.874691,43.611288,2024,2024-11-29
85000.0,26.0,1,34090,3.844825,43.632247,2024,2024-12-04
105000.0,70.0,4,34070,3.875006,43.594018,2024,2024-12-04
196000.0,98.0,4,34000,3.876004,43.604893,2024,2024-11-26
206500.0,86.0,4,34000,3.890634,43.604065,2024,2024-11-26
176500.0,71.0,3,34070,3.864628,43.594644,2024,2024-11-29
157000.0,45.0,3,34000,3.882733,43.602668,2024,2024-12-04
192500.0,41.0,2,34070,3.897883,43.596443,2024,2024-12-09
95000.0,81.0,5,34080,3.846196,43.621582,2024,2024-11-28
361550.0,93.0,4,34000,3.886231,43.603792,2024,2024-12-05
169000.0,71.0,3,34070,3.88571,43.584374,2024,2024-12-02
228000.0,69.0,3,34000,3.873609,43.603897,2024,2024-12-04
94360.0,17.0,1,34000,3.876552,43.603568,2024,2024-12-04
134750.0,46.0,2,34080,3.829551,43.61284,2024,2024-11-28
224050.0,75.0,4,34070,3.852017,43.58965,2024,2024-11-27
304000.0,65.0,3,34000,3.902054,43.611538,2024,2024-12-03
163750.0,28.0,2,34000,3.897996,43.603349,2024,2024-12-12
146500.0,44.0,2,34000,3.88106,43.606896,2024,2024-12-09
700000.0,162.0,4,34000,3.8827,43.608879,2024,2024-12-06
335000.0,65.0,3,34090,3.841912,43.639691,2024,2024-12-04
162000.0,42.0,2,34090,3.859971,43.641182,2024,2024-12-02
146500.0,41.0,2,34090,3.86102,43.624829,2024,2024-12-05
195030.0,62.0,3,34070,3.894636,43.599749,2024,2024-12-05
77500.0,19.0,1,34090,3.864641,43.624832,2024,2024-12-05
77500.0,17.0,1,34090,3.852553,43.621567,2024,2024-12-06
125500.0,77.0,3,34090,3.875985,43.616605,2024,2024-12-10
101990.0,20.0,1,34090,3.842309,43.642114,2024,2024-11-27
129440.0,30.0,1,34090,3.874979,43.628781,2024,2024-12-06
139000.0,35.0,2,34000,3.886859,43.603799,2024,2024-12-12
240000.0,88.0,4,34070,3.864628,43.594644,2024,2024-12-13
106000.0,67.0,4,34080,3.819496,43.623861,2024,2024-11-29
132000.0,36.0,2,34000,3.861917,43.611329,2024,2024-12-03
79000.0,17.0,2,34000,3.872524,43.605585,2024,2024-12-06
222000.0,84.0,5,34070,3.886823,43.602202,2024,2024-12-06
66000.0,21.0,1,34080,3.824762,43.632548,2024,2024-12-12
100000.0,40.0,2,34070,3.839541,43.607688,2024,2024-11-22
180000.0,79.0,4,34070,3.859937,43.604521,2024,2024-11-26
203241.67,41.0,2,34070,3.847265,43.598705,2024,2024-12-11
54460.0,12.0,1,34090,3.86423,43.622905,2024,2024-12-11
95000.0,29.0,1,34000,3.873588,43.612192,2024,2024-11-27
148680.0,45.0,2,34070,3.852732,43.587933,2024,2024-12-13
117000.0,43.0,2,34080,3.841683,43.617622,2024,2024-12-05
239000.0,64.0,3,34070,3.86226,43.583993,2024,2024-12-09
162730.0,73.0,4,34070,3.88248,43.593792,2024,2024-11-21
125000.0,39.0,2,34080,3.830573,43.633376,2024,2024-12-10
125000.0,97.0,5,34080,3.843839,43.619515,2024,2024-11-28
138000.0,70.0,4,34080,3.83335,43.614084,2024,2024-12-17
184600.0,50.0,3,34070,3.883404,43.595001,2024,2024-12-09
225000.0,61.0,3,34090,3.842796,43.634633,2024,2024-11-29
130000.0,52.0,2,34080,3.822144,43.623868,2024,2024-12-13
99000.0,20.0,1,34000,3.897996,43.603349,2024,2024-12-05
198000.0,50.0,3,34080,3.830573,43.633376,2024,2024-12-04
83000.0,24.0,2,34090,3.864091,43.624081,2024,2024-12-05
110000.0,23.0,1,34000,3.874237,43.608304,2024,2024-12-05
146250.0,61.0,3,34070,3.8555,43.605346,2024,2024-12-11
233220.0,63.0,3,34000,3.893509,43.606468,2024,2024-12-02
98000.0,22.0,2,34090,3.844188,43.640541,2024,2024-12-04
141400.0,25.0,1,34000,3.868273,43.607618,2024,2024-12-10
87000.0,39.0,2,34080,3.841108,43.619029,2024,2024-12-12
127000.0,36.0,1,34000,3.878938,43.601675,2024,2024-12-05
99635.0,25.0,1,34000,3.880982,43.601817,2024,2024-11-27
124000.0,34.0,2,34070,3.84659,43.598277,2024,2024-11-29
180820.0,46.0,1,34000,3.882294,43.608517,2024,2024-12-11
84000.0,23.0,1,34090,3.855022,43.638603,2024,2024-12-03
213350.0,66.0,3,34070,3.832741,43.606718,2024,2024-11-18
84660.0,30.0,2,34000,3.878555,43.613065,2024,2024-11-26
210000.0,62.0,3,34000,3.911367,43.61604,2024,2024-12-10
125000.0,43.0,3,34000,3.87996,43.601489,2024,2024-11-21
86000.0,18.0,1,34090,3.859886,43.638692,2024,2024-11-27
213700.0,64.0,3,34070,3.83734,43.596008,2024,2024-11-18
118000.0,36.0,2,34070,3.858487,43.59273,2024,2024-12-04
234000.0,78.0,3,34070,3.854115,43.600002,2024,2024-12-03
87000.0,30.0,2,34090,3.853251,43.622942,2024,2024-12-06
100000.0,47.0,1,34070,3.867499,43.598342,2024,2024-12-06
180000.0,75.0,3,34080,3.840425,43.62456,2024,2024-12-06
200000.0,59.0,3,34000,3.899475,43.61403,2024,2024-11-29
132000.0,66.0,4,34070,3.846288,43.612321,2024,2024-11-05
220000.0,82.0,5,34070,3.892207,43.595045,2024,2024-11-29
179000.0,57.0,3,34000,3.888642,43.617776,2024,2024-12-09
149000.0,29.0,1,34000,3.866773,43.606795,2024,2024-11-21
508787.0,145.0,5,34000,3.876421,43.605453,2024,2024-11-25
134750.0,24.0,1,34090,3.874796,43.617041,2024,2024-11-19
277000.0,71.0,3,34000,3.898207,43.617475,2024,2024-12-18
157000.0,49.0,2,34000,3.906581,43.613534,2024,2024-11-29
90000.0,23.0,1,34070,3.891022,43.590893,2024,2024-12-12
72001.0,55.0,2,34070,3.853021,43.606727,2024,2024-12-11
143675.0,40.0,1,34000,3.870573,43.608182,2024,2024-11-27
198000.0,47.0,2,34090,3.840823,43.640279,2024,2024-11-28
169760.0,61.0,3,34070,3.880849,43.59271,2024,2024-12-12
113000.0,76.0,4,34080,3.844803,43.618936,2024,2024-10-19
142000.0,41.0,2,34080,3.822327,43.624975,2024,2024-12-17
232700.0,57.0,3,34000,3.898207,43.617475,2024,2024-12-03
200200.0,57.0,2,34000,3.878099,43.610217,2024,2024-11-28
155000.0,67.0,4,34000,3.860218,43.614319,2024,2024-12-09
112570.0,33.0,1,34000,3.870537,43.604642,2024,2024-12-12
76683.0,58.0,3,34080,3.846196,43.621582,2024,2024-11-28
80000.0,63.0,3,34080,3.843839,43.619515,2024,2024-11-28
30800.0,12.0,1,34070,3.883622,43.605442,2024,2024-12-02
112000.0,47.0,2,34080,3.827372,43.612342,2024,2024-12-03
157000.0,59.0,4,34090,3.868382,43.626196,2024,2024-12-11
258220.02,66.0,3,34090,3.871312,43.629774,2024,2024-12-04
130000.0,50.0,2,34090,3.841355,43.642449,2024,2024-12-12
140000.0,101.0,3,34070,3.859111,43.584012,2024,2024-12-05
85000.0,27.0,1,34080,3.832006,43.620973,2024,2024-12-16
86660.0,21.0,1,34000,3.913011,43.603212,2024,2024-12-13
250000.0,91.0,4,34000,3.882103,43.604896,2024,2024-12-06
90000.0,21.0,1,34070,3.891022,43.590893,2024,2024-12-19
152000.0,37.0,2,34070,3.891979,43.593619,2024,2024-12-02
113000.0,29.0,1,34000,3.882735,43.615631,2024,2024-11-27
228750.0,90.0,5,34000,3.867999,43.603383,2024,2024-11-28
145000.0,46.0,2,34090,3.838533,43.636989,2024,2024-11-19
145700.0,59.0,2,34000,3.878938,43.601675,2024,2024-12-19
157000.0,45.0,2,34070,3.849805,43.591392,2024,2024-12-17
152130.0,68.0,3,34070,3.853021,43.606727,2024,2024-12-16
130000.0,25.0,2,34070,3.894483,43.602008,2024,2024-12-12
151000.0,68.0,3,34070,3.873371,43.588959,2024,2024-12-16
155000.0,35.0,1,34090,3.888223,43.624367,2024,2024-12-11
255041.0,73.0,3,34090,3.861077,43.627288,2024,2024-12-13
112900.0,38.0,1,34070,3.867489,43.594589,2024,2024-12-09
315500.0,56.0,3,34090,3.841912,43.639691,2024,2024-12-16
145000.0,45.0,2,34000,3.873302,43.608556,2024,2024-12-13
115000.0,67.0,3,34070,3.885124,43.593451,2024,2024-11-21
297000.0,85.0,4,34000,3.889093,43.616551,2024,2024-12-11
49000.0,18.0,1,34090,3.852657,43.623307,2024,2024-12-06
141000.0,36.0,2,34090,3.868758,43.628329,2024,2024-09-24
196600.0,80.0,4,34000,3.885867,43.60314,2024,2024-12-06
125000.0,53.0,2,34070,3.86751,43.591005,2024,2024-12-04
102000.0,40.0,1,34000,3.873863,43.605211,2024,2024-12-10
305140.0,116.0,6,34000,3.882087,43.608191,2024,2024-12-19
168010.0,90.0,5,34080,3.834593,43.614124,2024,2024-12-10
89000.0,30.0,2,34090,3.844825,43.632247,2024,2024-12-13
65000.0,30.0,1,34070,3.886999,43.594906,2024,2024-12-19
160000.0,55.0,2,34070,3.854115,43.600002,2024,2024-12-10
224400.0,47.0,2,34000,3.902211,43.596053,2024,2024-12-13
340000.0,67.0,3,34070,3.864997,43.609028,2024,2024-12-18
85629.5,72.0,4,34080,3.846196,43.621582,2024,2024-11-28
114000.0,28.0,2,34000,3.879268,43.61391,2024,2024-12-03
125000.0,32.0,1,34070,3.867231,43.608306,2024,2024-12-13
233500.0,86.0,4,34000,3.890074,43.613255,2024,2024-11-26
80750.0,38.0,1,34070,3.846077,43.61599,2024,2024-12-13
182000.0,46.0,2,34090,3.838533,43.636989,2024,2024-12-11
90000.0,30.0,2,34080,3.846235,43.622413,2024,2024-12-13
189400.0,50.0,3,34070,3.86552,43.588498,2024,2024-12-16
166800.0,61.0,3,34070,3.853732,43.615661,2024,2024-12-18
145000.0,38.0,2,34090,3.844188,43.640541,2024,2024-12-18
161000.0,39.0,2,34070,3.894014,43.60062,2024,2024-12-09
160000.0,53.0,3,34000,3.881251,43.615574,2024,2024-11-29
157290.0,38.0,2,34000,3.866527,43.610932,2024,2024-12-19
81000.0,13.0,1,34000,3.878538,43.608417,2024,2024-12-17
275000.0,61.0,3,34000,3.907253,43.600202,2024,2024-12-10
192310.0,53.0,3,34000,3.888395,43.614724,2024,2024-12-11
242500.0,60.0,3,34080,3.837119,43.630166,2024,2024-12-04
51000.0,15.0,1,34000,3.877555,43.604765,2024,2024-12-09
115900.0,57.0,2,34070,3.853021,43.606727,2024,2024-12-09
216000.0,57.0,2,34070,3.883955,43.605665,2024,2024-12-06
149861.0,48.0,2,34070,3.860833,43.600892,2024,2024-12-05
86000.0,25.0,1,34070,3.872598,43.590303,2024,2024-12-19
310000.0,73.0,3,34090,3.873303,43.617788,2024,2024-12-17
178000.0,54.0,2,34000,3.894063,43.618911,2024,2024-12-17
342050.0,82.0,4,34000,3.901217,43.598264,2024,2024-12-17
195000.0,81.0,3,34070,3.846077,43.61599,2024,2024-12-05
126900.0,32.0,1,34000,3.874528,43.604033,2024,2024-12-05
133000.0,33.0,2,34000,3.88106,43.606896,2024,2024-12-20
171000.0,61.0,3,34080,3.83588,43.621424,2024,2024-12-19
85000.0,28.0,2,34000,3.879931,43.614422,2024,2024-12-20
154000.0,39.0,2,34070,3.860172,43.58096,2024,2024-12-11
470000.0,106.0,4,34000,3.905373,43.597271,2024,2024-12-11
147500.0,58.0,3,34070,3.88571,43.584374,2024,2024-12-23
48963.0,31.0,1,34080,3.845471,43.619617,2024,2024-12-12
90000.0,17.0,1,34000,3.873497,43.609583,2024,2024-12-11
175000.0,53.0,2,34090,3.841514,43.639017,2024,2024-12-09
210000.0,90.0,4,34070,3.874633,43.591677,2024,2024-12-13
195000.0,68.0,3,34070,3.84659,43.598277,2024,2024-12-02
198500.0,58.0,3,34070,3.867211,43.601296,2024,2024-11-29
108000.0,57.0,3,34070,3.867021,43.595401,2024,2024-12-23
64000.0,14.0,1,34000,3.886229,43.605829,2024,2024-12-05
187900.0,67.0,4,34000,3.888198,43.620449,2024,2024-12-02
92000.0,19.0,1,34000,3.898506,43.601685,2024,2024-12-16
113230.0,29.0,1,34090,3.86413,43.622588,2024,2024-12-26
242000.0,80.0,4,34090,3.863281,43.628676,2024,2024-12-20
150000.0,41.0,2,34090,3.844188,43.640541,2024,2024-12-12
113700.0,68.0,4,34070,3.885032,43.591232,2024,2024-12-10
98000.0,22.0,2,34090,3.844188,43.640541,2024,2024-12-12
60610.0,51.0,2,34000,3.874193,43.606496,2024,2024-12-06
218900.0,70.0,3,34070,3.860218,43.582009,2024,2024-12-18
104250.0,29.0,1,34070,3.867703,43.598025,2024,2024-12-17
132000.0,26.0,2,34000,3.897596,43.602334,2024,2024-12-20
92000.0,21.0,1,34090,3.863024,43.640576,2024,2024-12-24
180000.0,67.0,4,34000,3.889579,43.618227,2024,2024-12-26
89400.0,19.0,1,34090,3.879026,43.623491,2024,2024-12-10
118000.0,36.0,2,34000,3.888977,43.619095,2024,2024-12-10
85000.0,30.0,1,34000,3.875577,43.613018,2024,2024-12-12
74283.0,20.0,4,34070,3.87385,43.594873,2024,2024-12-16
500000.0,164.0,5,34000,3.873739,43.606004,2024,2024-12-12
77000.0,22.0,1,34000,3.878938,43.601675,2024,2024-12-19
100000.0,36.0,2,34070,3.867316,43.607924,2024,2024-12-17
431655.0,139.0,5,34070,3.851782,43.61241,2024,2024-12-13
375500.0,90.0,4,34090,3.870823,43.620525,2024,2024-12-13
86000.0,30.0,1,34000,3.878938,43.601675,2024,2024-12-17
95000.0,23.0,2,34000,3.874338,43.608373,2024,2024-12-16
90000.0,20.0,1,34090,3.842309,43.642114,2024,2024-12-13
179100.0,68.0,3,34000,3.874063,43.600755,2024,2024-12-10
599000.0,91.0,4,34000,3.880242,43.607262,2024,2024-12-27
147310.0,68.0,3,34000,3.849091,43.616213,2024,2024-12-11
240500.0,67.0,4,34000,3.889579,43.618227,2024,2024-11-27
116150.0,19.0,1,34000,3.875913,43.611545,2024,2024-12-20
171800.0,49.0,2,34000,3.897641,43.601983,2024,2024-12-18
90000.0,41.0,2,34070,3.883064,43.59599,2024,2024-12-30
120000.0,63.0,3,34080,3.832496,43.61157,2024,2024-12-26
122370.0,22.0,1,34000,3.886937,43.616939,2024,2024-12-16
217600.0,59.0,3,34070,3.854585,43.61248,2024,2024-12-20
240100.0,61.0,3,34070,3.849169,43.590632,2024,2024-12-13
109500.0,67.0,4,34070,3.883988,43.591519,2024,2024-12-30
177000.0,45.0,2,34000,3.904518,43.609703,2024,2024-12-19
100000.0,46.0,2,34070,3.868279,43.597017,2024,2024-12-23
218885.0,67.0,3,34070,3.859226,43.582326,2024,2024-12-10
130000.0,41.0,1,34000,3.890074,43.613255,2024,2024-12-20
146707.0,29.0,1,34000,3.896269,43.605244,2024,2024-12-18
308450.0,90.0,4,34080,3.844786,43.614147,2024,2024-12-19
172550.0,65.0,2,34000,3.888223,43.624367,2024,2024-12-19
164000.0,73.0,4,34070,3.868421,43.594405,2024,2024-12-24
177000.0,60.0,3,34070,3.847952,43.59103,2024,2024-12-26
87000.0,18.0,1,34090,3.856912,43.631842,2024,2024-12-18
147000.0,53.0,2,34070,3.890037,43.592338,2024,2024-12-27
43450.0,30.0,1,34070,3.830239,43.610672,2024,2024-12-23
150000.0,62.0,2,34070,3.86604,43.596752,2024,2024-12-11
290000.0,62.0,3,34070,3.861742,43.586065,2024,2024-12-09
120000.0,53.0,3,34070,3.878181,43.59509,2024,2024-12-13
135000.0,49.0,2,34070,3.854663,43.615572,2024,2024-12-13
180000.0,42.0,2,34090,3.890575,43.627295,2024,2024-12-19
149000.0,35.0,2,34000,3.875533,43.613203,2024,2024-12-16
114000.0,31.0,1,34080,3.843208,43.616384,2024,2024-12-12
118000.0,36.0,2,34070,3.859627,43.591212,2024,2024-12-20
493600.0,141.0,3,34000,3.878626,43.611606,2024,2024-12-12
81500.0,32.0,1,34080,3.829221,43.615924,2024,2024-12-11
314500.0,84.0,3,34070,3.855474,43.594061,2024,2024-12-16
117500.0,31.0,1,34000,3.878938,43.601675,2024,2024-12-20
67000.0,18.0,1,34090,3.838355,43.640196,2024,2024-12-18
180000.0,66.0,3,34080,3.83305,43.6325,2024,2024-12-20
185000.0,48.0,2,34090,3.87339,43.63055,2024,2024-12-23
95000.0,23.0,1,34090,3.845393,43.640854,2024,2024-12-20
77452.82,33.0,2,34080,3.824762,43.632548,2024,2024-12-17
170000.0,61.0,3,34000,3.865191,43.613524,2024,2024-12-17
490000.0,90.0,4,34000,3.885972,43.619544,2024,2024-12-19
158000.0,69.0,4,34070,3.8555,43.605346,2024,2024-12-19
138570.0,73.0,4,34070,3.868421,43.594405,2024,2024-12-13
283000.0,70.0,3,34000,3.912366,43.614667,2024,2024-12-23
99750.0,55.0,3,34080,3.830808,43.615516,2024,2024-12-19
109530.0,27.0,1,34090,3.849118,43.636798,2024,2024-12-11
110000.0,23.0,2,34090,3.844188,43.640541,2024,2024-12-20
85000.0,21.0,1,34090,3.867116,43.635008,2024,2024-12-19
311450.0,80.0,4,34000,3.912366,43.614667,2024,2024-12-17
74500.0,18.0,1,34000,3.886229,43.605829,2024,2024-12-19
93000.0,19.0,1,34000,3.872099,43.612259,2024,2024-12-26
117000.0,41.0,2,34070,3.863607,43.606677,2024,2024-12-17
197300.0,63.0,3,34080,3.819438,43.637329,2024,2024-12-19
165000.0,40.0,2,34000,3.892476,43.604929,2024,2024-12-10
163394.0,35.0,1,34090,3.875035,43.616894,2024,2024-12-14
162420.0,43.0,2,34090,3.838637,43.640729,2024,2024-12-20
189000.0,40.0,2,34000,3.869451,43.613818,2024,2024-12-19
75000.0,18.0,1,34090,3.856912,43.631842,2024,2024-12-30
145000.0,46.0,2,34080,3.847984,43.622477,2024,2024-12-18
66900.0,22.0,1,34080,3.824762,43.632548,2024,2024-12-30
67500.0,22.0,1,34080,3.824762,43.632548,2024,2024-12-26
440000.0,101.0,4,34000,3.879775,43.609747,2024,2024-12-30
248000.0,69.0,3,34000,3.89248,43.613723,2024,2024-12-27
150000.0,55.0,2,34070,3.837468,43.602094,2024,2024-12-26
476000.0,119.0,4,34000,3.907961,43.607285,2024,2024-12-18
135000.0,49.0,2,34090,3.85444,43.620964,2024,2024-12-19
75000.0,48.0,2,34070,3.862328,43.605628,2024,2024-12-26
239333.0,81.0,4,34070,3.860833,43.600892,2024,2024-12-17
77000.0,30.0,1,34070,3.875712,43.593971,2024,2024-12-19
141300.0,79.0,4,34080,3.818537,43.641426,2024,2024-12-20
172375.0,62.0,3,34070,3.84453,43.594567,2024,2024-12-20
136000.0,66.0,4,34070,3.882335,43.595027,2024,2024-12-23
340000.0,68.0,3,34000,3.883452,43.602233,2024,2024-12-19
159000.0,63.0,3,34080,3.822327,43.624975,2024,2024-12-20
257870.0,84.0,5,34000,3.867564,43.60675,2024,2024-12-27
198600.0,67.0,3,34000,3.877008,43.609096,2024,2024-12-30
108600.0,30.0,2,34000,3.875462,43.608505,2024,2024-12-30
110000.0,23.0,2,34090,3.844188,43.640541,2024,2024-12-23
115990.0,36.0,2,34000,3.874207,43.608858,2024,2024-12-30
149000.0,46.0,2,34070,3.856473,43.600283,2024,2024-12-27
226000.0,38.0,2,34070,3.860179,43.592878,2024,2024-12-20
89500.0,25.0,1,34000,3.866493,43.609386,2024,2024-12-20
130000.0,44.0,2,34090,3.875652,43.628043,2024,2024-12-20
280300.0,61.0,3,34070,3.89175,43.589944,2024,2024-12-31
470000.0,105.0,4,34000,3.895415,43.611476,2024,2024-12-19
226100.0,79.0,3,34070,3.854115,43.600002,2024,2024-12-23
435600.0,99.0,4,34000,3.883757,43.606035,2024,2024-12-23
102500.0,31.0,1,34000,3.869666,43.603234,2024,2024-12-18
657700.0,126.0,4,34000,3.89807,43.600095,2024,2024-12-27
212500.0,73.0,4,34000,3.901191,43.606034,2024,2024-12-27
160000.0,68.0,4,34000,3.888198,43.620449,2024,2024-12-20
142575.0,43.0,2,34070,3.872022,43.588971,2024,2024-12-20
270000.0,48.0,2,34000,3.878329,43.597317,2024,2024-12-27
284000.0,88.0,4,34070,3.863319,43.604448,2024,2024-12-16
181800.0,74.0,3,34000,3.88963,43.613894,2024,2024-12-17
193000.0,58.0,3,34070,3.851531,43.589201,2024,2024-12-26
193000.0,46.0,2,34000,3.904518,43.609703,2024,2024-12-27
190000.0,66.0,3,34000,3.878418,43.612413,2024,2024-12-17
100000.0,43.0,2,34080,3.834674,43.610876,2024,2024-12-27
151997.88,68.0,3,34090,3.878094,43.61667,2024,2024-12-19
147900.0,69.0,4,34070,3.892521,43.598181,2024,2024-12-26
91000.0,19.0,1,34000,3.898506,43.601685,2024,2024-12-23
205205.0,60.0,4,34000,3.870147,43.614324,2024,2024-12-23
150000.0,53.0,3,34070,3.851531,43.589201,2024,2024-12-20
155000.0,54.0,2,34090,3.87282,43.634744,2024,2024-12-16
285650.0,84.0,4,34070,3.86307,43.608593,2024,2024-12-20
125000.0,59.0,4,34090,3.868382,43.626196,2024,2024-12-20
235200.0,86.0,4,34000,3.890074,43.613255,2024,2024-12-26
140000.0,76.0,4,34070,3.868421,43.594405,2024,2024-12-24
238600.0,84.0,4,34070,3.854115,43.600002,2024,2024-12-23
184800.0,84.0,5,34070,3.881668,43.5939,2024,2024-12-19
146636.0,45.0,2,34000,3.86706,43.617116,2024,2024-12-23
185000.0,76.0,3,34070,3.888931,43.594838,2024,2024-12-27
120000.0,65.0,4,34000,3.885702,43.614675,2024,2024-12-20
85020.0,23.0,1,34090,3.86267,43.626345,2024,2024-12-30
66400.0,16.0,1,34000,3.886401,43.618369,2024,2024-12-23
162000.0,27.0,2,34000,3.879518,43.615929,2024,2024-12-30
165200.0,96.0,4,34070,3.868984,43.592641,2024,2024-12-27
73000.0,25.0,1,34070,3.846634,43.605442,2024,2024-12-30
171300.0,80.0,4,34070,3.864628,43.594644,2024,2024-12-31
224000.0,75.0,3,34080,3.841189,43.619543,2024,2024-12-20
78080.0,22.0,1,34070,3.875712,43.593971,2024,2024-12-18
76500.0,39.0,2,34000,3.87524,43.610005,2024,2024-12-20
204120.83,42.0,2,34070,3.847265,43.598705,2024,2024-12-19
215000.0,73.0,4,34000,3.901191,43.606034,2024,2024-12-19
155000.0,42.0,2,34090,3.864042,43.620763,2024,2024-12-20
214150.0,48.0,3,34090,3.879903,43.61656,2024,2024-12-20
55000.0,18.0,1,34090,3.853449,43.624567,2024,2024-12-30
60000.0,40.0,2,34080,3.8442,43.632006,2024,2024-12-30
293000.0,103.0,4,34000,3.874068,43.605752,2024,2024-12-31
135000.0,28.0,1,34090,3.846533,43.625619,2024,2024-12-17
248804.0,50.0,2,34070,3.847265,43.598705,2024,2024-12-27
179000.0,56.0,2,34000,3.877632,43.608531,2024,2024-12-27
80000.0,18.0,1,34090,3.856655,43.631871,2024,2024-10-30
95000.0,16.0,1,34070,3.88342,43.605127,2024,2024-12-20
166000.0,43.0,2,34000,3.874882,43.607382,2024,2024-12-20
86500.0,32.0,1,34070,3.890704,43.59339,2024,2024-12-23
232383.0,47.0,2,34000,3.902597,43.598364,2024,2024-12-20
218820.0,70.0,3,34070,3.855152,43.602019,2024,2024-12-18
70900.0,32.0,1,34000,3.866716,43.606876,2024,2024-12-27
106000.0,29.0,1,34090,3.871225,43.630624,2024,2024-12-30
191000.0,58.0,3,34000,3.867711,43.607407,2024,2024-12-30
153000.0,48.0,1,34090,3.871312,43.629774,2024,2024-12-26
145000.0,35.0,2,34070,3.894147,43.60314,2024,2024-12-20
218235.0,66.0,3,34090,3.852002,43.62535,2024,2024-12-27
188500.0,61.0,3,34070,3.879735,43.595049,2024,2024-12-27
227500.0,63.0,3,34070,3.85876,43.581164,2024,2024-12-10
85460.0,35.0,2,34070,3.864053,43.606486,2024,2024-12-13
140235.0,46.0,2,34070,3.87236,43.598225,2024,2024-12-20
118000.0,65.0,3,34080,3.826286,43.613981,2024,2024-12-23
98000.0,26.0,1,34000,3.880018,43.616298,2024,2024-12-23
73500.0,18.0,1,34090,3.838355,43.640196,2024,2024-12-27
140000.0,32.0,1,34090,3.849903,43.626298,2024,2024-12-27
64700.0,26.0,2,34000,3.876846,43.61187,2024,2024-12-24
81500.0,23.0,1,34090,3.853251,43.622942,2024,2024-12-21
125760.0,67.0,3,34070,3.886374,43.600125,2024,2024-12-23
91600.0,21.0,1,34070,3.893724,43.602181,2024,2024-12-30
319900.0,88.0,5,34000,3.868186,43.61431,2024,2024-12-27
212584.0,49.0,2,34000,3.878772,43.605316,2024,2024-12-30
205000.0,79.0,3,34070,3.86604,43.596752,2024,2024-12-30
80000.0,64.0,2,34080,3.836504,43.615488,2024,2024-12-30
149000.0,52.0,2,34080,3.839912,43.620624,2024,2024-12-30
240000.0,83.0,4,34090,3.869102,43.635155,2024,2024-12-20
20625.0,13.0,1,34080,3.81587,43.622093,2024,2024-12-30
269000.0,65.0,3,34070,3.867583,43.597821,2024,2024-12-30
172500.0,50.0,2,34000,3.913981,43.616018,2024,2024-12-11
150100.0,51.0,3,34070,3.866861,43.607917,2024,2024-12-24
82000.0,30.0,1,34080,3.840901,43.617317,2024,2024-12-30
142830.0,39.0,2,34080,3.848718,43.622617,2024,2024-12-26
203700.0,105.0,5,34080,3.83783,43.610064,2024,2024-12-26
224800.0,69.0,3,34070,3.852024,43.607259,2024,2024-12-27
239750.0,65.0,3,34000,3.898506,43.600792,2024,2024-12-30
228500.0,85.0,4,34070,3.874328,43.59028,2024,2024-12-23
215000.0,78.0,5,34070,3.890712,43.601006,2024,2024-12-30
236382.0,100.0,5,34070,3.846077,43.61599,2024,2024-12-27
192500.0,89.0,4,34070,3.848673,43.596052,2024,2024-12-23
153500.0,53.0,2,34090,3.856229,43.633435,2024,2024-12-23
850000.0,174.0,5,34070,3.891911,43.600223,2024,2024-12-27
222172.0,89.0,5,34070,3.85736,43.608531,2024,2024-12-30
119000.0,63.0,3,34080,3.845446,43.620349,2024,2024-12-27
247700.0,71.0,3,34090,3.846578,43.631439,2024,2024-12-30
204370.0,46.0,2,34000,3.889734,43.606871,2024,2024-12-30
113000.0,35.0,1,34090,3.888223,43.624367,2024,2024-12-27
330000.0,69.0,4,34000,3.878329,43.597317,2024,2024-12-30
159000.0,50.0,2,34000,3.877897,43.612033,2024,2024-12-19
393000.0,79.0,3,34000,3.89807,43.600095,2024,2024-09-30
42000.0,20.0,1,34090,3.854352,43.622296,2024,2024-10-07
152000.0,35.0,2,34070,3.894014,43.60062,2024,2024-12-30
213200.0,61.0,3,34070,3.85988,43.583322,2025,2025-01-06
66000.0,14.0,1,34000,3.871017,43.603451,2025,2025-01-13
250000.0,66.0,3,34000,3.900028,43.598267,2025,2025-01-13
390000.0,147.0,4,34000,3.879295,43.605566,2025,2025-01-08
494000.0,99.0,4,34000,3.865704,43.617114,2025,2025-01-03
196000.0,38.0,2,34000,3.901812,43.607064,2025,2025-01-06
93500.0,23.0,1,34000,3.873389,43.606631,2025,2025-01-03
152825.0,37.0,1,34000,3.866527,43.610932,2025,2025-01-13
145300.0,42.0,2,34070,3.851531,43.589201,2025,2025-01-08
291800.0,60.0,3,34000,3.874327,43.612147,2025,2025-01-06
85000.0,22.0,1,34090,3.86102,43.624829,2025,2025-01-07
68829.29,22.0,1,34080,3.824762,43.632548,2025,2025-01-07
173000.0,62.0,3,34070,3.847952,43.59103,2025,2025-01-13
180000.0,50.0,2,34090,3.882652,43.631313,2025,2025-01-10
416000.0,86.0,4,34000,3.906068,43.599979,2025,2025-01-02
239000.0,65.0,3,34000,3.891835,43.606565,2025,2025-01-06
525000.0,98.0,5,34000,3.867821,43.610925,2025,2025-01-06
102100.0,20.0,1,34090,3.861904,43.625018,2025,2025-01-06
263450.0,73.0,3,34000,3.883519,43.618439,2025,2025-01-09
208000.0,55.0,3,34070,3.842621,43.591855,2025,2025-01-10
85000.0,20.0,1,34090,3.846267,43.632539,2025,2025-01-06
69680.0,21.0,1,34090,3.844744,43.633909,2025,2025-01-13
431774.0,73.0,4,34000,3.884168,43.607688,2025,2025-01-07
77000.0,22.0,1,34090,3.844744,43.633909,2025,2025-01-10
224300.0,74.0,4,34070,3.88856,43.598383,2025,2025-01-08
86656.0,67.0,3,34070,3.845168,43.593984,2025,2025-01-17
63000.0,20.0,1,34070,3.834146,43.608785,2025,2025-01-13
145500.0,44.0,2,34000,3.904518,43.609703,2025,2025-01-15
276352.0,63.0,3,34000,3.889082,43.621915,2025,2025-01-09
227000.0,68.0,2,34000,3.878306,43.609934,2025,2025-01-10
201000.0,45.0,2,34000,3.902597,43.598364,2025,2025-01-16
295000.0,50.0,1,34000,3.907961,43.607285,2025,2025-01-03
95000.0,77.0,3,34080,3.828465,43.614721,2025,2025-01-03
229500.0,72.0,3,34090,3.878395,43.61887,2025,2025-01-10
166000.0,47.0,2,34090,3.863024,43.640576,2025,2025-01-17
155000.0,61.0,3,34080,3.845822,43.622635,2025,2025-01-16
91000.0,41.0,1,34080,3.824806,43.615382,2025,2025-01-13
124000.0,43.0,3,34090,3.863024,43.640576,2025,2025-01-09
110000.0,63.0,3,34080,3.845471,43.619617,2025,2025-01-10
168000.0,80.0,3,34090,3.853984,43.624178,2025,2025-01-13
133350.0,30.0,1,34090,3.888478,43.629542,2025,2025-01-10
184000.0,73.0,4,34070,3.868903,43.593832,2025,2025-01-14
112000.0,43.0,2,34070,3.867193,43.606159,2025,2025-01-13
104000.0,24.0,1,34000,3.887744,43.605203,2025,2025-01-08
60500.0,22.0,1,34070,3.876339,43.581538,2025,2025-01-13
186000.0,61.0,2,34000,3.875289,43.607225,2025,2025-01-15
312000.0,69.0,3,34000,3.906164,43.602115,2025,2025-01-03
67445.0,22.0,1,34090,3.852553,43.621567,2025,2025-01-21
198000.0,38.0,2,34000,3.901953,43.607207,2025,2025-01-14
235000.0,68.0,4,34000,3.869871,43.604184,2025,2025-01-22
88000.0,46.0,2,34080,3.827089,43.613959,2025,2025-01-21
261200.0,98.0,4,34080,3.830251,43.63296,2025,2025-01-17
105000.0,23.0,1,34090,3.873303,43.617788,2025,2025-01-06
113000.0,65.0,4,34070,3.867128,43.596109,2025,2025-01-21
216000.0,72.0,3,34070,3.860218,43.582009,2025,2025-01-23
309550.0,84.0,4,34090,3.877336,43.626783,2025,2025-01-21
101600.0,22.0,1,34000,3.869348,43.615051,2025,2025-01-08
200000.0,60.0,2,34070,3.866205,43.598431,2025,2025-01-06
230000.0,67.0,4,34000,3.858643,43.618409,2025,2025-01-06
100000.0,43.0,2,34090,3.846838,43.62966,2025,2025-01-18
103000.0,25.0,2,34070,3.883155,43.605237,2025,2025-01-14
190000.0,96.0,5,34070,3.868984,43.592641,2025,2025-01-21
165000.0,66.0,3,34070,3.864628,43.594644,2025,2025-01-17
160000.0,40.0,2,34070,3.86226,43.583993,2025,2025-01-03
50500.0,21.0,1,34090,3.851932,43.623432,2025,2025-01-06
220000.0,59.0,3,34070,3.844027,43.591147,2025,2025-01-20
92200.0,19.0,1,34000,3.866346,43.613954,2025,2025-01-20
182000.0,40.0,2,34000,3.895154,43.60583,2025,2025-01-13
615000.0,107.0,4,34000,3.869048,43.615726,2025,2025-01-16
177400.0,75.0,4,34070,3.850361,43.604001,2025,2025-01-09
85000.0,21.0,1,34070,3.891022,43.590893,2025,2025-01-08
248654.34,75.0,3,34000,3.870932,43.600901,2025,2025-01-08
95000.0,27.0,2,34090,3.872589,43.629007,2025,2025-01-08
137775.0,45.0,2,34090,3.846838,43.62966,2025,2025-01-09
209395.83,41.0,2,34070,3.847265,43.598705,2025,2025-01-20
187700.0,52.0,2,34070,3.855474,43.594061,2025,2025-01-06
93072.62,19.0,1,34090,3.864248,43.62241,2025,2025-01-09
162945.0,38.0,1,34000,3.866527,43.610932,2025,2025-01-10
112625.0,39.0,2,34080,3.832152,43.611662,2025,2025-01-08
222000.0,69.0,3,34000,3.869124,43.605132,2025,2025-01-13
136000.0,33.0,1,34090,3.875225,43.617287,2025,2025-01-17
98000.0,22.0,2,34090,3.844188,43.640541,2025,2025-01-07
166445.0,57.0,3,34080,3.836182,43.610671,2025,2025-01-10
303330.0,68.0,3,34000,3.87306,43.60078,2025,2025-01-15
123000.0,36.0,2,34000,3.873452,43.603518,2025,2025-01-15
184750.0,39.0,2,34000,3.885496,43.626822,2025,2025-01-08
92000.0,38.0,2,34070,3.865846,43.598343,2025,2025-01-15
204950.0,42.0,2,34000,3.880336,43.614033,2025,2025-01-17
109000.0,27.0,1,34090,3.859886,43.638692,2025,2025-01-14
71000.0,45.0,2,34090,3.851726,43.633071,2025,2025-01-07
198550.0,33.0,0,34070,3.894636,43.599749,2025,2025-01-03
82500.0,18.0,0,34000,3.873611,43.60826,2025,2025-01-22
215000.0,59.0,3,34090,3.880986,43.6261,2025,2025-01-23
300000.0,81.0,3,34000,3.889082,43.621915,2025,2025-01-09
476000.0,82.0,3,34000,3.864872,43.610143,2025,2025-01-10
80000.0,19.0,1,34080,3.837587,43.624674,2025,2025-01-09
89500.0,27.0,1,34070,3.891022,43.590893,2025,2025-01-09
224500.0,95.0,4,34000,3.884515,43.614454,2025,2025-01-10
319250.0,85.0,4,34090,3.848031,43.628082,2025,2025-01-10
647000.0,109.0,5,34000,3.900839,43.59718,2025,2025-01-13
135000.0,39.0,2,34090,3.867281,43.637219,2025,2025-01-15
78500.0,30.0,2,34000,3.878555,43.613065,2025,2025-01-08
199600.0,68.0,3,34070,3.854993,43.593074,2025,2025-01-10
132050.0,45.0,2,34080,3.841683,43.617622,2025,2025-01-14
130000.0,60.0,2,34080,3.843208,43.616384,2025,2025-01-15
143180.0,42.0,3,34000,3.873001,43.607041,2025,2025-01-21
148000.0,45.0,2,34000,3.898506,43.600792,2025,2025-01-21
210735.0,78.0,3,34070,3.884761,43.58811,2025,2025-01-03
92000.0,25.0,1,34090,3.833475,43.639115,2025,2025-01-09
313050.0,72.0,3,34070,3.864351,43.606012,2025,2025-01-21
55052.0,43.0,2,34090,3.871224,43.627565,2025,2025-01-23
100096.0,40.0,2,34080,3.822327,43.624975,2025,2025-01-23
306000.0,72.0,3,34070,3.893733,43.602922,2025,2025-01-30
323000.0,81.0,4,34000,3.889271,43.606278,2025,2025-01-15
226450.0,49.0,2,34090,3.882154,43.624863,2025,2025-01-07
107500.0,70.0,4,34000,3.894306,43.623446,2025,2025-01-06
225000.0,62.0,2,34000,3.894456,43.607935,2025,2025-01-17
120000.0,86.0,2,34070,3.866661,43.608646,2025,2025-01-24
106000.0,23.0,1,34000,3.897596,43.602334,2025,2025-01-21
160000.0,65.0,3,34070,3.834528,43.609668,2025,2025-01-10
107520.0,42.0,2,34070,3.867021,43.595401,2025,2025-01-27
345000.0,85.0,2,34000,3.877399,43.608251,2025,2025-01-02
210550.0,72.0,3,34090,3.869102,43.635155,2025,2025-01-27
65000.0,23.0,1,34080,3.826704,43.613257,2025,2025-01-23
94600.0,47.0,2,34070,3.867021,43.595401,2025,2025-01-28
270000.0,67.0,3,34000,3.891413,43.60454,2025,2025-01-30
95000.0,20.0,1,34000,3.90586,43.613163,2025,2025-01-23
235000.0,85.0,4,34000,3.890207,43.608306,2025,2025-01-14
140000.0,36.0,2,34090,3.864248,43.62241,2025,2025-01-30
160000.0,55.0,3,34000,3.873302,43.608556,2025,2025-01-22
221550.0,62.0,3,34070,3.83734,43.596008,2025,2025-01-24
149488.5,87.0,4,34070,3.852744,43.615846,2025,2025-01-21
133000.0,39.0,2,34080,3.840802,43.617681,2025,2025-01-24
82300.0,19.0,1,34000,3.876327,43.61216,2025,2025-01-23
76750.0,19.0,1,34000,3.879121,43.611732,2025,2025-01-31
149600.0,38.0,2,34000,3.89571,43.60574,2025,2025-01-30
86000.0,30.0,1,34070,3.827536,43.61112,2025,2025-01-30
67000.0,30.0,2,34000,3.878434,43.600171,2025,2025-01-24
222000.0,71.0,4,34000,3.868654,43.614572,2025,2025-01-16
366000.0,75.0,3,34000,3.901197,43.608396,2025,2025-01-16
174207.0,57.0,3,34000,3.858643,43.618409,2025,2025-01-17
359000.0,120.0,4,34000,3.870769,43.60986,2025,2025-01-28
279472.0,54.0,3,34000,3.902474,43.601863,2025,2025-01-16
131000.0,70.0,3,34070,3.852007,43.606634,2025,2025-01-17
179000.0,45.0,2,34070,3.866894,43.592834,2025,2025-01-23
690000.0,154.0,7,34000,3.894414,43.607497,2025,2025-01-30
341500.0,78.0,4,34000,3.904874,43.601781,2025,2025-01-20
100000.0,44.0,2,34090,3.872926,43.637811,2025,2025-01-29
92000.0,33.0,2,34070,3.866253,43.607251,2025,2025-01-21
145000.0,49.0,2,34000,3.890634,43.604065,2025,2025-01-30
109500.0,63.0,3,34080,3.843839,43.619515,2025,2025-01-17
252000.0,84.0,4,34090,3.878597,43.616029,2025,2025-01-17
238000.0,66.0,3,34070,3.850502,43.590976,2025,2025-01-28
89700.0,48.0,2,34070,3.868984,43.592641,2025,2025-01-24
150000.0,43.0,2,34000,3.897937,43.616795,2025,2025-01-23
115000.0,45.0,2,34000,3.862426,43.610426,2025,2025-01-27
240000.0,120.0,5,34070,3.858603,43.60971,2025,2025-01-22
247000.0,67.0,3,34000,3.904648,43.610982,2025,2025-01-07
230000.0,89.0,5,34090,3.857864,43.641347,2025,2025-01-23
70000.0,30.0,2,34080,3.8419,43.623519,2025,2025-01-21
170000.0,74.0,4,34070,3.848628,43.60834,2025,2025-01-31
82000.0,59.0,3,34070,3.856057,43.602962,2025,2025-01-22
219000.0,50.0,2,34000,3.899835,43.600555,2025,2025-01-27
475000.0,100.0,4,34000,3.875569,43.606301,2025,2025-01-27
259000.0,61.0,3,34000,3.895154,43.60583,2025,2025-01-22
85500.0,13.0,1,34000,3.881922,43.608154,2025,2025-01-30
117450.0,36.0,2,34000,3.887367,43.603241,2025,2025-01-24
110000.0,75.0,4,34080,3.83335,43.614084,2025,2025-01-15
143000.0,45.0,2,34000,3.873777,43.608248,2025,2025-01-24
52000.0,14.0,1,34000,3.899738,43.617489,2025,2025-01-20
299900.0,67.0,3,34000,3.876714,43.60696,2025,2025-02-03
67000.0,21.0,1,34070,3.862511,43.610145,2025,2025-01-22
108000.0,33.0,1,34070,3.868984,43.592641,2025,2025-02-03
124400.0,28.0,2,34000,3.87397,43.600423,2025,2025-01-29
71000.0,21.0,1,34070,3.85269,43.603029,2025,2025-01-27
63000.0,18.0,1,34090,3.880728,43.617815,2025,2025-01-30
90000.0,32.0,1,34080,3.841683,43.617622,2025,2025-01-27
126000.0,32.0,2,34080,3.840425,43.62456,2025,2025-01-27
96130.0,18.0,1,34090,3.844744,43.633909,2025,2025-01-30
410000.0,97.0,4,34070,3.890348,43.593912,2025,2025-01-31
200000.0,68.0,3,34070,3.854169,43.608526,2025,2025-01-27
144300.0,44.0,2,34090,3.856342,43.622075,2025,2025-01-29
145000.0,43.0,2,34070,3.849169,43.590632,2025,2025-01-29
242000.0,92.0,4,34090,3.835902,43.641366,2025,2025-01-23
127000.0,37.0,1,34000,3.879203,43.613572,2025,2025-01-15
140000.0,56.0,3,34070,3.882335,43.595027,2025,2025-01-31
93750.0,32.0,2,34080,3.831356,43.6141,2025,2025-01-21
182758.4,108.0,5,34070,3.851237,43.596242,2025,2025-01-17
213650.0,68.0,3,34000,3.906659,43.608548,2025,2025-01-09
287000.0,45.0,3,34000,3.880291,43.603508,2025,2025-01-24
199000.0,94.0,4,34070,3.872453,43.594416,2025,2025-01-22
184500.0,45.0,2,34070,3.85876,43.581164,2025,2025-01-14
199500.0,45.0,2,34090,3.873556,43.621021,2025,2025-01-20
579000.0,100.0,5,34000,3.905373,43.597271,2025,2025-01-27
118000.0,42.0,2,34070,3.878181,43.59509,2025,2025-01-28
210150.0,73.0,3,34070,3.85652,43.614941,2025,2025-01-23
180000.0,73.0,4,34070,3.868421,43.594405,2025,2025-01-30
67910.0,18.0,1,34000,3.88231,43.602517,2025,2025-01-30
185700.0,40.0,2,34090,3.863205,43.61902,2025,2025-01-20
150000.0,41.0,2,34090,3.844188,43.640541,2025,2025-01-31
63700.0,45.0,2,34080,3.841634,43.61433,2025,2025-01-30
75000.0,31.0,2,34080,3.829602,43.614279,2025,2025-01-10
103000.0,23.0,0,34090,3.880651,43.616248,2025,2025-01-24
293150.0,91.0,4,34070,3.842863,43.604698,2025,2025-01-07
111105.0,43.0,2,34080,3.831528,43.613498,2025,2025-02-06
105870.0,20.0,1,34000,3.896269,43.605244,2025,2025-01-31
188000.0,41.0,2,34000,3.901217,43.598264,2025,2025-01-20
180000.0,99.0,4,34000,3.866529,43.605066,2025,2025-01-24
150000.0,71.0,3,34080,3.838455,43.611435,2025,2025-01-27
159000.0,45.0,2,34000,3.876883,43.604184,2025,2025-01-22
320000.0,78.0,3,34070,3.864997,43.609028,2025,2025-01-31
138500.0,44.0,2,34000,3.880526,43.606968,2025,2025-01-24
144000.0,66.0,3,34070,3.836052,43.608116,2025,2025-01-22
151950.0,71.0,3,34080,3.831137,43.618123,2025,2025-01-23
140000.0,61.0,3,34070,3.853732,43.615661,2025,2025-01-27
49050.0,25.0,1,34080,3.835291,43.618361,2025,2025-01-27
142000.0,26.0,1,34000,3.872146,43.608027,2025,2025-02-10
209000.0,61.0,3,34070,3.843817,43.592403,2025,2025-01-15
98800.0,24.0,1,34000,3.865515,43.617808,2025,2025-01-21
90250.0,17.0,1,34000,3.865515,43.617808,2025,2025-01-24
139000.0,56.0,3,34070,3.882335,43.595027,2025,2025-01-22
96000.0,41.0,2,34070,3.864433,43.602489,2025,2025-01-15
90000.0,18.0,1,34090,3.856655,43.631871,2025,2025-02-05
88000.0,22.0,1,34000,3.868901,43.607541,2025,2025-02-11
600000.0,195.0,5,34000,3.877538,43.612506,2025,2025-01-30
67500.0,22.0,1,34080,3.824762,43.632548,2025,2025-02-04
138500.0,54.0,2,34090,3.860598,43.623879,2025,2025-01-30
399200.0,84.0,4,34000,3.880176,43.613885,2025,2025-01-17
65000.0,23.0,1,34080,3.83588,43.621424,2025,2025-01-28
73000.0,20.0,1,34090,3.871685,43.634953,2025,2025-01-31
69650.0,21.0,1,34070,3.865284,43.607023,2025,2025-01-13
91800.0,49.0,2,34070,3.874216,43.595399,2025,2025-02-07
113200.0,35.0,1,34000,3.87534,43.611415,2025,2025-01-28
638000.0,182.0,5,34000,3.876714,43.60696,2025,2025-01-20
217730.0,50.0,2,34000,3.907961,43.607285,2025,2025-01-27
192580.0,70.0,2,34000,3.877987,43.60916,2025,2025-01-31
180000.0,41.0,1,34000,3.89248,43.613723,2025,2025-01-24
137000.0,105.0,3,34000,3.868912,43.601163,2025,2025-01-30
145000.0,112.0,3,34000,3.868912,43.601163,2025,2025-01-30
146520.0,64.0,3,34080,3.826704,43.613257,2025,2025-02-06
120000.0,31.0,2,34000,3.872826,43.609637,2025,2025-01-27
243850.0,75.0,3,34090,3.859375,43.624466,2025,2025-01-27
117370.0,24.0,1,34000,3.877,43.612793,2025,2025-01-24
155460.0,44.0,2,34080,3.832413,43.634911,2025,2025-01-28
107000.0,35.0,1,34070,3.864018,43.606172,2025,2025-01-24
408000.0,77.0,3,34090,3.870145,43.621662,2025,2025-02-03
84950.0,25.0,1,34000,3.87346,43.611969,2025,2025-01-22
282000.0,85.0,4,34070,3.866826,43.608635,2025,2025-02-06
188000.0,42.0,2,34000,3.887901,43.627569,2025,2025-01-30
125000.0,50.0,2,34070,3.86604,43.596752,2025,2025-02-04
201100.0,81.0,4,34070,3.841297,43.604181,2025,2025-01-29
182000.0,64.0,3,34080,3.841279,43.620456,2025,2025-02-05
322350.0,81.0,4,34000,3.902474,43.601863,2025,2025-02-13
133800.0,30.0,2,34090,3.890575,43.627295,2025,2025-02-12
164500.0,90.0,5,34080,3.841541,43.621563,2025,2025-01-29
183600.0,78.0,3,34070,3.889789,43.594165,2025,2025-01-24
285000.0,83.0,4,34000,3.89571,43.60574,2025,2025-01-24
149000.0,59.0,3,34090,3.838592,43.639014,2025,2025-02-03
185000.0,70.0,3,34000,3.874341,43.602059,2025,2025-02-11
89000.0,33.0,1,34000,3.87141,43.60326,2025,2025-02-07
150000.0,42.0,2,34000,3.882328,43.602596,2025,2025-01-30
187000.0,84.0,3,34000,3.905373,43.597271,2025,2025-01-30
315100.0,90.0,4,34070,3.857121,43.580921,2025,2025-01-30
69400.0,16.0,1,34000,3.867021,43.609952,2025,2025-02-10
116170.0,63.0,3,34080,3.82318,43.614018,2025,2025-01-30
332000.0,87.0,4,34070,3.85988,43.583322,2025,2025-01-30
145000.0,42.0,3,34070,3.883047,43.605856,2025,2025-01-27
145000.0,46.0,2,34000,3.895451,43.62403,2025,2025-02-10
187000.0,55.0,3,34070,3.863018,43.60958,2025,2025-01-29
155000.0,56.0,2,34070,3.859954,43.607871,2025,2025-01-31
355000.0,90.0,4,34070,3.863526,43.617745,2025,2025-02-07
355000.0,90.0,4,34070,3.864997,43.609028,2025,2025-01-31
150000.0,77.0,3,34080,3.841634,43.61433,2025,2025-01-31
322200.0,100.0,3,34000,3.879037,43.609909,2025,2025-02-06
130000.0,34.0,2,34070,3.894736,43.601725,2025,2025-01-30
142700.0,32.0,1,34000,3.895154,43.60583,2025,2025-02-05
340000.0,87.0,5,34000,3.874707,43.606032,2025,2025-02-11
240300.0,62.0,3,34000,3.910937,43.605336,2025,2025-02-11
165000.0,30.0,2,34000,3.877008,43.609096,2025,2025-01-28
242000.0,77.0,4,34090,3.875671,43.628496,2025,2025-01-31
98000.0,30.0,2,34080,3.824645,43.636044,2025,2025-01-28
190000.0,59.0,3,34070,3.884083,43.595043,2025,2025-02-04
234000.0,43.0,2,34000,3.86868,43.603069,2025,2025-01-31
181900.0,73.0,4,34080,3.831528,43.613498,2025,2025-02-10
182000.0,95.0,4,34070,3.867489,43.594589,2025,2025-02-05
74800.0,21.0,1,34070,3.857794,43.612319,2025,2025-02-04
75150.0,20.0,1,34000,3.870271,43.613908,2025,2025-02-06
97000.0,33.0,1,34070,3.859226,43.582326,2025,2025-02-13
179167.0,62.0,3,34070,3.863742,43.59048,2025,2025-02-10
126350.0,63.0,3,34080,3.843839,43.619515,2025,2025-01-31
238100.0,86.0,4,34000,3.891014,43.613888,2025,2025-02-07
150000.0,40.0,2,34070,3.859226,43.582326,2025,2025-01-29
132050.0,63.0,3,34080,3.827944,43.612713,2025,2025-01-30
163000.0,46.0,2,34000,3.883519,43.618439,2025,2025-02-07
174000.0,72.0,4,34080,3.83335,43.614084,2025,2025-02-18
232600.0,72.0,3,34000,3.890749,43.606067,2025,2025-01-30
130000.0,38.0,2,34000,3.87308,43.610442,2025,2025-01-24
183000.0,47.0,2,34070,3.894147,43.60314,2025,2025-01-20
268346.0,86.0,4,34070,3.881063,43.595863,2025,2025-02-13
304000.0,90.0,4,34000,3.881721,43.608335,2025,2025-02-04
94100.0,71.0,4,34080,3.844427,43.621061,2025,2025-02-04
140100.0,66.0,4,34070,3.882773,43.596636,2025,2025-01-31
143000.0,44.0,2,34070,3.830582,43.606811,2025,2025-02-11
135000.0,56.0,2,34070,3.846225,43.615092,2025,2025-01-29
68000.0,20.0,1,34070,3.857794,43.612319,2025,2025-02-03
198900.0,60.0,3,34090,3.840041,43.639678,2025,2025-02-03
56000.0,39.0,2,34000,3.882103,43.604896,2025,2025-01-23
255500.0,62.0,3,34070,3.85876,43.581164,2025,2025-02-06
216000.0,75.0,3,34070,3.867489,43.594589,2025,2025-02-13
265000.0,61.0,3,34000,3.898506,43.600792,2025,2025-01-28
200000.0,102.0,5,34070,3.864743,43.587044,2025,2025-01-31
84000.0,44.0,2,34070,3.84918,43.61505,2025,2025-02-10
81000.0,23.0,1,34070,3.891022,43.590893,2025,2025-01-31
150000.0,44.0,2,34090,3.872926,43.637811,2025,2025-01-30
115000.0,34.0,2,34000,3.881407,43.606219,2025,2025-02-06
300000.0,62.0,2,34000,3.869258,43.60874,2025,2025-02-06
87460.0,19.0,1,34000,3.895381,43.603174,2025,2025-02-13
110000.0,28.0,2,34070,3.892521,43.598181,2025,2025-02-18
135000.0,37.0,2,34000,3.891104,43.606692,2025,2025-02-05
130000.0,25.0,1,34000,3.87451,43.610648,2025,2025-02-05
130000.0,41.0,2,34090,3.859971,43.641182,2025,2025-02-05
131780.0,22.0,1,34000,3.897596,43.602334,2025,2025-01-31
88520.0,23.0,1,34090,3.849118,43.636798,2025,2025-02-07
134000.0,44.0,2,34070,3.830582,43.606811,2025,2025-02-04
73000.0,31.0,1,34070,3.878927,43.593629,2025,2025-02-13
280000.0,83.0,3,34000,3.891104,43.606692,2025,2025-02-13
240319.0,58.0,2,34070,3.861449,43.601519,2025,2025-02-07
148000.0,35.0,1,34000,3.87514,43.612246,2025,2025-02-03
229265.0,56.0,2,34070,3.861449,43.601519,2025,2025-02-07
217600.0,52.0,2,34090,3.887617,43.62973,2025,2025-02-12
320000.0,71.0,3,34000,3.88484,43.626886,2025,2025-02-11
169700.0,53.0,3,34000,3.869785,43.603879,2025,2025-02-13
75000.0,18.0,1,34090,3.856912,43.631842,2025,2025-02-07
300000.0,65.0,3,34090,3.880668,43.63328,2025,2025-02-10
88000.0,22.0,1,34000,3.877414,43.613786,2025,2025-01-31
80000.0,35.0,2,34070,3.83024,43.610274,2025,2025-02-12
155000.0,39.0,3,34000,3.880583,43.616637,2025,2025-02-05
106000.0,20.0,1,34090,3.876611,43.617402,2025,2025-02-06
195000.0,64.0,3,34000,3.878875,43.609284,2025,2025-02-12
147000.0,40.0,2,34090,3.855792,43.636884,2025,2025-02-14
304000.0,72.0,4,34090,3.873657,43.624511,2025,2025-02-10
73626.0,16.0,1,34000,3.869036,43.604733,2025,2025-02-14
85000.0,42.0,2,34070,3.858589,43.604739,2025,2025-02-14
130000.0,40.0,2,34070,3.857006,43.588056,2025,2025-02-13
153000.0,40.0,2,34000,3.884264,43.598072,2025,2025-02-12
330000.0,61.0,3,34090,3.885254,43.625056,2025,2025-02-13
126806.0,43.0,2,34070,3.844996,43.615645,2025,2025-02-06
102000.0,24.0,1,34000,3.873132,43.606208,2025,2025-02-03
189000.0,45.0,2,34000,3.890077,43.617269,2025,2025-02-04
200000.0,42.0,2,34000,3.902211,43.596053,2025,2025-02-13
334800.0,77.0,4,34000,3.876561,43.607047,2025,2025-02-18
240000.0,117.0,5,34000,3.88963,43.613894,2025,2025-02-03
302750.0,75.0,4,34000,3.893338,43.614081,2025,2025-02-14
238900.0,100.0,5,34090,3.878987,43.622238,2025,2025-01-27
142500.0,69.0,3,34090,3.852553,43.621567,2025,2025-02-18
155000.0,72.0,3,34070,3.833325,43.597931,2025,2025-02-11
114000.0,26.0,1,34000,3.895154,43.60583,2025,2025-01-30
91964.0,49.0,2,34080,3.826286,43.613981,2025,2025-02-11
163800.0,38.0,2,34000,3.889476,43.612657,2025,2025-01-28
126500.0,35.0,2,34080,3.840425,43.62456,2025,2025-02-14
218000.0,52.0,2,34000,3.902173,43.606644,2025,2025-02-17
95000.0,50.0,2,34070,3.866464,43.591485,2025,2025-02-05
199000.0,40.0,2,34000,3.903771,43.607477,2025,2025-02-06
88000.0,25.0,1,34090,3.84562,43.627769,2025,2025-02-11
88000.0,17.0,1,34090,3.844744,43.633909,2025,2025-02-06
98120.0,28.0,1,34000,3.873603,43.602929,2025,2025-02-25
140000.0,43.0,2,34000,3.879423,43.608843,2025,2025-02-12
297719.0,76.0,3,34070,3.86008,43.582786,2025,2025-02-18
47250.0,28.0,1,34070,3.830239,43.610672,2025,2025-02-12
163000.0,76.0,4,34070,3.859111,43.584012,2025,2025-02-20
150000.0,38.0,2,34000,3.878087,43.601472,2025,2025-02-10
81880.0,50.0,2,34090,3.873657,43.624511,2025,2025-02-13
64900.0,22.0,1,34080,3.824762,43.632548,2025,2025-02-13
145920.0,80.0,4,34000,3.870559,43.60767,2025,2025-02-12
255300.0,76.0,3,34090,3.881026,43.615157,2025,2025-02-18
265900.0,115.0,3,34000,3.884526,43.62034,2025,2025-02-20
370000.0,69.0,3,34070,3.865147,43.58615,2025,2025-02-03
210000.0,68.0,4,34000,3.858643,43.618409,2025,2025-02-24
306050.0,64.0,3,34070,3.894138,43.596185,2025,2025-02-18
180000.0,69.0,3,34070,3.846077,43.61599,2025,2025-02-18
236000.0,85.0,3,34000,3.872597,43.610609,2025,2025-02-13
100125.0,19.0,1,34000,3.898506,43.601685,2025,2025-02-24
150950.0,36.0,1,34000,3.876294,43.612238,2025,2025-02-12
266900.0,58.0,3,34000,3.902657,43.597912,2025,2025-02-20
206000.0,45.0,2,34070,3.894584,43.600902,2025,2025-02-27
260600.0,66.0,4,34000,3.860218,43.614319,2025,2025-02-07
67000.0,23.0,1,34080,3.844517,43.622445,2025,2025-01-31
150000.0,42.0,2,34000,3.879599,43.601765,2025,2025-02-18
155000.0,34.0,2,34070,3.893436,43.601288,2025,2025-02-12
155000.0,76.0,3,34070,3.888931,43.594838,2025,2025-02-21
264944.0,78.0,4,34070,3.85876,43.581164,2025,2025-02-21
201721.0,98.0,5,34080,3.837422,43.613032,2025,2025-02-17
130330.0,48.0,2,34070,3.854287,43.601316,2025,2025-02-14
245000.0,78.0,4,34090,3.868906,43.621781,2025,2025-02-25
335000.0,120.0,4,34000,3.889536,43.607413,2025,2025-02-13
536500.0,91.0,4,34000,3.869048,43.615726,2025,2025-02-20
220000.0,51.0,2,34000,3.873198,43.601834,2025,2025-02-11
323380.0,80.0,3,34000,3.869934,43.607906,2025,2025-02-04
202000.0,63.0,3,34000,3.893083,43.609122,2025,2025-02-20
250000.0,73.0,5,34000,3.893796,43.605541,2025,2025-02-14
143000.0,44.0,2,34080,3.828586,43.635161,2025,2025-02-20
155000.0,51.0,2,34070,3.878797,43.592447,2025,2025-02-19
198700.0,68.0,1,34000,3.874823,43.610618,2025,2025-02-12
114140.0,23.0,1,34070,3.8933,43.599944,2025,2025-02-26
180350.0,75.0,4,34080,3.834674,43.610876,2025,2025-02-21
25000.0,9.0,1,34000,3.884308,43.602273,2025,2025-02-25
219900.0,59.0,3,34090,3.861904,43.625018,2025,2025-02-17
88710.0,29.0,3,34000,3.877808,43.613378,2025,2025-02-12
140000.0,40.0,1,34000,3.891014,43.613888,2025,2025-02-25
315675.0,62.0,3,34090,3.873038,43.63511,2025,2025-02-27
107500.0,36.0,2,34070,3.850502,43.590976,2025,2025-02-25
92700.0,25.0,1,34090,3.854339,43.623523,2025,2025-02-18
210180.0,114.0,6,34080,3.824806,43.615382,2025,2025-02-11
67000.0,24.0,1,34080,3.822144,43.623868,2025,2025-02-27
156600.0,73.0,4,34070,3.868421,43.594405,2025,2025-02-26
216650.0,52.0,2,34000,3.910656,43.607407,2025,2025-02-14
217000.0,64.0,3,34070,3.884761,43.58811,2025,2025-02-07
136200.0,48.0,2,34090,3.850771,43.634189,2025,2025-02-20
220000.0,69.0,2,34000,3.87809,43.609023,2025,2025-02-21
126980.0,38.0,1,34000,3.886762,43.6266,2025,2025-02-14
210000.0,65.0,3,34000,3.879905,43.602458,2025,2025-02-27
192000.0,53.0,2,34090,3.859375,43.624466,2025,2025-02-05
116500.0,38.0,2,34070,3.83024,43.610274,2025,2025-02-17
93900.0,35.0,2,34000,3.870866,43.602969,2025,2025-02-18
138000.0,33.0,2,34090,3.844188,43.640541,2025,2025-02-12
168000.0,62.0,3,34070,3.890619,43.599089,2025,2025-02-11
207000.0,69.0,3,34080,3.832413,43.634911,2025,2025-02-14
221000.0,65.0,3,34070,3.856158,43.580939,2025,2025-02-25
343470.0,102.0,4,34000,3.897996,43.603349,2025,2025-02-17
280000.0,102.0,4,34000,3.884515,43.614454,2025,2025-02-13
348600.0,78.0,3,34090,3.885027,43.625545,2025,2025-02-24
95000.0,36.0,2,34080,3.834232,43.61513,2025,2025-02-06
18000.0,13.0,1,34080,3.82901,43.613572,2025,2025-02-07
198000.0,92.0,5,34070,3.86751,43.591005,2025,2025-02-21
269000.0,68.0,3,34080,3.829838,43.632249,2025,2025-02-20
92000.0,59.0,3,34070,3.854287,43.601316,2025,2025-02-11
155000.0,68.0,4,34080,3.844554,43.61491,2025,2025-02-13
101300.0,29.0,1,34070,3.879735,43.595049,2025,2025-02-14
102030.0,38.0,2,34080,3.82805,43.614783,2025,2025-02-24
85000.0,18.0,1,34090,3.856655,43.631871,2025,2025-02-26
235226.5,70.0,3,34000,3.874068,43.605752,2025,2025-02-20
165528.0,36.0,1,34000,3.875645,43.605371,2025,2025-02-12
80000.0,20.0,1,34000,3.88206,43.602136,2025,2025-02-27
96500.0,20.0,1,34090,3.866588,43.635257,2025,2025-01-15
180000.0,65.0,3,34070,3.86213,43.604886,2025,2025-02-13
61000.0,20.0,1,34090,3.861904,43.625018,2025,2025-02-25
85000.0,49.0,2,34000,3.895381,43.603174,2025,2025-02-21
136000.0,34.0,2,34000,3.884472,43.601385,2025,2025-02-13
230750.0,84.0,4,34070,3.846875,43.59517,2025,2025-02-28
145000.0,79.0,4,34070,3.864628,43.594644,2025,2025-02-27
66000.0,18.0,1,34000,3.882607,43.604442,2025,2025-02-06
160000.0,70.0,4,34070,3.88077,43.596746,2025,2025-02-18
216195.0,79.0,4,34090,3.860056,43.640959,2025,2025-02-28
160000.0,66.0,3,34080,3.841269,43.615326,2025,2025-02-26
43000.0,17.0,1,34080,3.837947,43.613467,2025,2025-02-28
167000.0,34.0,1,34090,3.881337,43.615467,2025,2025-02-25
186000.0,105.0,6,34080,3.841541,43.621563,2025,2025-02-27
79300.0,22.0,1,34000,3.87975,43.614015,2025,2025-02-19
147000.0,56.0,3,34070,3.852007,43.606634,2025,2025-03-04
135000.0,33.0,1,34090,3.880986,43.6261,2025,2025-02-06
162500.0,80.0,4,34070,3.854287,43.601316,2025,2025-02-10
206700.0,73.0,5,34000,3.893796,43.605541,2025,2025-02-13
262500.0,105.0,3,34000,3.875064,43.608847,2025,2025-02-12
231300.0,66.0,3,34000,3.870829,43.601918,2025,2025-02-24
95000.0,33.0,2,34000,3.879209,43.613774,2025,2025-02-18
227600.0,63.0,3,34070,3.852788,43.589228,2025,2025-02-26
300000.0,64.0,3,34000,3.890608,43.605672,2025,2025-02-18
210000.0,68.0,3,34000,3.886762,43.6266,2025,2025-03-03
140700.0,50.0,2,34070,3.834406,43.610006,2025,2025-03-07
197500.0,36.0,2,34000,3.875591,43.609931,2025,2025-02-25
202250.0,51.0,2,34090,3.883061,43.62655,2025,2025-02-11
523400.0,137.0,5,34000,3.861365,43.618474,2025,2025-02-28
237300.0,66.0,3,34000,3.881668,43.607565,2025,2025-02-28
108000.0,51.0,2,34080,3.827372,43.612342,2025,2025-02-11
75000.0,50.0,2,34070,3.868984,43.592641,2025,2025-02-14
452000.0,105.0,5,34090,3.878987,43.622238,2025,2025-02-24
247100.0,83.0,4,34090,3.872535,43.618167,2025,2025-02-27
129000.0,59.0,3,34070,3.854287,43.601316,2025,2025-02-18
204340.0,82.0,4,34070,3.865073,43.59448,2025,2025-03-06
200000.0,66.0,3,34070,3.858043,43.590199,2025,2025-02-21
131200.0,49.0,2,34070,3.854993,43.593074,2025,2025-02-18
114000.0,26.0,1,34000,3.90586,43.613163,2025,2025-02-25
128150.0,37.0,2,34070,3.847952,43.59103,2025,2025-02-19
308120.0,65.0,3,34000,3.906945,43.599858,2025,2025-02-14
65400.0,22.0,1,34080,3.824762,43.632548,2025,2025-03-06
262000.0,78.0,4,34000,3.872702,43.601172,2025,2025-02-26
213698.0,64.0,3,34070,3.852017,43.58965,2025,2025-02-28
271000.0,105.0,5,34070,3.872453,43.594416,2025,2025-02-26
311542.78,79.0,3,34000,3.886231,43.603792,2025,2025-02-21
143000.0,81.0,5,34080,3.842248,43.614891,2025,2025-03-07
92000.0,17.0,1,34090,3.873657,43.624511,2025,2025-02-28
113060.0,43.0,2,34000,3.8731,43.608103,2025,2025-02-27
177175.0,70.0,4,34070,3.87385,43.594873,2025,2025-02-21
203717.0,88.0,5,34080,3.841541,43.621563,2025,2025-02-21
279000.0,64.0,3,34070,3.86419,43.584465,2025,2025-03-04
207740.0,79.0,3,34070,3.86604,43.596752,2025,2025-02-27
82650.0,16.0,1,34070,3.88342,43.605127,2025,2025-03-07
100000.0,21.0,1,34070,3.891022,43.590893,2025,2025-02-26
105000.0,28.0,1,34000,3.88455,43.606501,2025,2025-03-07
189050.0,48.0,2,34070,3.85646,43.607908,2025,2025-03-03
220000.0,66.0,3,34090,3.840041,43.639678,2025,2025-02-27
245250.0,63.0,3,34000,3.86706,43.617116,2025,2025-02-14
115000.0,30.0,1,34000,3.889078,43.622388,2025,2025-03-03
179000.0,70.0,4,34070,3.875006,43.594018,2025,2025-02-19
182500.0,63.0,3,34070,3.851531,43.589201,2025,2025-02-24
173000.0,67.0,3,34070,3.885038,43.605939,2025,2025-02-28
173000.0,55.0,3,34000,3.869143,43.60397,2025,2025-02-20
216500.0,67.0,4,34000,3.894306,43.623446,2025,2025-02-28
139000.0,42.0,2,34090,3.86199,43.628048,2025,2025-02-26
165000.0,46.0,2,34070,3.854115,43.600002,2025,2025-02-10
212000.0,83.0,4,34070,3.846077,43.61599,2025,2025-03-05
109000.0,55.0,3,34070,3.883988,43.591519,2025,2025-02-14
195000.0,49.0,2,34080,3.835318,43.632845,2025,2025-03-05
160000.0,40.0,2,34070,3.856882,43.616024,2025,2025-02-25
359000.0,68.0,3,34090,3.876873,43.628554,2025,2025-02-24
272000.0,63.0,3,34000,3.902597,43.598364,2025,2025-03-07
78000.0,22.0,1,34070,3.866584,43.607481,2025,2025-03-06
140000.0,29.0,1,34000,3.901812,43.607064,2025,2025-03-06
139000.0,88.0,4,34080,3.847029,43.620116,2025,2025-02-25
185000.0,52.0,2,34070,3.848472,43.58998,2025,2025-03-07
231000.0,70.0,3,34000,3.874161,43.60424,2025,2025-03-11
270280.0,62.0,3,34070,3.85675,43.611173,2025,2025-03-03
487140.0,96.0,4,34070,3.860218,43.582009,2025,2025-03-12
107500.0,41.0,2,34070,3.88571,43.584374,2025,2025-02-21
292450.0,98.0,5,34070,3.854115,43.600002,2025,2025-03-03
130000.0,59.0,2,34070,3.85612,43.608643,2025,2025-03-10
212000.0,46.0,1,34000,3.877996,43.608807,2025,2025-03-11
335000.0,66.0,3,34090,3.873922,43.620205,2025,2025-03-03
75000.0,40.0,2,34080,3.834783,43.610607,2025,2025-03-10
380000.0,73.0,3,34000,3.900839,43.59718,2025,2025-03-07
110000.0,50.0,2,34090,3.873657,43.624511,2025,2025-02-28
121500.0,57.0,2,34000,3.884908,43.609836,2025,2025-03-06
406245.0,85.0,4,34000,3.904016,43.598775,2025,2025-03-07
133000.0,71.0,4,34090,3.865065,43.625555,2025,2025-03-03
161250.0,47.0,2,34070,3.894621,43.601665,2025,2025-02-21
169999.0,48.0,2,34070,3.851531,43.589201,2025,2025-02-26
185000.0,57.0,3,34000,3.860218,43.614319,2025,2025-02-18
160000.0,36.0,2,34000,3.902173,43.606644,2025,2025-02-28
84000.0,21.0,1,34000,3.882486,43.61865,2025,2025-02-28
211550.0,67.0,4,34070,3.861343,43.604218,2025,2025-03-03
117500.0,32.0,1,34000,3.89053,43.606605,2025,2025-03-07
525000.0,97.0,4,34070,3.897883,43.596443,2025,2025-03-03
83000.0,18.0,1,34090,3.856655,43.631871,2025,2025-03-07
110000.0,73.0,4,34080,3.834593,43.614124,2025,2025-03-07
490000.0,130.0,5,34000,3.880225,43.608115,2025,2025-02-19
487500.0,106.0,4,34000,3.877627,43.610622,2025,2025-03-07
120000.0,31.0,1,34090,3.873363,43.620218,2025,2025-03-12
116000.0,23.0,1,34000,3.888465,43.621058,2025,2025-02-20
233706.0,62.0,3,34000,3.889267,43.606138,2025,2025-03-10
160000.0,79.0,4,34070,3.853021,43.606727,2025,2025-03-11
163400.0,60.0,3,34070,3.88845,43.595934,2025,2025-03-03
324000.0,96.0,4,34090,3.875671,43.628496,2025,2025-02-28
159700.0,32.0,2,34000,3.872099,43.612259,2025,2025-03-10
103070.0,20.0,1,34000,3.874469,43.608138,2025,2025-03-05
139000.0,45.0,2,34090,3.856655,43.639738,2025,2025-02-27
212000.0,75.0,4,34090,3.871224,43.627565,2025,2025-02-27
66900.0,22.0,1,34080,3.824762,43.632548,2025,2025-03-12
385000.0,150.0,5,34000,3.868486,43.606413,2025,2025-02-19
155000.0,44.0,2,34070,3.884083,43.595043,2025,2025-02-21
200000.0,70.0,3,34000,3.866741,43.626741,2025,2025-03-11
154000.0,49.0,2,34070,3.874282,43.597166,2025,2025-02-20
155870.0,82.0,4,34080,3.837422,43.613032,2025,2025-03-04
160235.0,79.0,5,34070,3.883533,43.592737,2025,2025-03-12
141000.0,32.0,1,34000,3.893366,43.606043,2025,2025-03-07
235300.0,90.0,4,34080,3.83588,43.621424,2025,2025-03-03
230000.0,85.0,4,34090,3.877537,43.617232,2025,2025-01-08
145000.0,41.0,2,34090,3.880783,43.615687,2025,2025-02-14
146616.0,67.0,3,34000,3.901851,43.596465,2025,2025-03-13
183200.0,72.0,3,34070,3.85612,43.608643,2025,2025-03-07
203000.0,77.0,4,34070,3.864628,43.594644,2025,2025-03-07
160000.0,43.0,2,34070,3.894621,43.601665,2025,2025-03-06
148000.0,75.0,3,34080,3.831137,43.618123,2025,2025-03-11
351300.0,70.0,3,34000,3.90197,43.597484,2025,2025-03-03
77000.0,63.0,3,34080,3.814319,43.622395,2025,2025-03-11
100700.0,19.0,1,34000,3.876846,43.61187,2025,2025-02-19
83000.0,23.0,1,34090,3.871312,43.629774,2025,2025-03-05
91000.0,30.0,1,34090,3.840836,43.627719,2025,2025-02-26
269150.0,61.0,3,34000,3.900205,43.597928,2025,2025-03-05
180000.0,53.0,2,34070,3.865751,43.609601,2025,2025-02-27
185000.0,82.0,3,34070,3.86604,43.596752,2025,2025-02-28
58000.0,17.0,1,34000,3.882343,43.607543,2025,2025-03-07
360500.0,119.0,4,34090,3.850333,43.624935,2025,2025-03-04
235000.0,67.0,3,34000,3.89494,43.610898,2025,2025-03-11
379245.0,86.0,4,34070,3.891979,43.593619,2025,2025-02-22
97000.0,53.0,2,34080,3.830119,43.615175,2025,2025-03-14
60000.0,44.0,2,34090,3.84733,43.631203,2025,2025-03-10
92700.0,20.0,1,34000,3.864602,43.611239,2025,2025-02-26
180000.0,47.0,2,34000,3.879814,43.613641,2025,2025-03-07
130000.0,60.0,2,34000,3.879984,43.613358,2025,2025-02-20
125000.0,30.0,2,34090,3.853251,43.622942,2025,2025-03-20
325320.0,146.0,6,34000,3.891014,43.613888,2025,2025-03-07
243000.0,64.0,3,34000,3.883519,43.618439,2025,2025-03-11
98970.0,44.0,2,34080,3.825682,43.614571,2025,2025-03-04
137000.0,59.0,2,34080,3.830119,43.615175,2025,2025-03-12
194420.0,69.0,3,34070,3.848269,43.597418,2025,2025-03-11
81250.0,55.0,2,34080,3.814024,43.639114,2025,2025-03-11
97145.0,17.0,1,34000,3.879438,43.613186,2025,2025-03-11
193000.0,57.0,3,34070,3.881181,43.591522,2025,2025-03-13
162000.0,38.0,2,34070,3.881181,43.591522,2025,2025-03-14
278700.0,78.0,2,34000,3.879415,43.613155,2025,2025-03-13
203600.0,70.0,4,34070,3.854115,43.600002,2025,2025-03-17
325250.0,72.0,3,34070,3.885038,43.605939,2025,2025-03-17
235900.0,58.0,2,34000,3.876811,43.606577,2025,2025-03-12
198500.0,74.0,3,34090,3.840836,43.627719,2025,2025-03-10
77000.0,38.0,1,34070,3.846077,43.61599,2025,2025-02-24
220610.0,51.0,3,34070,3.894584,43.600902,2025,2025-03-07
203800.0,71.0,3,34070,3.856592,43.592341,2025,2025-03-12
65254.0,22.0,2,34070,3.85269,43.603029,2025,2025-02-25
120000.0,33.0,2,34090,3.863024,43.640576,2025,2025-03-07
230000.0,53.0,2,34000,3.877361,43.604958,2025,2025-03-10
128500.0,30.0,1,34000,3.873248,43.612295,2025,2025-03-13
94155.0,78.0,4,34070,3.886522,43.592608,2025,2025-03-10
63000.0,24.0,1,34000,3.883618,43.601982,2025,2025-03-21
158000.0,43.0,2,34070,3.879735,43.595049,2025,2025-03-03
85100.0,66.0,3,34080,3.81896,43.633792,2025,2025-03-13
110000.0,23.0,1,34090,3.873335,43.628374,2025,2025-03-17
64500.0,18.0,1,34000,3.881009,43.607324,2025,2025-03-11
225000.0,68.0,3,34000,3.879605,43.61333,2025,2025-03-18
110000.0,28.0,1,34000,3.906581,43.613534,2025,2025-03-19
210000.0,53.0,2,34000,3.866839,43.613465,2025,2025-03-03
266333.0,63.0,3,34000,3.866257,43.605449,2025,2025-03-14
169000.0,69.0,4,34070,3.887125,43.602424,2025,2025-03-22
300000.0,76.0,5,34000,3.873001,43.607041,2025,2025-03-06
274000.0,97.0,3,34000,3.876958,43.613895,2025,2025-03-11
130000.0,33.0,2,34090,3.844188,43.640541,2025,2025-03-12
139600.0,47.0,2,34090,3.854914,43.639456,2025,2025-03-20
160000.0,59.0,3,34070,3.844998,43.595063,2025,2025-03-10
162800.0,63.0,3,34070,3.862491,43.589423,2025,2025-03-03
116500.0,70.0,3,34070,3.839643,43.614007,2025,2025-03-20
96000.0,21.0,1,34000,3.884479,43.606502,2025,2025-03-12
217000.0,42.0,2,34000,3.902597,43.598364,2025,2025-03-13
225000.0,80.0,4,34070,3.851154,43.607077,2025,2025-02-26
250000.0,134.0,5,34070,3.854769,43.608058,2025,2025-03-12
176000.0,44.0,2,34070,3.864997,43.609028,2025,2025-03-14
105000.0,37.0,2,34000,3.865803,43.6107,2025,2025-03-18
140000.0,64.0,3,34000,3.895451,43.62403,2025,2025-03-03
193600.0,90.0,5,34070,3.868984,43.592641,2025,2025-03-17
162000.0,47.0,2,34070,3.894147,43.60314,2025,2025-03-21
231900.0,67.0,4,34000,3.858643,43.618409,2025,2025-03-12
665350.0,123.0,5,34000,3.887901,43.627569,2025,2025-03-20
250715.0,85.0,4,34070,3.874311,43.589843,2025,2025-03-12
115000.0,53.0,2,34070,3.874328,43.59028,2025,2025-03-11
145000.0,47.0,2,34090,3.852002,43.62535,2025,2025-03-17
80000.0,18.0,1,34090,3.856229,43.633435,2025,2025-03-18
122390.0,67.0,3,34070,3.883988,43.591519,2025,2025-03-12
241000.0,60.0,2,34090,3.84402,43.641391,2025,2025-03-21
186600.0,88.0,4,34070,3.864542,43.600512,2025,2025-03-17
105000.0,48.0,2,34070,3.868984,43.592641,2025,2025-03-07
235800.0,94.0,3,34000,3.880291,43.603508,2025,2025-03-04
69500.0,22.0,1,34080,3.824762,43.632548,2025,2025-03-14
107000.0,40.0,2,34070,3.867128,43.596109,2025,2025-03-14
237000.0,91.0,4,34070,3.850961,43.591494,2025,2025-03-07
165000.0,64.0,3,34000,3.878104,43.598563,2025,2025-03-06
477560.0,99.0,4,34000,3.865704,43.617114,2025,2025-03-07
222371.0,70.0,3,34090,3.873657,43.624511,2025,2025-03-24
77000.0,20.0,1,34000,3.866493,43.609386,2025,2025-03-04
711090.0,126.0,6,34000,3.874408,43.611072,2025,2025-03-07
105000.0,17.0,1,34000,3.896269,43.605244,2025,2025-03-25
102500.0,25.0,1,34000,3.877179,43.613171,2025,2025-03-12
300000.0,77.0,3,34090,3.880655,43.622579,2025,2025-03-17
305000.0,83.0,4,34000,3.88786,43.60634,2025,2025-03-12
145000.0,79.0,4,34070,3.871429,43.595557,2025,2025-03-11
186250.0,90.0,3,34000,3.868912,43.601163,2025,2025-02-28
94100.0,23.0,1,34000,3.892298,43.612749,2025,2025-03-05
507500.0,210.0,6,34000,3.876684,43.608443,2025,2025-03-19
113000.0,30.0,1,34070,3.849805,43.591392,2025,2025-03-19
150000.0,70.0,4,34070,3.85736,43.608531,2025,2025-03-03
90000.0,18.0,1,34090,3.856655,43.631871,2025,2025-03-26
120875.0,54.0,2,34080,3.841269,43.615326,2025,2025-03-20
146900.0,42.0,2,34070,3.852732,43.587933,2025,2025-03-20
123000.0,25.0,2,34070,3.885065,43.605172,2025,2025-03-04
148750.0,60.0,3,34080,3.832152,43.611662,2025,2025-03-18
115000.0,34.0,2,34090,3.855248,43.621569,2025,2025-03-25
306950.0,75.0,3,34000,3.902972,43.60132,2025,2025-03-19
355601.0,75.0,3,34070,3.862541,43.617304,2025,2025-03-06
120500.0,35.0,2,34000,3.869365,43.615667,2025,2025-03-24
285000.0,74.0,4,34000,3.868186,43.61431,2025,2025-03-20
217000.0,72.0,3,34070,3.854115,43.600002,2025,2025-03-07
77200.0,18.0,1,34090,3.838355,43.640196,2025,2025-02-28
198329.0,67.0,2,34070,3.885235,43.593968,2025,2025-03-18
185000.0,54.0,2,34070,3.857006,43.588056,2025,2025-03-25
120000.0,40.0,2,34080,3.82366,43.613502,2025,2025-03-18
78000.0,18.0,1,34090,3.856655,43.631871,2025,2025-03-14
200000.0,83.0,4,34070,3.836052,43.608116,2025,2025-03-07
343800.0,71.0,3,34000,3.897523,43.60294,2025,2025-03-07
80150.0,22.0,2,34090,3.877472,43.614973,2025,2025-03-21
165300.0,78.0,4,34070,3.867508,43.59242,2025,2025-03-19
140000.0,68.0,4,34080,3.830808,43.615516,2025,2025-03-13
209640.0,47.0,2,34000,3.897429,43.602694,2025,2025-03-21
133000.0,27.0,1,34000,3.895154,43.60583,2025,2025-03-25
55000.0,20.0,1,34000,3.876033,43.614595,2025,2025-03-20
120000.0,51.0,2,34070,3.84918,43.61505,2025,2025-03-28
120500.0,33.0,2,34070,3.84659,43.598277,2025,2025-03-04
178000.0,56.0,3,34070,3.882335,43.595027,2025,2025-03-13
103000.0,22.0,1,34000,3.903563,43.599184,2025,2025-03-21
318425.12,99.0,4,34000,3.89102,43.61285,2025,2025-03-24
269753.0,126.0,4,34070,3.861449,43.601519,2025,2025-03-13
160000.0,30.0,1,34000,3.902597,43.598364,2025,2025-03-21
282000.0,73.0,3,34000,3.902474,43.601863,2025,2025-03-27
115900.0,34.0,1,34070,3.873263,43.591086,2025,2025-03-24
160000.0,42.0,1,34090,3.860056,43.640959,2025,2025-03-24
125000.0,22.0,1,34000,3.897596,43.602334,2025,2025-03-24
126000.0,42.0,2,34090,3.871045,43.628643,2025,2025-03-14
594670.0,110.0,3,34000,3.878869,43.611934,2025,2025-03-21
171200.0,43.0,2,34070,3.884584,43.604947,2025,2025-03-24
180000.0,60.0,3,34070,3.852732,43.587933,2025,2025-03-19
195000.0,98.0,5,34080,3.837422,43.613032,2025,2025-03-14
219000.0,59.0,3,34000,3.878087,43.601472,2025,2025-03-25
140000.0,107.0,5,34070,3.859954,43.607871,2025,2025-03-25
60000.0,49.0,1,34080,3.82899,43.613032,2025,2025-03-26
268900.0,77.0,4,34070,3.841407,43.59216,2025,2025-03-21
279667.1,75.0,3,34000,3.870932,43.600901,2025,2025-03-24
162120.0,42.0,2,34000,3.877454,43.606988,2025,2025-03-13
157502.0,70.0,3,34000,3.894063,43.618911,2025,2025-03-20
217700.0,66.0,3,34070,3.85352,43.587716,2025,2025-03-18
240000.0,60.0,3,34090,3.880986,43.6261,2025,2025-03-17
80220.0,18.0,1,34090,3.873724,43.632474,2025,2025-03-20
95000.0,41.0,2,34070,3.853884,43.605976,2025,2025-03-26
190000.0,66.0,4,34000,3.881668,43.607565,2025,2025-03-26
178000.0,28.0,2,34000,3.875141,43.60967,2025,2025-03-07
75000.0,25.0,1,34070,3.834528,43.609668,2025,2025-03-31
460000.0,105.0,4,34000,3.879659,43.604535,2025,2025-03-03
190000.0,82.0,4,34070,3.846875,43.59517,2025,2025-03-31
147200.0,30.0,2,34000,3.874527,43.608313,2025,2025-03-28
152000.0,55.0,2,34070,3.846225,43.615092,2025,2025-03-19
245000.0,76.0,4,34000,3.884168,43.607688,2025,2025-03-19
165000.0,43.0,2,34000,3.898506,43.600792,2025,2025-03-25
90000.0,32.0,2,34070,3.888931,43.594838,2025,2025-03-26
229000.0,48.0,2,34090,3.880655,43.622579,2025,2025-03-26
232000.0,52.0,2,34090,3.887617,43.62973,2025,2025-03-19
407000.0,102.0,4,34090,3.881515,43.617596,2025,2025-03-27
114850.0,26.0,1,34090,3.873223,43.632688,2025,2025-03-26
140260.0,64.0,3,34080,3.846396,43.620739,2025,2025-03-27
203000.0,80.0,3,34070,3.86452,43.607931,2025,2025-03-28
270000.0,70.0,3,34000,3.882493,43.608543,2025,2025-03-07
80000.0,32.0,2,34090,3.874442,43.618595,2025,2025-03-27
117950.0,27.0,1,34070,3.851842,43.591823,2025,2025-03-24
149000.0,70.0,3,34090,3.854344,43.620476,2025,2025-03-25
255000.0,66.0,3,34090,3.889078,43.625409,2025,2025-03-26
184000.0,47.0,2,34090,3.871303,43.626414,2025,2025-03-26
230000.0,67.0,3,34000,3.866903,43.605333,2025,2025-03-25
229000.0,65.0,3,34000,3.904648,43.610982,2025,2025-03-18
100000.0,48.0,3,34000,3.882236,43.604791,2025,2025-03-27
171000.0,43.0,2,34090,3.846838,43.62966,2025,2025-03-26
88000.0,18.0,1,34090,3.84733,43.631203,2025,2025-03-25
150000.0,38.0,2,34090,3.844744,43.633909,2025,2025-03-18
150000.0,48.0,2,34070,3.866636,43.60818,2025,2025-03-27
230000.0,84.0,4,34000,3.885496,43.626822,2025,2025-03-11
274650.0,100.0,4,34070,3.847008,43.614154,2025,2025-03-25
339000.0,67.0,3,34090,3.841912,43.639691,2025,2025-03-26
95000.0,19.0,1,34090,3.860896,43.627779,2025,2025-03-27
120000.0,46.0,2,34070,3.859954,43.607871,2025,2025-03-28
215000.0,71.0,3,34070,3.863242,43.605911,2025,2025-03-28
266550.0,72.0,3,34070,3.854115,43.600002,2025,2025-03-31
148935.0,29.0,1,34000,3.897641,43.601983,2025,2025-03-27
77350.0,25.0,1,34000,3.874279,43.609596,2025,2025-03-31
107374.0,86.0,5,34080,3.846196,43.621582,2025,2025-03-20
111000.0,25.0,1,34090,3.842796,43.634633,2025,2025-03-28
139000.0,38.0,2,34000,3.888395,43.614724,2025,2025-03-10
164000.0,66.0,3,34090,3.875671,43.628496,2025,2025-03-27
250000.0,109.0,4,34000,3.872466,43.602029,2025,2025-03-19
77500.0,24.0,1,34090,3.847191,43.62597,2025,2025-03-28
98980.0,21.0,1,34000,3.889734,43.606871,2025,2025-03-18
130000.0,39.0,2,34080,3.830573,43.633376,2025,2025-03-31
231000.0,70.0,4,34000,3.86706,43.617116,2025,2025-03-28
140000.0,79.0,4,34070,3.873296,43.595523,2025,2025-03-19
320200.0,66.0,3,34000,3.905319,43.599186,2025,2025-03-20
193650.0,44.0,2,34000,3.879199,43.608909,2025,2025-03-28
86000.0,21.0,1,34090,3.889849,43.632383,2025,2025-03-20
358855.0,193.0,5,34000,3.881156,43.601445,2025,2025-03-21
275000.0,61.0,2,34000,3.874264,43.609854,2025,2025-03-31
130000.0,34.0,2,34090,3.837875,43.6391,2025,2025-03-31
87000.0,72.0,4,34080,3.845616,43.621146,2025,2025-03-21
200920.0,51.0,4,34000,3.873442,43.609655,2025,2025-03-28
187000.0,74.0,3,34000,3.905373,43.597271,2025,2025-03-20
98642.0,22.0,1,34000,3.883279,43.603422,2025,2025-03-26
75000.0,50.0,2,34090,3.873657,43.624511,2025,2025-03-17
130000.0,48.0,2,34090,3.844188,43.640541,2025,2025-03-21
163300.0,40.0,2,34070,3.861388,43.588069,2025,2025-03-14
276363.0,53.0,3,34000,3.892574,43.619818,2025,2025-03-14
73500.0,19.0,1,34070,3.857794,43.612319,2025,2025-03-10
266000.0,97.0,4,34000,3.889959,43.605097,2025,2025-03-31
151500.0,49.0,2,34090,3.842617,43.640476,2025,2025-03-31
222400.0,46.0,2,34000,3.90354,43.59873,2025,2025-03-27
112000.0,27.0,1,34090,3.846838,43.62966,2025,2025-03-27
150000.0,57.0,2,34070,3.854115,43.600002,2025,2025-03-14
190050.0,73.0,3,34070,3.854993,43.593074,2025,2025-03-28
260000.0,90.0,3,34000,3.8763,43.605673,2025,2025-03-13
95750.0,18.0,1,34000,3.865518,43.610742,2025,2025-03-24
130000.0,34.0,2,34070,3.887432,43.604419,2025,2025-03-31
67200.0,21.0,1,34070,3.85269,43.603029,2025,2025-03-27
172000.0,49.0,2,34090,3.842617,43.640476,2025,2025-03-31
136400.0,29.0,1,34090,3.844076,43.633477,2025,2025-03-27
349000.0,74.0,3,34000,3.900839,43.59718,2025,2025-03-21
293600.0,97.0,4,34070,3.858043,43.590199,2025,2025-03-18
515900.0,111.0,5,34000,3.909934,43.606352,2025,2025-03-28
380000.0,73.0,3,34070,3.865333,43.583625,2025,2025-03-17
115000.0,33.0,2,34000,3.868676,43.607124,2025,2025-03-27
141500.0,55.0,2,34000,3.869706,43.604264,2025,2025-03-20
113000.0,24.0,1,34000,3.875913,43.611545,2025,2025-03-18
257000.0,78.0,4,34070,3.893464,43.593694,2025,2025-03-27
314900.0,65.0,3,34000,3.877568,43.61297,2025,2025-03-27
173550.0,28.0,2,34000,3.86746,43.603606,2025,2025-03-28
108251.0,20.0,1,34000,3.880225,43.608115,2025,2025-03-31
230000.0,67.0,2,34000,3.880646,43.602827,2025,2025-03-31
55000.0,20.0,1,34090,3.854352,43.622296,2025,2025-03-27
168100.0,76.0,3,34070,3.888931,43.594838,2025,2025-03-31
85000.0,25.0,1,34090,3.846267,43.632539,2025,2025-03-31
162100.0,50.0,2,34090,3.876765,43.625611,2025,2025-03-25
219850.0,51.0,2,34090,3.884197,43.622191,2025,2025-03-28
105000.0,20.0,1,34000,3.874873,43.608242,2025,2025-03-10
115000.0,32.0,1,34000,3.883519,43.618439,2025,2025-03-28
162000.0,62.0,3,34070,3.857006,43.588056,2025,2025-03-19
270000.0,115.0,5,34090,3.859375,43.624466,2025,2025-03-18
105000.0,18.0,1,34070,3.880914,43.591147,2025,2025-03-19
230000.0,68.0,3,34090,3.838533,43.636989,2025,2025-03-27
245450.0,78.0,4,34000,3.875665,43.60969,2025,2025-03-28
88000.0,33.0,1,34070,3.873268,43.591583,2025,2025-03-24
168140.0,45.0,2,34000,3.899455,43.600824,2025,2025-03-24
106000.0,45.0,2,34070,3.84659,43.598277,2025,2025-03-31
260000.0,54.0,3,34000,3.895874,43.611799,2025,2025-03-31
155000.0,33.0,2,34000,3.87306,43.60078,2025,2025-03-18
220000.0,72.0,3,34000,3.87524,43.610005,2025,2025-03-31
143000.0,80.0,3,34070,3.849895,43.607655,2025,2025-03-28
210000.0,48.0,2,34000,3.902597,43.598364,2025,2025-03-13
470700.0,122.0,3,34000,3.880016,43.607125,2025,2025-03-14
265000.0,71.0,3,34000,3.894106,43.603628,2025,2025-03-20
170000.0,46.0,2,34090,3.872124,43.6216,2025,2025-03-31
120000.0,35.0,1,34070,3.892468,43.592944,2025,2025-03-28
159000.0,50.0,2,34070,3.877684,43.579713,2025,2025-03-17
94750.0,26.0,1,34000,3.876449,43.614844,2025,2025-03-28
385000.0,105.0,4,34000,3.892518,43.605981,2025,2025-03-29
81000.0,25.0,1,34070,3.891022,43.590893,2025,2025-03-31
114000.0,32.0,2,34000,3.863039,43.610133,2025,2025-03-28
384850.0,93.0,4,34000,3.885292,43.621256,2025,2025-03-31
139000.0,31.0,2,34000,3.878575,43.602153,2025,2025-03-21
164500.0,42.0,2,34070,3.850502,43.590976,2025,2025-03-24
165000.0,47.0,2,34000,3.879234,43.612247,2025,2025-03-31
372620.0,92.0,3,34000,3.880264,43.610155,2025,2025-03-31
257600.0,67.0,3,34070,3.852371,43.615833,2025,2025-03-19
220232.0,48.0,2,34000,3.906068,43.599979,2025,2025-03-14
202350.0,63.0,3,34070,3.848822,43.596339,2025,2025-03-31
120000.0,43.0,2,34070,3.844998,43.595063,2025,2025-03-28
143624.0,55.0,2,34070,3.836052,43.608116,2025,2025-03-11
140000.0,35.0,1,34000,3.888223,43.624367,2025,2025-03-31
265000.0,105.0,5,34070,3.866579,43.594249,2025,2025-03-26
175000.0,95.0,5,34070,3.874216,43.595399,2025,2025-03-31
175000.0,56.0,3,34070,3.885921,43.601354,2025,2025-03-21
328960.0,67.0,3,34000,3.868129,43.603267,2025,2025-03-28
481000.0,87.0,4,34000,3.884157,43.619455,2025,2025-03-31
133000.0,46.0,1,34090,3.861522,43.623736,2025,2025-03-21
134000.0,32.0,2,34070,3.893436,43.601288,2025,2025-03-27
121000.0,79.0,5,34070,3.883533,43.592737,2025,2025-03-28
226800.0,61.0,3,34000,3.905641,43.611473,2025,2025-03-31
150000.0,44.0,2,34070,3.848856,43.591092,2025,2025-03-27
188000.0,50.0,2,34070,3.856158,43.580939,2025,2025-03-28
120000.0,53.0,2,34070,3.859954,43.607871,2025,2025-03-31
233800.0,45.0,2,34000,3.902597,43.598364,2025,2025-03-31
448400.0,90.0,4,34000,3.903563,43.599184,2025,2025-03-31
475000.0,86.0,4,34000,3.901062,43.600606,2025,2025-04-01
424500.0,96.0,4,34000,3.873475,43.60372,2025,2025-03-28
150000.0,42.0,2,34090,3.880111,43.616857,2025,2025-03-31
218500.0,58.0,3,34090,3.838637,43.640729,2025,2025-03-25
139000.0,38.0,2,34090,3.844188,43.640541,2025,2025-03-31
266000.0,82.0,3,34000,3.876339,43.609796,2025,2025-04-09
215000.0,87.0,5,34000,3.888395,43.614724,2025,2025-03-31
69000.0,12.0,1,34000,3.879775,43.609747,2025,2025-03-31
105000.0,84.0,4,34080,3.829352,43.611691,2025,2025-03-31
79210.0,38.0,2,34070,3.891022,43.590893,2025,2025-03-20
185000.0,52.0,2,34090,3.880274,43.616844,2025,2025-03-27
202500.0,69.0,3,34000,3.893509,43.606468,2025,2025-03-27
134500.0,38.0,2,34070,3.858043,43.590199,2025,2025-03-21
280000.0,70.0,3,34000,3.874736,43.607467,2025,2025-03-19
333950.0,105.0,5,34090,3.877457,43.629374,2025,2025-03-31
108741.0,31.0,1,34090,3.852553,43.621567,2025,2025-03-19
96000.0,20.0,1,34070,3.894483,43.602008,2025,2025-03-31
245000.0,70.0,3,34070,3.893146,43.601071,2025,2025-03-26
211200.0,64.0,3,34070,3.885235,43.593968,2025,2025-03-27
150000.0,32.0,2,34000,3.895137,43.600662,2025,2025-03-25
71250.0,20.0,1,34080,3.832006,43.620973,2025,2025-03-31
165500.0,57.0,2,34090,3.845393,43.640854,2025,2025-03-28
93000.0,33.0,1,34070,3.868984,43.592641,2025,2025-03-14
67200.0,40.0,2,34000,3.868108,43.6029,2025,2025-03-13
93000.0,38.0,1,34070,3.867489,43.594589,2025,2025-03-31
110000.0,24.0,2,34090,3.844188,43.640541,2025,2025-03-31
158000.0,57.0,3,34000,3.88905,43.618106,2025,2025-03-21
157650.0,34.0,2,34000,3.884515,43.614454,2025,2025-03-31
130000.0,38.0,2,34070,3.844998,43.595063,2025,2025-03-31
700000.0,121.0,4,34070,3.865952,43.591307,2025,2025-04-04
134925.0,43.0,2,34000,3.867305,43.60917,2025,2025-03-27
156000.0,46.0,2,34070,3.844713,43.591314,2025,2025-03-20
81700.0,18.0,1,34090,3.856655,43.631871,2025,2025-03-27
135000.0,31.0,2,34070,3.883346,43.604196,2025,2025-04-07
192000.0,53.0,3,34000,3.860946,43.614233,2025,2025-03-19
52700.0,8.0,1,34000,3.877091,43.612596,2025,2025-03-26
196500.0,51.0,2,34000,3.88252,43.608128,2025,2025-03-31
626153.0,170.0,6,34000,3.882368,43.609506,2025,2025-03-31
144000.0,47.0,2,34070,3.86751,43.591005,2025,2025-03-18
216000.0,80.0,4,34090,3.88084,43.614502,2025,2025-03-28
180600.0,72.0,3,34000,3.849091,43.616213,2025,2025-03-31
102000.0,20.0,1,34090,3.875986,43.615973,2025,2025-04-14
84990.0,48.0,2,34080,3.824969,43.614361,2025,2025-03-28
203800.0,49.0,2,34090,3.840983,43.639293,2025,2025-03-31
136500.0,40.0,1,34090,3.876389,43.62884,2025,2025-03-27
171000.0,60.0,3,34090,3.840041,43.639678,2025,2025-03-25
79000.0,29.0,1,34000,3.875011,43.61276,2025,2025-03-31
186150.0,64.0,3,34070,3.86512,43.608122,2025,2025-03-28
258500.0,91.0,3,34000,3.874397,43.607851,2025,2025-03-27
119000.0,39.0,2,34070,3.838372,43.604367,2025,2025-03-21
171000.0,73.0,3,34070,3.852017,43.58965,2025,2025-03-26
163140.0,58.0,2,34000,3.89248,43.613723,2025,2025-03-31
150000.0,61.0,3,34090,3.874979,43.628781,2025,2025-03-31
228200.0,60.0,3,34000,3.869891,43.608939,2025,2025-03-31
104000.0,25.0,2,34000,3.883279,43.603422,2025,2025-04-11
91500.0,39.0,2,34070,3.834406,43.610006,2025,2025-03-31
80000.0,45.0,2,34080,3.825337,43.613277,2025,2025-04-08
247000.0,79.0,3,34070,3.86604,43.596752,2025,2025-03-31
367500.0,121.0,3,34000,3.880588,43.601137,2025,2025-03-28
255000.0,102.0,5,34000,3.891014,43.613888,2025,2025-04-07
236450.0,70.0,3,34070,3.858043,43.590199,2025,2025-04-08
202000.0,62.0,3,34070,3.854115,43.600002,2025,2025-04-04
117000.0,31.0,1,34070,3.853648,43.60923,2025,2025-03-31
130000.0,31.0,2,34000,3.87306,43.60078,2025,2025-04-11
112000.0,50.0,2,34090,3.873657,43.624511,2025,2025-03-31
88200.0,27.0,1,34000,3.879066,43.596134,2025,2025-03-31
125000.0,34.0,2,34000,3.902916,43.610334,2025,2025-03-31
235000.0,37.0,2,34000,3.902597,43.598364,2025,2025-03-31
288260.0,85.0,4,34070,3.885038,43.605939,2025,2025-04-11
106500.0,35.0,2,34090,3.861166,43.618947,2025,2025-03-31
249000.0,67.0,3,34070,3.850502,43.590976,2025,2025-03-31
279000.0,66.0,3,34070,3.87922,43.591975,2025,2025-04-02
311700.0,63.0,3,34000,3.902657,43.597912,2025,2025-03-31
105000.0,50.0,2,34090,3.852553,43.621567,2025,2025-04-09
235000.0,50.0,2,34000,3.896269,43.605244,2025,2025-03-31
165000.0,60.0,3,34070,3.88735,43.60097,2025,2025-04-09
130000.0,37.0,2,34090,3.87339,43.63055,2025,2025-03-31
201260.0,60.0,4,34090,3.868382,43.626196,2025,2025-03-17
66500.0,33.0,1,34070,3.866464,43.591485,2025,2025-03-31
95000.0,48.0,2,34080,3.825338,43.614042,2025,2025-04-10
95000.0,43.0,2,34080,3.832834,43.615261,2025,2025-04-09
127000.0,45.0,2,34090,3.861751,43.619627,2025,2025-03-28
373080.12,78.0,4,34000,3.902657,43.597912,2025,2025-04-04
120000.0,33.0,1,34090,3.872926,43.637811,2025,2025-03-31
165000.0,83.0,4,34070,3.862576,43.60379,2025,2025-03-28
175300.0,51.0,2,34080,3.837119,43.630166,2025,2025-03-31
177000.0,76.0,3,34070,3.866579,43.594249,2025,2025-03-31
260000.0,67.0,3,34070,3.894114,43.601115,2025,2025-04-11
197000.0,72.0,4,34070,3.867918,43.598529,2025,2025-04-09
189000.0,79.0,3,34070,3.853021,43.606727,2025,2025-03-31
87000.0,29.0,1,34070,3.851522,43.615671,2025,2025-03-31
313500.0,63.0,3,34000,3.902597,43.598364,2025,2025-04-07
194400.0,63.0,3,34070,3.859627,43.591212,2025,2025-04-16
180535.0,51.0,2,34070,3.850346,43.590355,2025,2025-03-25
145016.0,48.0,3,34080,3.840172,43.617711,2025,2025-03-27
160050.0,49.0,2,34000,3.867814,43.608334,2025,2025-03-31
261250.0,63.0,3,34000,3.883338,43.6036,2025,2025-04-16
142000.0,62.0,3,34080,3.844554,43.61491,2025,2025-03-28
238000.0,68.0,3,34000,3.871275,43.603621,2025,2025-04-16
53000.0,25.0,1,34080,3.846555,43.619867,2025,2025-04-15
102800.0,71.0,4,34080,3.844427,43.621061,2025,2025-03-31
145500.0,33.0,1,34090,3.87339,43.63055,2025,2025-03-21
144500.0,41.0,2,34070,3.859911,43.581747,2025,2025-04-09
234225.0,78.0,3,34070,3.881063,43.595863,2025,2025-04-11
496730.0,122.0,4,34000,3.8727,43.609731,2025,2025-03-28
97000.0,41.0,2,34070,3.834406,43.610006,2025,2025-03-28
60000.0,28.0,2,34000,3.87659,43.6081,2025,2025-04-14
118000.0,26.0,1,34090,3.874452,43.617527,2025,2025-04-11
287000.0,66.0,3,34070,3.87922,43.591975,2025,2025-04-10
377500.0,90.0,3,34000,3.874602,43.607658,2025,2025-03-28
182000.0,34.0,2,34000,3.885496,43.626822,2025,2025-03-28
231000.0,50.0,2,34090,3.880655,43.622579,2025,2025-04-18
158785.0,65.0,4,34070,3.867128,43.596109,2025,2025-04-15
274000.0,90.0,3,34090,3.883587,43.621994,2025,2025-04-04
90000.0,18.0,1,34090,3.84733,43.631203,2025,2025-04-14
70300.0,23.0,1,34070,3.863443,43.60871,2025,2025-04-15
173000.0,73.0,4,34070,3.868421,43.594405,2025,2025-04-14
85000.0,23.0,1,34000,3.868117,43.608012,2025,2025-03-27
122000.0,49.0,2,34000,3.877324,43.60911,2025,2025-03-31
73000.0,21.0,1,34000,3.874496,43.614803,2025,2025-04-11
332420.0,78.0,4,34000,3.867733,43.60917,2025,2025-03-31
254461.0,64.0,3,34090,3.84157,43.640104,2025,2025-04-03
64000.0,17.0,1,34000,3.88144,43.617544,2025,2025-04-10
193300.0,71.0,3,34000,3.873603,43.602929,2025,2025-03-28
84500.0,23.0,1,34000,3.866493,43.609386,2025,2025-03-28
79000.0,19.0,1,34070,3.857794,43.612319,2025,2025-03-31
517050.0,141.0,5,34080,3.837119,43.630166,2025,2025-03-27
103514.5,67.0,4,34070,3.889375,43.594251,2025,2025-03-26
258000.0,89.0,4,34070,3.848673,43.596052,2025,2025-04-03
90500.0,21.0,1,34000,3.873939,43.60532,2025,2025-04-10
167000.0,47.0,2,34070,3.886635,43.601341,2025,2025-03-31
230000.0,76.0,3,34090,3.846267,43.632539,2025,2025-04-17
206750.0,64.0,3,34070,3.886635,43.601341,2025,2025-03-31
90000.0,27.0,1,34090,3.846838,43.62966,2025,2025-03-31
171000.0,48.0,2,34000,3.86765,43.611114,2025,2025-04-03
102000.0,45.0,2,34080,3.849844,43.619362,2025,2025-03-31
142000.0,50.0,2,34070,3.840705,43.592678,2025,2025-03-31
231030.0,110.0,4,34090,3.846269,43.628377,2025,2025-04-09
100000.0,20.0,1,34000,3.887768,43.620938,2025,2025-04-07
87000.0,18.0,1,34080,3.8436,43.635123,2025,2025-04-14
290000.0,60.0,3,34000,3.875515,43.614148,2025,2025-03-31
257900.0,72.0,3,34070,3.859377,43.58258,2025,2025-04-16
103000.0,36.0,2,34070,3.858487,43.59273,2025,2025-03-31
187000.0,66.0,4,34070,3.882773,43.596636,2025,2025-04-10
215500.0,68.0,3,34000,3.884908,43.609836,2025,2025-03-31
259900.0,80.0,4,34070,3.841094,43.601669,2025,2025-04-15
225600.0,43.0,2,34000,3.901062,43.600606,2025,2025-04-16
280000.0,99.0,4,34000,3.89102,43.61285,2025,2025-04-18
155000.0,53.0,2,34070,3.854115,43.600002,2025,2025-03-31
232020.0,86.0,4,34070,3.852479,43.593376,2025,2025-04-16
188680.0,65.0,3,34080,3.83258,43.632836,2025,2025-03-10
203000.0,60.0,3,34090,3.880986,43.6261,2025,2025-04-22
82000.0,23.0,1,34070,3.891022,43.590893,2025,2025-04-15
85540.0,32.0,2,34070,3.866579,43.594249,2025,2025-04-14
476190.0,123.0,4,34000,3.878021,43.606973,2025,2025-04-08
450800.0,106.0,4,34070,3.865333,43.583625,2025,2025-03-28
175000.0,56.0,3,34070,3.838372,43.604367,2025,2025-04-16
66500.0,45.0,2,34070,3.885124,43.593451,2025,2025-04-15
59000.0,18.0,1,34080,3.841683,43.617622,2025,2025-04-11
200000.0,72.0,4,34090,3.865065,43.625555,2025,2025-04-16
360000.0,119.0,5,34070,3.843945,43.607697,2025,2025-04-16
307008.0,72.0,3,34090,3.876608,43.624243,2025,2025-03-31
285000.0,69.0,3,34000,3.872702,43.60768,2025,2025-03-12
1000000.0,219.0,5,34070,3.861449,43.601519,2025,2025-04-14
231000.0,76.0,4,34000,3.88298,43.60434,2025,2025-04-18
162000.0,38.0,2,34000,3.879812,43.602666,2025,2025-04-15
150000.0,34.0,1,34090,3.878395,43.61887,2025,2025-03-31
86200.0,25.0,1,34090,3.861904,43.625018,2025,2025-04-28
956000.0,211.0,7,34000,3.872275,43.605895,2025,2025-04-10
115000.0,41.0,1,34070,3.854115,43.600002,2025,2025-03-28
90900.0,35.0,1,34080,3.84638,43.619152,2025,2025-04-08
118740.0,44.0,2,34080,3.822362,43.625273,2025,2025-04-24
310000.0,72.0,4,34070,3.886999,43.594906,2025,2025-03-26
195000.0,69.0,3,34080,3.836867,43.632166,2025,2025-04-14
315000.0,72.0,3,34000,3.875515,43.614148,2025,2025-03-31
70000.0,25.0,1,34080,3.841683,43.617622,2025,2025-03-31
540000.0,108.0,4,34000,3.905373,43.597271,2025,2025-04-14
131650.0,31.0,1,34000,3.895334,43.606638,2025,2025-04-10
489019.0,138.0,6,34070,3.885883,43.604581,2025,2025-04-22
280000.0,69.0,3,34000,3.897642,43.608478,2025,2025-04-11
46200.0,24.0,1,34090,3.879072,43.615537,2025,2025-04-16
330000.0,126.0,6,34070,3.866252,43.608942,2025,2025-03-31
224650.0,42.0,2,34000,3.904868,43.59958,2025,2025-04-29
78100.0,32.0,1,34090,3.873657,43.624511,2025,2025-04-15
197800.0,75.0,3,34070,3.854993,43.593074,2025,2025-03-31
104500.0,42.0,2,34080,3.841683,43.617622,2025,2025-04-09
163000.0,69.0,3,34070,3.886911,43.593676,2025,2025-04-18
148000.0,26.0,1,34000,3.879371,43.605973,2025,2025-04-25
240000.0,71.0,4,34000,3.882587,43.607146,2025,2025-04-22
130000.0,36.0,1,34070,3.860815,43.59335,2025,2025-04-16
171000.0,51.0,2,34080,3.836258,43.622393,2025,2025-04-28
166100.0,74.0,4,34070,3.868794,43.594206,2025,2025-03-31
180000.0,70.0,5,34090,3.863701,43.624151,2025,2025-03-31
170150.0,68.0,3,34090,3.873657,43.624511,2025,2025-04-23
100000.0,27.0,1,34000,3.879371,43.605973,2025,2025-04-25
142620.0,53.0,2,34070,3.863239,43.600762,2025,2025-04-18
230441.0,74.0,3,34070,3.859954,43.607871,2025,2025-04-22
154000.0,58.0,3,34000,3.87598,43.60722,2025,2025-04-18
94000.0,29.0,1,34070,3.891022,43.590893,2025,2025-03-31
220000.0,60.0,3,34000,3.874922,43.601402,2025,2025-04-18
153000.0,80.0,4,34070,3.850361,43.604001,2025,2025-04-28
124000.0,36.0,1,34090,3.874774,43.617457,2025,2025-04-24
99795.0,27.0,1,34070,3.879735,43.595049,2025,2025-03-26
76400.0,32.0,2,34080,3.824762,43.632548,2025,2025-04-29
97000.0,25.0,2,34000,3.882353,43.604502,2025,2025-04-10
153000.0,40.0,2,34090,3.852951,43.624539,2025,2025-04-23
183000.0,69.0,3,34070,3.851538,43.611694,2025,2025-03-31
64900.0,22.0,1,34080,3.824762,43.632548,2025,2025-04-29
98000.0,22.0,2,34090,3.844188,43.640541,2025,2025-04-18
187300.0,68.0,3,34070,3.88571,43.584374,2025,2025-04-28
150000.0,48.0,2,34090,3.871312,43.629774,2025,2025-03-28
242300.0,78.0,3,34000,3.873406,43.60101,2025,2025-04-24
146500.0,63.0,4,34070,3.850061,43.602959,2025,2025-04-25
170600.0,74.0,4,34080,3.834593,43.614124,2025,2025-04-29
54500.0,17.0,1,34080,3.824287,43.61458,2025,2025-04-28
180000.0,68.0,3,34070,3.846077,43.61599,2025,2025-05-02
80000.0,20.0,1,34000,3.878575,43.602153,2025,2025-04-18
159000.0,54.0,3,34070,3.866661,43.608646,2025,2025-04-28
201210.0,45.0,2,34000,3.895154,43.60583,2025,2025-04-24
330000.0,91.0,3,34070,3.870089,43.582375,2025,2025-04-11
124000.0,41.0,2,34070,3.834406,43.610006,2025,2025-04-22
259382.0,77.0,4,34070,3.850346,43.590355,2025,2025-05-05
86240.0,21.0,1,34090,3.860999,43.628061,2025,2025-04-17
110525.0,57.0,2,34000,3.905033,43.599173,2025,2025-04-28
216000.0,72.0,4,34000,3.901191,43.606034,2025,2025-04-11
390000.0,81.0,4,34000,3.903563,43.599184,2025,2025-04-25
180000.0,39.0,1,34000,3.880018,43.616298,2025,2025-04-09
162000.0,33.0,1,34000,3.873139,43.60565,2025,2025-05-02
210000.0,63.0,3,34070,3.861742,43.586065,2025,2025-04-28
115000.0,36.0,2,34000,3.884549,43.606847,2025,2025-04-17
70000.0,38.0,2,34000,3.877254,43.609312,2025,2025-03-12
235000.0,65.0,3,34070,3.891979,43.593619,2025,2025-04-29
221698.0,44.0,2,34000,3.858032,43.618673,2025,2025-04-15
146000.0,73.0,4,34070,3.868421,43.594405,2025,2025-04-30
78600.0,19.0,1,34090,3.879837,43.623972,2025,2025-04-25
50000.0,22.0,1,34090,3.852553,43.621567,2025,2025-04-29
282000.0,69.0,3,34000,3.906581,43.613534,2025,2025-04-25
217000.0,56.0,3,34090,3.879235,43.61939,2025,2025-04-25
62000.0,21.0,1,34080,3.83588,43.621424,2025,2025-04-04
168000.0,96.0,5,34070,3.868984,43.592641,2025,2025-05-02
245000.0,83.0,4,34070,3.873061,43.597892,2025,2025-04-28
154000.0,37.0,2,34000,3.878087,43.601472,2025,2025-04-28
197000.0,69.0,4,34070,3.887125,43.602424,2025,2025-04-30
125000.0,27.0,1,34000,3.893415,43.604874,2025,2025-04-14
63000.0,25.0,1,34080,3.844517,43.622445,2025,2025-04-23
283950.0,67.0,3,34000,3.908881,43.610502,2025,2025-04-29
212000.0,42.0,2,34000,3.902597,43.598364,2025,2025-04-30
150000.0,35.0,2,34070,3.894014,43.60062,2025,2025-04-14
261642.0,72.0,3,34070,3.858313,43.581993,2025,2025-04-25
169000.0,56.0,3,34070,3.847621,43.605817,2025,2025-04-24
260000.0,83.0,3,34090,3.865697,43.623246,2025,2025-04-04
233200.0,71.0,3,34000,3.899492,43.606377,2025,2025-05-07
164000.0,48.0,3,34000,3.881362,43.602927,2025,2025-04-22
250950.0,79.0,4,34070,3.849805,43.591392,2025,2025-04-28
208300.0,50.0,2,34090,3.877533,43.615794,2025,2025-04-30
19162.0,13.0,1,34080,3.81587,43.622093,2025,2025-04-22
131900.0,49.0,2,34090,3.85444,43.620964,2025,2025-04-30
144956.0,47.0,2,34080,3.841355,43.623466,2025,2025-05-05
99280.0,79.0,5,34070,3.875352,43.594452,2025,2025-04-28
98100.0,29.0,2,34070,3.867211,43.601296,2025,2025-05-07
195000.0,72.0,3,34070,3.854115,43.600002,2025,2025-04-16
144570.0,47.0,2,34090,3.838533,43.636989,2025,2025-04-18
380000.0,97.0,5,34000,3.88786,43.60634,2025,2025-04-14
273010.0,84.0,4,34070,3.835876,43.60217,2025,2025-04-10
465100.0,140.0,4,34000,3.874774,43.608341,2025,2025-05-05
133000.0,55.0,3,34070,3.855583,43.613512,2025,2025-05-02
384000.0,77.0,4,34070,3.855507,43.603406,2025,2025-04-17
287000.0,61.0,2,34000,3.873073,43.609182,2025,2025-04-29
97000.0,19.0,1,34090,3.860896,43.627779,2025,2025-04-23
243000.0,47.0,2,34000,3.884157,43.619455,2025,2025-04-30
509390.0,118.0,3,34070,3.859611,43.612045,2025,2025-04-30
327000.0,66.0,3,34090,3.841912,43.639691,2025,2025-05-05
228475.0,54.0,2,34000,3.88704,43.621277,2025,2025-04-30
276000.0,84.0,4,34070,3.865319,43.589942,2025,2025-04-28
150000.0,53.0,2,34070,3.846077,43.61599,2025,2025-04-30
110450.0,43.0,2,34080,3.851319,43.618445,2025,2025-05-07
156410.0,47.0,2,34000,3.900319,43.620236,2025,2025-05-05
150000.0,36.0,2,34090,3.87339,43.63055,2025,2025-05-06
309000.0,56.0,3,34090,3.841912,43.639691,2025,2025-04-30
134700.0,39.0,2,34080,3.847532,43.619824,2025,2025-05-06
210000.0,82.0,4,34090,3.865128,43.61914,2025,2025-04-30
50500.0,19.0,1,34070,3.876339,43.581538,2025,2025-04-28
70000.0,27.0,1,34080,3.849844,43.619362,2025,2025-05-06
218550.0,53.0,2,34090,3.857702,43.633263,2025,2025-04-28
266000.0,58.0,3,34000,3.887555,43.61933,2025,2025-04-30
163831.0,59.0,4,34090,3.868382,43.626196,2025,2025-05-05
75000.0,20.0,1,34090,3.854352,43.622296,2025,2025-04-16
514700.0,122.0,5,34000,3.872833,43.600344,2025,2025-04-24
141050.0,52.0,2,34070,3.859984,43.586125,2025,2025-05-06
278900.0,66.0,3,34070,3.873106,43.597041,2025,2025-04-30
178000.0,58.0,3,34000,3.874373,43.608879,2025,2025-04-29
32000.0,17.0,1,34080,3.837947,43.613467,2025,2025-05-13
104000.0,30.0,1,34000,3.876175,43.60828,2025,2025-04-30
76000.0,20.0,1,34000,3.896269,43.605244,2025,2025-04-23
122000.0,29.0,1,34090,3.87298,43.630438,2025,2025-04-29
359000.0,83.0,4,34000,3.88786,43.60634,2025,2025-04-15
226850.0,60.0,3,34070,3.873106,43.597041,2025,2025-04-29
174000.0,44.0,2,34070,3.865319,43.589942,2025,2025-04-28
85290.0,21.0,1,34090,3.844744,43.633909,2025,2025-04-24
365000.0,79.0,3,34000,3.872903,43.599858,2025,2025-04-24
338700.0,89.0,4,34090,3.865691,43.620109,2025,2025-05-05
145000.0,88.0,5,34080,3.833891,43.617122,2025,2025-04-24
85000.0,19.0,1,34000,3.878575,43.602153,2025,2025-05-06
120000.0,60.0,3,34070,3.872357,43.596544,2025,2025-04-25
145000.0,45.0,2,34000,3.889959,43.605097,2025,2025-04-29
150000.0,41.0,2,34090,3.844188,43.640541,2025,2025-04-18
119000.0,44.0,2,34080,3.8442,43.632006,2025,2025-04-29
164000.0,71.0,4,34000,3.888395,43.614724,2025,2025-04-14
165000.0,64.0,2,34000,3.869365,43.615667,2025,2025-05-13
138000.0,37.0,2,34080,3.847532,43.619824,2025,2025-05-12
56065.0,17.0,1,34080,3.837947,43.613467,2025,2025-04-29
198000.0,50.0,3,34000,3.872399,43.606062,2025,2025-05-05
121900.0,33.0,2,34080,3.841694,43.624554,2025,2025-04-28
227000.0,96.0,6,34070,3.836052,43.608116,2025,2025-04-28
498000.0,121.0,4,34000,3.877895,43.609344,2025,2025-04-14
137300.0,67.0,4,34070,3.883533,43.592737,2025,2025-05-06
155230.0,67.0,3,34080,3.829221,43.615924,2025,2025-05-02
276100.0,74.0,3,34000,3.883947,43.606837,2025,2025-05-06
149650.0,35.0,2,34090,3.890057,43.627369,2025,2025-04-29
305000.0,48.0,2,34000,3.867352,43.61245,2025,2025-05-06
153000.0,71.0,3,34070,3.872174,43.595919,2025,2025-05-12
226185.0,38.0,2,34000,3.905078,43.597492,2025,2025-04-30
132930.0,32.0,2,34000,3.892476,43.604929,2025,2025-03-27
276000.0,70.0,3,34000,3.877327,43.605386,2025,2025-04-30
426000.0,97.0,4,34090,3.880077,43.616366,2025,2025-05-07
228000.0,75.0,4,34000,3.88704,43.621277,2025,2025-05-05
205000.0,45.0,2,34000,3.905692,43.610959,2025,2025-04-25
121720.0,36.0,2,34070,3.867193,43.606159,2025,2025-05-12
90000.0,26.0,1,34090,3.844744,43.633909,2025,2025-04-29
138000.0,67.0,4,34070,3.884143,43.596092,2025,2025-04-30
90000.0,31.0,1,34090,3.852553,43.621567,2025,2025-04-22
130000.0,59.0,2,34080,3.824969,43.614361,2025,2025-05-05
238000.0,91.0,4,34090,3.876843,43.624972,2025,2025-04-22
87260.0,23.0,1,34070,3.891022,43.590893,2025,2025-05-09
134800.0,41.0,1,34000,3.876547,43.607727,2025,2025-05-07
135000.0,27.0,2,34000,3.88179,43.607766,2025,2025-04-30
360000.0,91.0,4,34090,3.876843,43.624972,2025,2025-04-30
140000.0,65.0,3,34070,3.86213,43.604886,2025,2025-05-06
165500.0,80.0,4,34070,3.850361,43.604001,2025,2025-05-05
256700.0,64.0,3,34070,3.867919,43.608245,2025,2025-04-29
190000.0,45.0,1,34000,3.874964,43.612581,2025,2025-04-17
185000.0,67.0,3,34070,3.88571,43.584374,2025,2025-05-06
202150.0,56.0,3,34090,3.865183,43.621733,2025,2025-04-30
240000.0,77.0,3,34070,3.86008,43.582786,2025,2025-04-22
93880.0,25.0,1,34000,3.870371,43.603479,2025,2025-05-12
205050.0,60.0,3,34000,3.89888,43.615496,2025,2025-05-05
271500.0,66.0,3,34070,3.893146,43.601071,2025,2025-05-02
103000.0,27.0,1,34070,3.86586,43.609109,2025,2025-05-14
129000.0,33.0,2,34090,3.844188,43.640541,2025,2025-05-07
182000.0,47.0,2,34070,3.847127,43.598015,2025,2025-05-14
259245.0,51.0,2,34090,3.876765,43.625611,2025,2025-04-29
105000.0,24.0,1,34000,3.877211,43.606756,2025,2025-05-14
145000.0,79.0,5,34070,3.875352,43.594452,2025,2025-04-23
257000.0,74.0,3,34070,3.850997,43.588957,2025,2025-04-07
157000.0,48.0,2,34090,3.844188,43.640541,2025,2025-04-29
207117.0,51.0,2,34000,3.895415,43.611476,2025,2025-04-30
109325.0,30.0,1,34090,3.874979,43.628781,2025,2025-04-30
130000.0,38.0,2,34070,3.858313,43.581993,2025,2025-05-14
242800.0,74.0,4,34000,3.893338,43.614081,2025,2025-04-23
78000.0,30.0,1,34070,3.866894,43.592834,2025,2025-05-15
215000.0,96.0,4,34070,3.864628,43.594644,2025,2025-05-13
190000.0,69.0,3,34000,3.893083,43.609122,2025,2025-04-29
87000.0,57.0,3,34070,3.885124,43.593451,2025,2025-05-19
84490.0,26.0,1,34080,3.845822,43.622635,2025,2025-05-07
40000.0,17.0,1,34080,3.837947,43.613467,2025,2025-05-05
108500.0,25.0,2,34090,3.874442,43.618595,2025,2025-05-05
276000.0,90.0,4,34090,3.883751,43.631362,2025,2025-05-15
282700.0,69.0,3,34000,3.908881,43.610502,2025,2025-04-25
277000.0,78.0,3,34090,3.8702,43.638536,2025,2025-05-07
142000.0,33.0,2,34090,3.861166,43.618947,2025,2025-04-28
195340.0,48.0,2,34000,3.911367,43.61604,2025,2025-05-06
163350.0,41.0,1,34000,3.898207,43.617475,2025,2025-04-28
510000.0,170.0,5,34000,3.879051,43.611526,2025,2025-05-12
202000.0,49.0,2,34000,3.896269,43.605244,2025,2025-05-09
292100.0,79.0,4,34000,3.904648,43.610982,2025,2025-05-15
120976.78,32.0,1,34000,3.872515,43.607487,2025,2025-05-12
128000.0,35.0,2,34070,3.893436,43.601288,2025,2025-05-12
89680.0,27.0,1,34070,3.848437,43.604405,2025,2025-05-15
146640.0,30.0,2,34090,3.874706,43.617074,2025,2025-05-16
157100.0,41.0,2,34000,3.898207,43.617475,2025,2025-05-16
279000.0,92.0,4,34070,3.849485,43.608201,2025,2025-05-05
262650.0,45.0,2,34000,3.898142,43.605826,2025,2025-05-14
149500.0,28.0,2,34000,3.874736,43.607467,2025,2025-05-06
295000.0,121.0,6,34000,3.875749,43.610051,2025,2025-04-28
128880.0,35.0,2,34070,3.873,43.590463,2025,2025-04-29
342700.0,65.0,3,34000,3.901165,43.596946,2025,2025-04-29
163400.0,68.0,3,34090,3.854344,43.620476,2025,2025-04-25
111300.0,38.0,2,34070,3.834528,43.609668,2025,2025-04-08
365000.0,71.0,3,34000,3.906459,43.603933,2025,2025-05-19
139770.0,63.0,3,34080,3.849301,43.621547,2025,2025-05-06
275000.0,93.0,4,34070,3.851083,43.609851,2025,2025-05-05
108500.0,32.0,2,34070,3.866894,43.592834,2025,2025-05-07
124500.0,41.0,2,34090,3.844744,43.633909,2025,2025-05-19
41500.0,12.0,1,34080,3.847573,43.619412,2025,2025-04-30
105000.0,22.0,1,34000,3.897642,43.608478,2025,2025-05-15
130000.0,40.0,2,34000,3.88223,43.606337,2025,2025-05-19
52000.0,17.0,1,34080,3.837947,43.613467,2025,2025-03-27
140000.0,35.0,1,34000,3.882328,43.602596,2025,2025-05-05
930000.0,181.0,5,34000,3.871984,43.609731,2025,2025-04-30
112500.0,30.0,1,34000,3.895464,43.608606,2025,2025-05-09
117000.0,38.0,2,34000,3.905373,43.597271,2025,2025-05-06
115000.0,37.0,1,34070,3.86552,43.588498,2025,2025-05-23
220000.0,54.0,3,34090,3.870983,43.625988,2025,2025-05-07
247000.0,51.0,3,34000,3.908068,43.608756,2025,2025-05-07
155100.0,47.0,2,34000,3.875274,43.609086,2025,2025-05-07
273640.0,81.0,4,34070,3.856255,43.582937,2025,2025-04-29
90000.0,28.0,1,34070,3.887983,43.59599,2025,2025-04-17
259900.0,66.0,3,34070,3.894359,43.601455,2025,2025-05-15
93000.0,78.0,4,34070,3.886522,43.592608,2025,2025-05-07
275000.0,68.0,4,34090,3.865183,43.621733,2025,2025-05-13
349400.0,63.0,3,34000,3.891898,43.617331,2025,2025-04-30
98700.0,32.0,2,34080,3.83588,43.621424,2025,2025-05-20
183000.0,57.0,3,34070,3.851531,43.589201,2025,2025-05-19
149000.0,48.0,2,34090,3.872046,43.631978,2025,2025-05-21
124300.0,30.0,1,34090,3.878442,43.616393,2025,2025-05-22
280000.0,105.0,4,34070,3.849485,43.608201,2025,2025-05-22
170000.0,55.0,3,34000,3.875991,43.606084,2025,2025-04-17
126400.0,52.0,3,34070,3.88248,43.593792,2025,2025-05-15
223450.0,50.0,2,34000,3.899455,43.600824,2025,2025-05-15
230000.0,92.0,2,34070,3.852732,43.587933,2025,2025-05-23
76400.0,33.0,1,34080,3.824762,43.632548,2025,2025-04-10
76400.0,33.0,2,34080,3.824762,43.632548,2025,2025-04-10
283800.0,80.0,3,34000,3.875243,43.609364,2025,2025-05-19
97000.0,34.0,1,34070,3.867399,43.598088,2025,2025-05-16
133500.0,27.0,2,34000,3.877632,43.608531,2025,2025-05-22
136480.0,39.0,2,34070,3.859956,43.593135,2025,2025-04-30
254050.0,61.0,3,34070,3.875846,43.594399,2025,2025-04-28
137300.0,48.0,2,34000,3.868901,43.607541,2025,2025-05-07
253000.0,64.0,3,34000,3.905033,43.599173,2025,2025-05-12
120000.0,33.0,2,34090,3.844825,43.632247,2025,2025-05-07
82000.0,50.0,2,34090,3.873657,43.624511,2025,2025-05-19
173500.0,68.0,3,34070,3.874311,43.589843,2025,2025-05-21
205000.0,77.0,3,34070,3.86604,43.596752,2025,2025-04-29
132730.0,39.0,2,34000,3.873455,43.610059,2025,2025-05-20
215000.0,50.0,3,34000,3.878354,43.613955,2025,2025-04-14
180000.0,95.0,3,34070,3.86505,43.609656,2025,2025-05-13
145000.0,71.0,4,34090,3.865065,43.625555,2025,2025-05-28
148640.0,46.0,1,34000,3.873613,43.610267,2025,2025-05-13
79000.0,57.0,3,34080,3.844427,43.621061,2025,2025-04-29
172000.0,63.0,3,34070,3.873,43.590463,2025,2025-05-26
96000.0,20.0,1,34090,3.862092,43.636035,2025,2025-04-30
166000.0,42.0,1,34000,3.891014,43.613888,2025,2025-05-17
200000.0,72.0,3,34090,3.87301,43.618273,2025,2025-05-13
99000.0,30.0,2,34080,3.824645,43.636044,2025,2025-05-07
277000.0,68.0,3,34000,3.898536,43.602076,2025,2025-05-20
157350.0,51.0,2,34000,3.897641,43.601983,2025,2025-05-15
103000.0,23.0,1,34090,3.872046,43.631978,2025,2025-05-23
193450.0,66.0,4,34070,3.882335,43.595027,2025,2025-05-02
60000.0,31.0,1,34080,3.829602,43.614279,2025,2025-05-06
150000.0,53.0,2,34090,3.885524,43.629786,2025,2025-05-20
187000.0,40.0,3,34070,3.864351,43.606012,2025,2025-05-13
86400.0,62.0,3,34080,3.844803,43.618936,2025,2025-05-19
220000.0,44.0,2,34000,3.90602,43.602603,2025,2025-05-16
202460.0,85.0,4,34080,3.829221,43.615924,2025,2025-05-20
137000.0,32.0,1,34090,3.865128,43.61914,2025,2025-05-20
205000.0,58.0,2,34000,3.895334,43.606638,2025,2025-04-03
191250.0,52.0,2,34000,3.890245,43.622152,2025,2025-05-21
380000.0,126.0,6,34070,3.866252,43.608942,2025,2025-05-13
158400.0,68.0,4,34080,3.834109,43.611988,2025,2025-05-20
173710.0,53.0,2,34000,3.895335,43.605977,2025,2025-05-23
100000.0,20.0,1,34090,3.872686,43.636985,2025,2025-05-23
184400.0,40.0,2,34090,3.859296,43.627906,2025,2025-05-16
100000.0,32.0,1,34000,3.875219,43.613152,2025,2025-05-20
210900.0,69.0,3,34070,3.837468,43.602094,2025,2025-05-26
165000.0,56.0,2,34070,3.848856,43.591092,2025,2025-05-26
262600.0,62.0,3,34000,3.909934,43.606352,2025,2025-05-27
175000.0,55.0,2,34090,3.84402,43.641391,2025,2025-05-21
95000.0,21.0,1,34000,3.897996,43.603349,2025,2025-05-12
262050.0,94.0,3,34000,3.88307,43.603946,2025,2025-05-22
139750.0,54.0,2,34080,3.832496,43.61157,2025,2025-05-22
95000.0,26.0,1,34090,3.860745,43.626133,2025,2025-05-22
132500.0,32.0,2,34000,3.895415,43.611476,2025,2025-05-19
195000.0,92.0,5,34080,3.837422,43.613032,2025,2025-05-20
65140.0,30.0,1,34080,3.846555,43.619867,2025,2025-05-15
113640.0,18.0,1,34000,3.88231,43.602517,2025,2025-05-23
258000.0,78.0,3,34080,3.836867,43.632166,2025,2025-04-28
183247.0,44.0,2,34000,3.867886,43.617265,2025,2025-05-23
215155.0,75.0,3,34090,3.855792,43.636884,2025,2025-05-23
164730.0,57.0,3,34080,3.822362,43.625273,2025,2025-05-12
182410.0,61.0,3,34070,3.88735,43.60097,2025,2025-05-06
105000.0,27.0,1,34090,3.854914,43.639456,2025,2025-05-23
179700.0,85.0,5,34070,3.868421,43.594405,2025,2025-05-28
130000.0,31.0,1,34000,3.872926,43.601659,2025,2025-05-15
285000.0,62.0,3,34070,3.87922,43.591975,2025,2025-05-20
125000.0,28.0,2,34000,3.886859,43.603799,2025,2025-05-14
167560.0,42.0,2,34070,3.855822,43.615114,2025,2025-05-19
285000.0,59.0,2,34090,3.857702,43.633263,2025,2025-05-13
330000.0,139.0,5,34000,3.874729,43.608612,2025,2025-05-19
358890.0,95.0,5,34090,3.860916,43.638413,2025,2025-05-20
53000.0,17.0,1,34080,3.837947,43.613467,2025,2025-05-27
216000.0,65.0,3,34070,3.859111,43.584012,2025,2025-06-03
207000.0,70.0,3,34090,3.86933,43.617462,2025,2025-05-20
104550.0,33.0,2,34080,3.847488,43.62327,2025,2025-05-23
150000.0,50.0,3,34090,3.868382,43.626196,2025,2025-05-23
65000.0,24.0,1,34070,3.890704,43.59339,2025,2025-05-19
211450.0,74.0,3,34070,3.859954,43.607871,2025,2025-05-14
225200.0,53.0,3,34070,3.856099,43.579777,2025,2025-05-21
77000.0,31.0,2,34080,3.824762,43.632548,2025,2025-05-26
96000.0,33.0,2,34070,3.84659,43.598277,2025,2025-05-26
497920.0,177.0,5,34000,3.892518,43.605981,2025,2025-05-27
292000.0,84.0,2,34070,3.886635,43.601341,2025,2025-05-27
138700.0,65.0,4,34070,3.850304,43.607739,2025,2025-05-19
265000.0,53.0,3,34000,3.885292,43.621256,2025,2025-05-07
178870.0,46.0,2,34070,3.887983,43.59599,2025,2025-05-15
150000.0,36.0,2,34000,3.871668,43.606245,2025,2025-05-13
200000.0,44.0,2,34000,3.905712,43.604967,2025,2025-05-15
133000.0,31.0,1,34000,3.884479,43.606502,2025,2025-05-22
297100.0,65.0,3,34070,3.866596,43.59845,2025,2025-06-02
140850.0,66.0,3,34080,3.833265,43.615283,2025,2025-05-19
304000.0,80.0,4,34090,3.873107,43.628808,2025,2025-05-27
193530.0,58.0,2,34070,3.851241,43.616024,2025,2025-05-28
35000.0,21.0,1,34090,3.864578,43.622286,2025,2025-05-28
190250.0,60.0,3,34000,3.882333,43.606403,2025,2025-05-20
157700.0,64.0,3,34070,3.837803,43.598695,2025,2025-06-04
80750.0,45.0,2,34070,3.866881,43.607885,2025,2025-05-27
147000.0,42.0,1,34000,3.876018,43.610573,2025,2025-05-05
126000.0,46.0,2,34070,3.879735,43.595049,2025,2025-06-05
250200.0,77.0,3,34090,3.871303,43.626414,2025,2025-05-21
152000.0,36.0,2,34000,3.898207,43.617475,2025,2025-05-27
189300.0,46.0,2,34000,3.895874,43.611799,2025,2025-05-23
102000.0,38.0,2,34000,3.877254,43.609312,2025,2025-05-26
220400.0,71.0,4,34090,3.868251,43.627279,2025,2025-05-12
158000.0,60.0,3,34000,3.871275,43.603621,2025,2025-05-21
192800.0,84.0,4,34070,3.868984,43.592641,2025,2025-05-22
72500.0,25.0,1,34070,3.892669,43.600353,2025,2025-05-23
149000.0,41.0,2,34070,3.861609,43.58572,2025,2025-05-26
142000.0,34.0,2,34000,3.875126,43.611196,2025,2025-05-27
160800.0,37.0,2,34000,3.883757,43.606035,2025,2025-05-20
86000.0,33.0,2,34070,3.839541,43.607688,2025,2025-05-27
51489.5,19.0,1,34090,3.864641,43.624832,2025,2025-05-22
107000.0,32.0,2,34070,3.860855,43.603947,2025,2025-05-22
132500.0,64.0,4,34070,3.855749,43.614484,2025,2025-05-20
56850.0,31.0,1,34080,3.845471,43.619617,2025,2025-05-21
110000.0,24.0,2,34090,3.844188,43.640541,2025,2025-05-28
392820.0,67.0,3,34000,3.877467,43.603668,2025,2025-05-05
76000.0,23.0,1,34070,3.850511,43.615745,2025,2025-05-23
192000.0,69.0,3,34090,3.85444,43.620964,2025,2025-05-28
102000.0,35.0,2,34000,3.897996,43.603349,2025,2025-05-26
114000.0,31.0,2,34070,3.855667,43.593828,2025,2025-05-23
163800.0,38.0,2,34000,3.873265,43.609851,2025,2025-06-03
290250.0,82.0,4,34070,3.889455,43.601023,2025,2025-05-15
150000.0,70.0,2,34000,3.882937,43.607876,2025,2025-06-04
275000.0,46.0,2,34000,3.900028,43.598267,2025,2025-05-23
178885.0,48.0,2,34090,3.861169,43.641271,2025,2025-05-28
78000.0,19.0,1,34090,3.879837,43.623972,2025,2025-05-22
219100.0,82.0,4,34000,3.885292,43.621256,2025,2025-05-22
200330.0,51.0,2,34090,3.865709,43.622756,2025,2025-05-20
180000.0,74.0,4,34070,3.868279,43.597017,2025,2025-06-02
262100.0,69.0,3,34070,3.859954,43.607871,2025,2025-05-27
122000.0,47.0,2,34070,3.837082,43.598685,2025,2025-05-30
85000.0,51.0,2,34090,3.873657,43.624511,2025,2025-05-26
201700.0,76.0,4,34070,3.883612,43.595422,2025,2025-05-26
205800.0,51.0,3,34000,3.882268,43.603662,2025,2025-06-05
235000.0,59.0,3,34000,3.899475,43.61403,2025,2025-05-22
274100.0,110.0,5,34000,3.874236,43.605954,2025,2025-05-26
165000.0,57.0,2,34000,3.881435,43.602084,2025,2025-05-22
180000.0,52.0,2,34000,3.873769,43.609026,2025,2025-05-23
175450.0,45.0,2,34000,3.895137,43.600662,2025,2025-05-21
80970.0,21.0,1,34070,3.891022,43.590893,2025,2025-05-06
150500.0,53.0,2,34070,3.854115,43.600002,2025,2025-04-24
282000.0,72.0,3,34000,3.891014,43.613888,2025,2025-05-27
80000.0,50.0,2,34090,3.873657,43.624511,2025,2025-05-26
86000.0,43.0,3,34080,3.82901,43.613572,2025,2025-04-22
80000.0,24.0,1,34000,3.88307,43.603946,2025,2025-05-23
215500.0,65.0,3,34070,3.858068,43.580812,2025,2025-05-15
137000.0,35.0,1,34000,3.88819,43.606195,2025,2025-05-15
64482.2,22.0,1,34080,3.824762,43.632548,2025,2025-05-23
235000.0,62.0,3,34070,3.852371,43.615833,2025,2025-05-15
224000.0,60.0,3,34070,3.884083,43.595043,2025,2025-05-27
502000.0,111.0,3,34070,3.851782,43.61241,2025,2025-06-04
128000.0,46.0,2,34000,3.895451,43.62403,2025,2025-06-04
358000.0,93.0,4,34000,3.898536,43.602076,2025,2025-06-10
130000.0,76.0,4,34080,3.843839,43.619515,2025,2025-04-29
164900.0,45.0,2,34070,3.855063,43.58353,2025,2025-05-27
173750.0,66.0,3,34070,3.853647,43.602076,2025,2025-05-28
175000.0,47.0,2,34070,3.860218,43.582009,2025,2025-04-29
285730.0,114.0,6,34070,3.84615,43.604807,2025,2025-05-23
168397.0,42.0,2,34000,3.904518,43.609703,2025,2025-06-02
127000.0,71.0,3,34070,3.859954,43.607871,2025,2025-06-05
72000.0,18.0,1,34070,3.857794,43.612319,2025,2025-05-27
353000.0,81.0,4,34000,3.889271,43.606278,2025,2025-06-03
214084.0,60.0,3,34000,3.891185,43.60927,2025,2025-05-12
70000.0,23.0,1,34000,3.883186,43.61652,2025,2025-06-04
130000.0,72.0,3,34070,3.858111,43.586718,2025,2025-05-20
146000.0,36.0,3,34000,3.874668,43.608159,2025,2025-06-06
85000.0,25.0,1,34070,3.866894,43.592834,2025,2025-06-04
83000.0,16.0,2,34000,3.87069,43.608641,2025,2025-05-02
139200.0,41.0,2,34070,3.858068,43.580812,2025,2025-05-16
280000.0,87.0,4,34070,3.864542,43.600512,2025,2025-06-04
202000.0,68.0,4,34000,3.871275,43.603621,2025,2025-05-12
155000.0,44.0,2,34070,3.860433,43.580812,2025,2025-04-16
327000.0,80.0,4,34070,3.894584,43.600902,2025,2025-06-02
195000.0,47.0,2,34090,3.852013,43.638711,2025,2025-06-03
18722.0,13.0,1,34080,3.81587,43.622093,2025,2025-05-20
225000.0,70.0,3,34000,3.869124,43.605132,2025,2025-06-06
111800.0,27.0,1,34070,3.853592,43.606165,2025,2025-06-10
130000.0,80.0,4,34070,3.854287,43.601316,2025,2025-06-11
145600.0,43.0,2,34070,3.879735,43.595049,2025,2025-06-10
130000.0,45.0,2,34000,3.893338,43.614081,2025,2025-05-22
158000.0,53.0,2,34080,3.834542,43.630442,2025,2025-06-02
150000.0,73.0,4,34070,3.868903,43.593832,2025,2025-05-23
130000.0,33.0,1,34070,3.88609,43.60543,2025,2025-06-05
84650.0,21.0,1,34000,3.873939,43.60532,2025,2025-05-27
136800.0,40.0,2,34000,3.870195,43.606027,2025,2025-06-02
99000.0,23.0,1,34070,3.891022,43.590893,2025,2025-06-04
135000.0,46.0,2,34090,3.844206,43.641258,2025,2025-05-26
107000.0,26.0,2,34000,3.874388,43.608411,2025,2025-05-26
50000.0,30.0,2,34000,3.8778,43.610899,2025,2025-05-27
100000.0,26.0,1,34090,3.844744,43.633909,2025,2025-06-04
182500.0,64.0,3,34000,3.867094,43.604513,2025,2025-05-15
160600.0,50.0,2,34070,3.855839,43.602133,2025,2025-06-10
137000.0,56.0,2,34070,3.846225,43.615092,2025,2025-05-28
153000.0,55.0,2,34000,3.894631,43.608194,2025,2025-05-26
226250.0,69.0,3,34090,3.853251,43.622942,2025,2025-05-26
170000.0,67.0,2,34000,3.86907,43.602202,2025,2025-06-10
180000.0,83.0,5,34070,3.8555,43.605346,2025,2025-06-06
442900.0,108.0,5,34000,3.87874,43.607073,2025,2025-06-12
164350.0,42.0,2,34070,3.858923,43.581695,2025,2025-05-26
203650.0,80.0,4,34070,3.855165,43.604118,2025,2025-05-22
110000.0,49.0,2,34070,3.874282,43.597166,2025,2025-06-02
90000.0,64.0,4,34070,3.855749,43.614484,2025,2025-05-22
53000.0,18.0,1,34000,3.874868,43.60979,2025,2025-06-02
155190.0,45.0,2,34070,3.869475,43.587061,2025,2025-06-03
223000.0,84.0,4,34070,3.873106,43.597041,2025,2025-06-05
168500.0,48.0,2,34090,3.84733,43.631203,2025,2025-05-28
91900.0,24.0,1,34070,3.859954,43.607871,2025,2025-05-26
80000.0,20.0,1,34070,3.857794,43.612319,2025,2025-06-06
206100.0,48.0,2,34090,3.87339,43.63055,2025,2025-06-11
160700.0,56.0,3,34070,3.854115,43.600002,2025,2025-06-03
76550.0,27.0,1,34070,3.875712,43.593971,2025,2025-06-11
313800.0,113.0,5,34070,3.854115,43.600002,2025,2025-06-12
253730.0,82.0,4,34070,3.836087,43.604735,2025,2025-06-11
515000.0,120.0,4,34000,3.892309,43.605712,2025,2025-06-12
190400.0,43.0,2,34070,3.883155,43.605237,2025,2025-06-06
230000.0,60.0,3,34090,3.880986,43.6261,2025,2025-06-10
312399.44,96.0,4,34000,3.870932,43.600901,2025,2025-05-28
135000.0,32.0,2,34090,3.845828,43.631403,2025,2025-05-28
207000.0,80.0,4,34080,3.835979,43.613944,2025,2025-05-27
218030.0,48.0,2,34000,3.889583,43.6213,2025,2025-06-05
76400.0,48.0,2,34080,3.843839,43.619515,2025,2025-06-06
205010.0,51.0,2,34000,3.872161,43.609512,2025,2025-06-05
105000.0,26.0,1,34090,3.860056,43.640959,2025,2025-05-26
91000.0,21.0,1,34070,3.884829,43.604708,2025,2025-06-02
225280.0,67.0,4,34000,3.888198,43.620449,2025,2025-05-21
77500.0,25.0,1,34070,3.834146,43.608785,2025,2025-06-10
120000.0,66.0,4,34070,3.887613,43.600466,2025,2025-06-05
70000.0,55.0,2,34090,3.873657,43.624511,2025,2025-05-23
397360.0,63.0,3,34000,3.90428,43.60241,2025,2025-06-12
167800.0,32.0,2,34000,3.873823,43.610311,2025,2025-06-11
266980.0,55.0,3,34000,3.901165,43.596946,2025,2025-05-28
160000.0,52.0,3,34000,3.879853,43.602293,2025,2025-06-11
90325.0,22.0,1,34000,3.873366,43.610279,2025,2025-05-26
123000.0,27.0,1,34070,3.863742,43.59048,2025,2025-06-16
87500.0,23.0,1,34070,3.891022,43.590893,2025,2025-06-16
480000.0,87.0,3,34090,3.885254,43.625056,2025,2025-05-22
411350.0,119.0,4,34000,3.878021,43.606973,2025,2025-06-06
189100.0,75.0,4,34070,3.856422,43.604027,2025,2025-05-28
150000.0,25.0,2,34000,3.877024,43.606596,2025,2025-06-06
125350.0,33.0,1,34000,3.875645,43.605371,2025,2025-06-11
183410.0,47.0,2,34000,3.893509,43.606468,2025,2025-06-04
81000.0,53.0,2,34070,3.846077,43.61599,2025,2025-06-03
166400.0,73.0,4,34070,3.868794,43.594206,2025,2025-05-22
294500.0,88.0,4,34000,3.874782,43.600049,2025,2025-06-11
168500.0,49.0,2,34090,3.873617,43.634211,2025,2025-05-28
190000.0,46.0,2,34090,3.878395,43.61887,2025,2025-05-26
150950.0,46.0,2,34000,3.877738,43.613492,2025,2025-06-10
286670.0,113.0,5,34090,3.859375,43.624466,2025,2025-06-03
263400.0,81.0,5,34000,3.856878,43.616315,2025,2025-05-19
280200.0,70.0,4,34070,3.866208,43.600451,2025,2025-05-28
104050.0,30.0,2,34000,3.877465,43.612986,2025,2025-06-04
153000.0,42.0,2,34070,3.857287,43.581455,2025,2025-06-04
326500.0,103.0,5,34000,3.873232,43.607853,2025,2025-06-10
97000.0,30.0,1,34000,3.878938,43.601675,2025,2025-05-20
193000.0,76.0,3,34080,3.842416,43.643165,2025,2025-05-28
287500.0,69.0,3,34070,3.891413,43.60454,2025,2025-05-27
123000.0,69.0,4,34070,3.854727,43.60843,2025,2025-05-23
154000.0,77.0,5,34070,3.88694,43.598902,2025,2025-06-05
70000.0,23.0,1,34070,3.891022,43.590893,2025,2025-05-27
159000.0,30.0,2,34000,3.86784,43.616502,2025,2025-05-23
110000.0,31.0,1,34090,3.849903,43.626298,2025,2025-06-13
385000.0,96.0,2,34000,3.878629,43.613642,2025,2025-06-16
210000.0,63.0,2,34070,3.855822,43.615114,2025,2025-06-09
165320.0,48.0,2,34070,3.883362,43.596415,2025,2025-06-10
154000.0,44.0,2,34080,3.82646,43.635357,2025,2025-06-19
115000.0,37.0,2,34000,3.897996,43.603349,2025,2025-05-27
98000.0,22.0,1,34090,3.877048,43.621493,2025,2025-05-27
182880.0,56.0,2,34000,3.87141,43.60326,2025,2025-06-11
248350.0,50.0,3,34000,3.879772,43.604738,2025,2025-05-26
334810.0,88.0,3,34000,3.874333,43.604669,2025,2025-06-03
150000.0,70.0,3,34070,3.851083,43.609851,2025,2025-06-10
148000.0,40.0,2,34070,3.859111,43.584012,2025,2025-06-03
178000.0,43.0,2,34000,3.868822,43.613977,2025,2025-06-10
132000.0,47.0,2,34070,3.877684,43.579713,2025,2025-06-02
55000.0,25.0,1,34080,3.846555,43.619867,2025,2025-06-10
314110.0,73.0,3,34090,3.876241,43.624751,2025,2025-06-04
174295.0,67.0,3,34070,3.86751,43.591005,2025,2025-06-11
246420.0,68.0,3,34070,3.863742,43.59048,2025,2025-06-11
122000.0,33.0,2,34070,3.839541,43.607688,2025,2025-06-05
150000.0,40.0,2,34070,3.861799,43.581379,2025,2025-06-04
36000.0,10.0,1,34000,3.877091,43.612596,2025,2025-06-11
138200.0,38.0,2,34090,3.844188,43.640541,2025,2025-05-28
123320.0,65.0,4,34090,3.864609,43.618872,2025,2025-06-06
210000.0,87.0,3,34070,3.851083,43.609851,2025,2025-06-02
140914.7,50.0,2,34000,3.865218,43.610079,2025,2025-06-12
125000.0,34.0,2,34070,3.8862,43.605688,2025,2025-06-18
103000.0,40.0,2,34080,3.832006,43.620973,2025,2025-06-06
115000.0,66.0,4,34070,3.882773,43.596636,2025,2025-06-04
241686.0,59.0,2,34090,3.87722,43.616902,2025,2025-06-04
214050.0,65.0,3,34070,3.860172,43.58096,2025,2025-06-10
186000.0,41.0,2,34000,3.904518,43.609703,2025,2025-05-27
352000.0,105.0,5,34000,3.875275,43.606549,2025,2025-06-18
301625.0,81.0,4,34070,3.853028,43.587231,2025,2025-06-05
250000.0,74.0,3,34070,3.848856,43.591092,2025,2025-06-04
185000.0,60.0,3,34070,3.879735,43.595049,2025,2025-05-28
189500.0,55.0,3,34080,3.836867,43.632166,2025,2025-05-26
191970.0,68.0,3,34070,3.891447,43.598737,2025,2025-05-28
200000.0,42.0,2,34000,3.885048,43.606685,2025,2025-06-03
82000.0,18.0,1,34070,3.893724,43.602181,2025,2025-05-26
82260.0,23.0,1,34090,3.849118,43.636798,2025,2025-06-19
150000.0,33.0,2,34000,3.906659,43.608548,2025,2025-06-18
115000.0,35.0,1,34000,3.878006,43.611039,2025,2025-06-17
92000.0,29.0,1,34000,3.87975,43.614015,2025,2025-05-28
273000.0,80.0,4,34000,3.885292,43.621256,2025,2025-06-16
204000.0,64.0,3,34070,3.858923,43.581695,2025,2025-06-06
110000.0,31.0,1,34080,3.827187,43.616086,2025,2025-06-04
131000.0,62.0,4,34070,3.84987,43.602765,2025,2025-06-17
247000.0,61.0,3,34090,3.890415,43.626626,2025,2025-06-10
131000.0,45.0,2,34090,3.871224,43.627565,2025,2025-06-12
394000.0,90.0,4,34000,3.902054,43.611538,2025,2025-06-16
166000.0,39.0,2,34080,3.842724,43.642473,2025,2025-06-12
217970.0,68.0,3,34000,3.891297,43.609874,2025,2025-05-21
218000.0,89.0,6,34070,3.866356,43.60694,2025,2025-06-13
228300.0,64.0,3,34000,3.879066,43.596134,2025,2025-06-18
265000.0,60.0,3,34090,3.890415,43.626626,2025,2025-06-13
200000.0,45.0,2,34000,3.902474,43.601863,2025,2025-06-12
122000.0,20.0,1,34090,3.869669,43.626572,2025,2025-05-26
120000.0,46.0,2,34080,3.847984,43.622477,2025,2025-05-26
190735.38,60.0,3,34000,3.870932,43.600901,2025,2025-06-11
110000.0,37.0,2,34080,3.835473,43.620775,2025,2025-05-26
153000.0,73.0,3,34090,3.859375,43.624466,2025,2025-06-03
78100.0,21.0,1,34090,3.846578,43.631439,2025,2025-06-19
216000.0,103.0,4,34070,3.86604,43.596752,2025,2025-06-16
98900.0,29.0,1,34090,3.868303,43.636036,2025,2025-06-06
190000.0,57.0,3,34070,3.884083,43.595043,2025,2025-06-02
216500.0,74.0,3,34070,3.836581,43.605536,2025,2025-06-06
193300.0,67.0,3,34080,3.829221,43.615924,2025,2025-06-04
185500.0,39.0,2,34000,3.873139,43.60565,2025,2025-06-13
165500.0,63.0,3,34070,3.856605,43.607709,2025,2025-06-02
307000.0,90.0,4,34070,3.859361,43.599718,2025,2025-06-02
215000.0,66.0,3,34000,3.885292,43.621256,2025,2025-06-12
147350.0,45.0,2,34090,3.844206,43.641258,2025,2025-06-19
210000.0,68.0,3,34070,3.889884,43.595585,2025,2025-06-18
287570.0,101.0,5,34000,3.88963,43.613894,2025,2025-06-11
92000.0,19.0,1,34000,3.878575,43.602153,2025,2025-06-12
175000.0,42.0,2,34070,3.850611,43.608425,2025,2025-06-23
135000.0,22.0,1,34090,3.873922,43.620205,2025,2025-06-17
225360.0,56.0,2,34000,3.8827,43.608879,2025,2025-06-10
166500.0,68.0,3,34070,3.88571,43.584374,2025,2025-06-19
97000.0,20.0,1,34000,3.907443,43.610901,2025,2025-06-05
132000.0,31.0,1,34070,3.836581,43.605536,2025,2025-06-20
170000.0,74.0,4,34070,3.868279,43.597017,2025,2025-06-12
81600.0,28.0,1,34090,3.842283,43.628897,2025,2025-06-03
305471.0,74.0,3,34000,3.885853,43.606513,2025,2025-06-10
170000.0,43.0,2,34090,3.853873,43.623376,2025,2025-06-06
130000.0,30.0,2,34000,3.897596,43.602334,2025,2025-06-06
143000.0,83.0,4,34070,3.846077,43.61599,2025,2025-06-02
230000.0,57.0,3,34000,3.880869,43.601676,2025,2025-06-19
60000.0,26.0,1,34090,3.84562,43.627769,2025,2025-05-27
245000.0,60.0,3,34090,3.850739,43.637893,2025,2025-06-20
61000.0,20.0,1,34090,3.872329,43.619911,2025,2025-06-05
112635.0,24.0,1,34070,3.854115,43.600002,2025,2025-06-11
254500.0,86.0,4,34000,3.891014,43.613888,2025,2025-06-11
185000.0,67.0,4,34000,3.858643,43.618409,2025,2025-06-05
212980.0,62.0,3,34070,3.843817,43.592403,2025,2025-06-11
46772.0,33.0,1,34080,3.817167,43.626589,2025,2025-06-06
145000.0,41.0,2,34090,3.851498,43.625245,2025,2025-06-16
151280.0,43.0,1,34000,3.897642,43.608478,2025,2025-06-25
155650.0,39.0,1,34070,3.860815,43.59335,2025,2025-06-20
175650.0,79.0,4,34080,3.827542,43.615832,2025,2025-06-20
120000.0,58.0,2,34000,3.895624,43.606577,2025,2025-06-04
308000.0,86.0,4,34090,3.878987,43.622238,2025,2025-06-12
90000.0,24.0,1,34000,3.878418,43.612413,2025,2025-06-13
100000.0,22.0,2,34000,3.875569,43.606301,2025,2025-05-21
205000.0,90.0,5,34070,3.857382,43.593153,2025,2025-06-20
85000.0,25.0,1,34080,3.847504,43.62381,2025,2025-06-13
97000.0,46.0,2,34000,3.869315,43.613249,2025,2025-06-19
50000.0,16.0,1,34090,3.873072,43.620952,2025,2025-06-20
120000.0,48.0,2,34070,3.868984,43.592641,2025,2025-06-11
248113.0,68.0,3,34070,3.894479,43.600441,2025,2025-06-20
190500.0,74.0,4,34000,3.868654,43.614572,2025,2025-06-13
137000.0,56.0,3,34070,3.844998,43.595063,2025,2025-06-20
113000.0,46.0,2,34070,3.838534,43.597787,2025,2025-06-20
135000.0,47.0,2,34080,3.839912,43.620624,2025,2025-06-19
177100.0,39.0,2,34070,3.894584,43.600902,2025,2025-06-24
185000.0,38.0,2,34000,3.864231,43.610536,2025,2025-06-23
118000.0,55.0,2,34070,3.836052,43.608116,2025,2025-06-20
234400.0,68.0,3,34000,3.894417,43.603146,2025,2025-06-24
126000.0,38.0,2,34000,3.875533,43.613203,2025,2025-06-13
142800.0,48.0,2,34080,3.8359,43.632537,2025,2025-06-25
176500.0,62.0,3,34070,3.857382,43.593153,2025,2025-06-25
185000.0,99.0,5,34070,3.854993,43.593074,2025,2025-06-04
160000.0,72.0,4,34080,3.834593,43.614124,2025,2025-06-12
285000.0,77.0,4,34090,3.875671,43.628496,2025,2025-06-10
128000.0,45.0,2,34070,3.854115,43.600002,2025,2025-06-02
82000.0,22.0,1,34000,3.880018,43.616298,2025,2025-06-06
115000.0,30.0,1,34000,3.893083,43.609122,2025,2025-06-20
103000.0,34.0,1,34080,3.841074,43.623897,2025,2025-06-03
156500.0,69.0,3,34070,3.859954,43.607871,2025,2025-06-06
96800.0,67.0,3,34080,3.814024,43.639114,2025,2025-06-10
289000.0,95.0,4,34070,3.842863,43.604698,2025,2025-06-02
135000.0,50.0,2,34070,3.860815,43.59335,2025,2025-06-24
224000.0,57.0,3,34070,3.850308,43.589542,2025,2025-06-13
118000.0,37.0,2,34070,3.859627,43.591212,2025,2025-06-17
518000.0,103.0,4,34000,3.898665,43.600626,2025,2025-06-16
134900.0,32.0,1,34000,3.89571,43.60574,2025,2025-06-25
89100.0,22.0,1,34090,3.877104,43.615745,2025,2025-06-18
160000.0,37.0,2,34090,3.881011,43.622278,2025,2025-04-25
109000.0,57.0,3,34080,3.830808,43.615516,2025,2025-06-12
199000.0,54.0,3,34000,3.874528,43.604497,2025,2025-06-13
353550.0,65.0,3,34000,3.875197,43.608849,2025,2025-06-13
242000.0,70.0,4,34000,3.86706,43.617116,2025,2025-06-12
114100.0,30.0,2,34000,3.880667,43.608058,2025,2025-06-03
129000.0,33.0,2,34070,3.8862,43.605688,2025,2025-06-18
131500.0,26.0,1,34090,3.869135,43.619275,2025,2025-06-16
138000.0,31.0,1,34090,3.849903,43.626298,2025,2025-06-11
152000.0,49.0,2,34090,3.842617,43.640476,2025,2025-06-20
127000.0,36.0,1,34000,3.895624,43.606577,2025,2025-06-13
143700.0,39.0,2,34070,3.882176,43.592181,2025,2025-06-19
188400.0,38.0,3,34000,3.880805,43.602757,2025,2025-06-04
215102.0,92.0,5,34090,3.871224,43.627565,2025,2025-06-24
167000.0,50.0,3,34000,3.893796,43.605541,2025,2025-06-03
216150.0,63.0,3,34000,3.880345,43.60228,2025,2025-06-06
170000.0,44.0,2,34000,3.897937,43.616795,2025,2025-06-26
289000.0,69.0,3,34070,3.864297,43.609807,2025,2025-06-20
108300.0,44.0,2,34070,3.872147,43.59093,2025,2025-06-06
140310.0,32.0,1,34000,3.886762,43.6266,2025,2025-06-10
190000.0,40.0,2,34070,3.847265,43.598705,2025,2025-06-24
156000.0,44.0,2,34070,3.830582,43.606811,2025,2025-06-26
95000.0,42.0,2,34070,3.867021,43.595401,2025,2025-06-24
233000.0,50.0,2,34000,3.875227,43.611477,2025,2025-06-19
365180.0,76.0,3,34000,3.903563,43.599184,2025,2025-06-24
178000.0,70.0,4,34070,3.87385,43.594873,2025,2025-06-12
127000.0,28.0,1,34000,3.882735,43.615631,2025,2025-06-06
230000.0,69.0,4,34000,3.868654,43.614572,2025,2025-06-16
259000.0,90.0,4,34000,3.873603,43.602929,2025,2025-06-19
235000.0,42.0,2,34000,3.90354,43.59873,2025,2025-06-02
139000.0,53.0,2,34070,3.846077,43.61599,2025,2025-06-27
212000.0,59.0,3,34070,3.887983,43.59599,2025,2025-06-25
509700.0,120.0,3,34070,3.867147,43.598172,2025,2025-06-06
235500.0,67.0,3,34000,3.889587,43.608363,2025,2025-06-20
180000.0,68.0,3,34000,3.875493,43.609576,2025,2025-06-13
220000.0,71.0,3,34000,3.88704,43.621277,2025,2025-06-20
325000.0,96.0,5,34090,3.875671,43.628496,2025,2025-06-18
120000.0,42.0,2,34000,3.878367,43.612468,2025,2025-06-23
254700.0,81.0,4,34070,3.851531,43.589201,2025,2025-06-26
244000.0,62.0,3,34000,3.866741,43.626741,2025,2025-06-16
166000.0,50.0,2,34070,3.854115,43.600002,2025,2025-06-27
117000.0,31.0,2,34080,3.832006,43.620973,2025,2025-06-02
99000.0,33.0,2,34080,3.841694,43.624554,2025,2025-06-25
240000.0,62.0,3,34000,3.848503,43.616894,2025,2025-07-01
115000.0,31.0,1,34090,3.849903,43.626298,2025,2025-06-27
169500.0,102.0,6,34070,3.836052,43.608116,2025,2025-06-18
106960.0,60.0,3,34070,3.851531,43.589201,2025,2025-06-30
418300.0,72.0,3,34000,3.901953,43.607207,2025,2025-06-30
190350.0,42.0,2,34070,3.883608,43.605144,2025,2025-06-18
625000.0,124.0,4,34000,3.899491,43.600329,2025,2025-07-01
106770.0,33.0,1,34070,3.852781,43.591173,2025,2025-06-12
189000.0,56.0,3,34070,3.883955,43.605665,2025,2025-06-05
130000.0,44.0,2,34080,3.841279,43.620456,2025,2025-06-27
114700.0,28.0,1,34070,3.89376,43.601154,2025,2025-06-26
142500.0,68.0,3,34070,3.87236,43.598225,2025,2025-06-12
156717.0,67.0,3,34080,3.826286,43.613981,2025,2025-06-26
236000.0,74.0,3,34000,3.881407,43.606219,2025,2025-06-30
147000.0,68.0,4,34070,3.88694,43.598902,2025,2025-06-16
300000.0,91.0,4,34070,3.862541,43.617304,2025,2025-06-25
326000.0,96.0,4,34090,3.877036,43.622962,2025,2025-06-16
242000.0,79.0,4,34070,3.858043,43.590199,2025,2025-06-17
120250.0,40.0,2,34070,3.868279,43.597017,2025,2025-06-23
117000.0,32.0,1,34000,3.883519,43.618439,2025,2025-06-30
410000.0,87.0,4,34070,3.87922,43.591975,2025,2025-06-18
42900.0,13.0,1,34080,3.835979,43.613944,2025,2025-06-10
255780.0,46.0,2,34090,3.871949,43.618946,2025,2025-06-10
348820.0,114.0,5,34070,3.851522,43.615671,2025,2025-06-30
86000.0,35.0,1,34080,3.84638,43.619152,2025,2025-06-27
228750.0,64.0,3,34070,3.864297,43.609807,2025,2025-05-07
147500.0,47.0,2,34000,3.875729,43.610729,2025,2025-06-12
66000.0,21.0,1,34070,3.85269,43.603029,2025,2025-06-30
165430.0,74.0,4,34000,3.877588,43.61279,2025,2025-06-05
213210.0,70.0,3,34070,3.854115,43.600002,2025,2025-06-27
95500.0,27.0,1,34090,3.846838,43.62966,2025,2025-06-26
109000.0,61.0,3,34070,3.868903,43.593832,2025,2025-07-02
58000.0,43.0,2,34080,3.817167,43.626589,2025,2025-06-09
100000.0,78.0,4,34080,3.844427,43.621061,2025,2025-06-19
92500.0,21.0,1,34000,3.873939,43.60532,2025,2025-07-01
66000.0,25.0,1,34080,3.841108,43.619029,2025,2025-06-11
78053.95,23.0,1,34070,3.863443,43.60871,2025,2025-06-13
134000.0,70.0,3,34080,3.847297,43.621955,2025,2025-06-23
162000.0,43.0,2,34000,3.870063,43.613817,2025,2025-06-23
124000.0,38.0,1,34000,3.891485,43.60737,2025,2025-06-30
181800.0,41.0,2,34070,3.855439,43.615655,2025,2025-06-16
70000.0,32.0,1,34000,3.874063,43.600755,2025,2025-07-01
222350.0,66.0,3,34070,3.889455,43.601023,2025,2025-06-17
84270.0,18.0,1,34090,3.838355,43.640196,2025,2025-07-04
143313.0,67.0,4,34070,3.855459,43.601074,2025,2025-07-03
110000.0,39.0,2,34080,3.831356,43.6141,2025,2025-06-20
260000.0,99.0,5,34000,3.890074,43.613255,2025,2025-06-18
100000.0,29.0,2,34000,3.882631,43.604746,2025,2025-06-16
276500.0,71.0,3,34000,3.902474,43.601863,2025,2025-07-04
227000.0,40.0,2,34070,3.861144,43.600544,2025,2025-06-19
40000.0,19.0,1,34000,3.878938,43.601675,2025,2025-06-30
99000.0,29.0,2,34000,3.874898,43.597772,2025,2025-06-23
148105.0,36.0,2,34090,3.856229,43.633435,2025,2025-07-01
173500.0,56.0,2,34000,3.874063,43.600755,2025,2025-06-30
116823.0,93.0,5,34080,3.845616,43.621146,2025,2025-06-19
175160.0,51.0,3,34070,3.882773,43.596636,2025,2025-07-01
104000.0,48.0,2,34080,3.841683,43.617622,2025,2025-06-26
227000.0,40.0,2,34070,3.861144,43.600544,2025,2025-06-19
211950.0,48.0,1,34000,3.874397,43.607851,2025,2025-06-12
135000.0,33.0,1,34090,3.87339,43.63055,2025,2025-07-02
345000.0,82.0,4,34070,3.848856,43.591092,2025,2025-06-26
111500.0,29.0,1,34000,3.877522,43.609085,2025,2025-06-30
150000.0,42.0,2,34000,3.877085,43.60546,2025,2025-06-10
155350.0,33.0,2,34090,3.869688,43.616854,2025,2025-06-26
257500.0,63.0,3,34090,3.870983,43.625988,2025,2025-07-02
240000.0,42.0,2,34000,3.875515,43.614148,2025,2025-06-18
86000.0,24.0,1,34090,3.85444,43.620964,2025,2025-06-27
36000.0,10.0,1,34000,3.875194,43.607946,2025,2025-06-26
140000.0,46.0,2,34000,3.892732,43.606515,2025,2025-06-23
105000.0,26.0,1,34090,3.844744,43.633909,2025,2025-07-04
114800.0,39.0,2,34070,3.838372,43.604367,2025,2025-06-20
390420.0,124.0,6,34090,3.863205,43.61902,2025,2025-06-23
237300.0,64.0,4,34000,3.872213,43.600528,2025,2025-06-20
132800.0,45.0,2,34070,3.856255,43.582937,2025,2025-06-27
207843.0,63.0,3,34070,3.847497,43.590607,2025,2025-06-25
95000.0,41.0,2,34070,3.834406,43.610006,2025,2025-06-26
93400.0,20.0,1,34000,3.874828,43.607857,2025,2025-06-26
139000.0,37.0,2,34000,3.872398,43.607581,2025,2025-06-20
123000.0,35.0,2,34000,3.898207,43.617475,2025,2025-06-18
210500.0,60.0,2,34070,3.892901,43.599036,2025,2025-06-27
216000.0,63.0,3,34090,3.87722,43.616902,2025,2025-07-01
231580.0,84.0,4,34070,3.884236,43.593969,2025,2025-06-20
100000.0,33.0,1,34070,3.843817,43.592403,2025,2025-06-16
122250.0,46.0,2,34070,3.850361,43.604001,2025,2025-06-26
140240.0,46.0,2,34070,3.837188,43.604041,2025,2025-06-25
84000.0,21.0,1,34090,3.889849,43.632383,2025,2025-06-17
200000.0,62.0,3,34070,3.851449,43.591723,2025,2025-07-02
93000.0,36.0,1,34070,3.843817,43.592403,2025,2025-07-08
73100.0,26.0,1,34090,3.860745,43.626133,2025,2025-06-10
210000.0,72.0,5,34090,3.864609,43.618872,2025,2025-07-03
112000.0,78.0,4,34070,3.886522,43.592608,2025,2025-07-04
115000.0,46.0,2,34090,3.840836,43.627719,2025,2025-06-23
372300.0,77.0,3,34000,3.907778,43.605705,2025,2025-07-04
310000.0,64.0,3,34000,3.905033,43.599173,2025,2025-06-23
242000.0,59.0,3,34090,3.850649,43.638338,2025,2025-07-01
171000.0,51.0,3,34070,3.88694,43.598902,2025,2025-06-17
175000.0,57.0,2,34000,3.878104,43.598563,2025,2025-06-18
270000.0,96.0,5,34070,3.87236,43.598225,2025,2025-06-30
410000.0,81.0,4,34000,3.87557,43.60192,2025,2025-06-23
298650.0,75.0,3,34070,3.889477,43.596013,2025,2025-06-30
185340.0,77.0,4,34000,3.879066,43.596134,2025,2025-06-13
115025.0,85.0,3,34090,3.878255,43.618244,2025,2025-06-25
325000.0,64.0,3,34000,3.88132,43.606649,2025,2025-06-27
150200.0,38.0,2,34000,3.872099,43.612259,2025,2025-07-03
73000.0,32.0,1,34090,3.852553,43.621567,2025,2025-07-02
177000.0,67.0,4,34070,3.890712,43.601006,2025,2025-05-14
179000.0,50.0,2,34000,3.897937,43.616795,2025,2025-06-26
102000.0,31.0,1,34090,3.844076,43.633477,2025,2025-06-30
143800.0,72.0,3,34000,3.877956,43.604847,2025,2025-06-27
292100.0,99.0,5,34000,3.912366,43.614667,2025,2025-06-27
157000.0,62.0,3,34070,3.834406,43.610006,2025,2025-07-04
74000.0,21.0,1,34090,3.863853,43.618564,2025,2025-07-08
180000.0,56.0,3,34070,3.883955,43.605665,2025,2025-07-01
225000.0,57.0,3,34000,3.880869,43.601676,2025,2025-06-27
130000.0,37.0,2,34000,3.882777,43.603944,2025,2025-06-23
161000.0,42.0,2,34000,3.87306,43.60078,2025,2025-07-07
82000.0,19.0,1,34090,3.860745,43.626133,2025,2025-07-03
72000.0,19.0,1,34000,3.895381,43.603174,2025,2025-06-18
146700.0,76.0,4,34070,3.866188,43.595571,2025,2025-06-25
480000.0,135.0,5,34000,3.880225,43.608115,2025,2025-06-25
104000.0,19.0,1,34090,3.879837,43.623972,2025,2025-07-08
170240.0,37.0,2,34000,3.897596,43.602334,2025,2025-07-03
197100.0,52.0,2,34000,3.881602,43.607237,2025,2025-07-01
190415.0,49.0,3,34070,3.889779,43.599192,2025,2025-06-24
137275.0,39.0,2,34070,3.857006,43.588056,2025,2025-06-26
149000.0,79.0,5,34070,3.883533,43.592737,2025,2025-07-01
200905.0,53.0,3,34000,3.877179,43.613171,2025,2025-07-09
238000.0,80.0,3,34090,3.852821,43.620479,2025,2025-06-30
160090.0,52.0,2,34000,3.882037,43.604835,2025,2025-06-17
229000.0,45.0,2,34090,3.841912,43.639691,2025,2025-07-02
206630.0,44.0,2,34000,3.90428,43.60241,2025,2025-07-07
370000.0,80.0,4,34000,3.906072,43.599602,2025,2025-06-16
70000.0,26.0,1,34000,3.868163,43.609688,2025,2025-06-30
185000.0,67.0,4,34000,3.890504,43.604797,2025,2025-06-13
180300.0,63.0,3,34070,3.859336,43.581471,2025,2025-06-20
194250.0,50.0,2,34090,3.848031,43.628082,2025,2025-06-18
261800.0,58.0,3,34070,3.850502,43.590976,2025,2025-06-27
39000.0,23.0,1,34090,3.85444,43.620964,2025,2025-06-13
50000.0,33.0,2,34000,3.870132,43.60253,2025,2025-06-20
113000.0,34.0,2,34090,3.846267,43.632539,2025,2025-07-01
132000.0,47.0,2,34070,3.837082,43.598685,2025,2025-07-02
162000.0,88.0,4,34070,3.883362,43.596415,2025,2025-06-17
135514.0,70.0,3,34070,3.85736,43.608531,2025,2025-07-04
220000.0,66.0,3,34090,3.842724,43.642473,2025,2025-07-07
86150.0,18.0,1,34080,3.8436,43.635123,2025,2025-06-30
86000.0,26.0,1,34000,3.879203,43.613572,2025,2025-07-01
96000.0,31.0,1,34070,3.855822,43.615114,2025,2025-07-04
323000.0,72.0,3,34090,3.839766,43.640528,2025,2025-07-02
115000.0,29.0,1,34000,3.897641,43.601983,2025,2025-06-18
115000.0,48.0,2,34080,3.825337,43.613277,2025,2025-07-07
88000.0,20.0,1,34000,3.864367,43.610815,2025,2025-07-07
256015.0,107.0,4,34080,3.8359,43.632537,2025,2025-07-02
236250.0,56.0,3,34000,3.869124,43.605132,2025,2025-07-04
160000.0,82.0,4,34070,3.887362,43.594536,2025,2025-06-17
190000.0,37.0,2,34000,3.902597,43.598364,2025,2025-06-24
250000.0,82.0,4,34090,3.836081,43.641095,2025,2025-06-27
200000.0,56.0,3,34090,3.846922,43.638091,2025,2025-07-07
121350.0,30.0,1,34000,3.863083,43.61359,2025,2025-06-18
196000.0,63.0,3,34070,3.854115,43.600002,2025,2025-06-23
245950.0,71.0,3,34070,3.851531,43.589201,2025,2025-06-26
164000.0,41.0,2,34000,3.878112,43.608512,2025,2025-07-11
340000.0,90.0,4,34000,3.863083,43.61359,2025,2025-07-15
97000.0,33.0,2,34000,3.873366,43.610642,2025,2025-07-03
163148.0,62.0,3,34070,3.85352,43.587716,2025,2025-06-19
122000.0,32.0,1,34080,3.840425,43.62456,2025,2025-07-16
185500.0,81.0,4,34070,3.866464,43.591485,2025,2025-06-30
142000.0,47.0,2,34090,3.844188,43.640541,2025,2025-06-27
86000.0,28.0,1,34090,3.846838,43.62966,2025,2025-07-01
148260.0,51.0,3,34080,3.831356,43.6141,2025,2025-06-20
80000.0,45.0,2,34080,3.827141,43.612899,2025,2025-06-30
119100.0,25.0,1,34000,3.878181,43.612219,2025,2025-06-25
142410.0,40.0,2,34070,3.83734,43.596008,2025,2025-06-26
299000.0,85.0,5,34000,3.876458,43.607842,2025,2025-06-27
93750.0,25.0,1,34070,3.854115,43.600002,2025,2025-07-07
288000.0,69.0,3,34000,3.889488,43.60778,2025,2025-06-27
130000.0,32.0,1,34090,3.873657,43.624511,2025,2025-07-07
110000.0,59.0,2,34070,3.867489,43.594589,2025,2025-07-03
57370.0,17.0,1,34000,3.891014,43.613888,2025,2025-07-09
59000.0,19.0,1,34080,3.832006,43.620973,2025,2025-06-26
270150.0,90.0,4,34090,3.848031,43.628082,2025,2025-07-10
89050.0,18.0,1,34080,3.8436,43.635123,2025,2025-06-27
150000.0,48.0,2,34070,3.893146,43.601071,2025,2025-06-24
215000.0,59.0,3,34000,3.878087,43.601472,2025,2025-07-11
160170.0,46.0,2,34000,3.87891,43.614073,2025,2025-07-10
229000.0,65.0,3,34070,3.854115,43.600002,2025,2025-07-01
172505.0,73.0,4,34070,3.868421,43.594405,2025,2025-07-11
109733.0,46.0,2,34080,3.822443,43.615583,2025,2025-06-26
145000.0,46.0,1,34090,3.861522,43.623736,2025,2025-06-24
235000.0,93.0,3,34000,3.881156,43.601445,2025,2025-06-25
166000.0,66.0,2,34000,3.879049,43.602184,2025,2025-06-30
167650.0,54.0,3,34070,3.850361,43.604001,2025,2025-06-20
165526.0,38.0,2,34070,3.9103,43.602999,2025,2025-06-17
162350.0,66.0,3,34080,3.847271,43.619339,2025,2025-07-11
120000.0,55.0,3,34070,3.875352,43.594452,2025,2025-07-16
310786.0,92.0,5,34000,3.881846,43.606864,2025,2025-07-15
130900.0,55.0,3,34080,3.835979,43.613944,2025,2025-06-27
152900.0,61.0,3,34070,3.848269,43.597418,2025,2025-07-07
248100.0,57.0,3,34070,3.859377,43.58258,2025,2025-07-09
75000.0,21.0,1,34090,3.844825,43.632247,2025,2025-06-30
94090.0,48.0,2,34080,3.824969,43.614361,2025,2025-07-01
335850.0,104.0,3,34000,3.874027,43.610029,2025,2025-06-30
96300.0,23.0,2,34000,3.867305,43.60917,2025,2025-07-01
207650.0,61.0,3,34070,3.849169,43.590632,2025,2025-06-03
318600.0,70.0,4,34000,3.86706,43.617116,2025,2025-07-11
71500.0,20.0,1,34090,3.854352,43.622296,2025,2025-07-08
137010.0,48.0,2,34080,3.827187,43.616086,2025,2025-06-26
148800.0,43.0,2,34070,3.879735,43.595049,2025,2025-07-11
184000.0,77.0,4,34070,3.84738,43.604831,2025,2025-06-27
66500.0,20.0,1,34000,3.896269,43.605244,2025,2025-07-08
180200.0,34.0,2,34000,3.877595,43.607665,2025,2025-06-27
270000.0,83.0,3,34000,3.878099,43.610217,2025,2025-07-08
366120.0,68.0,3,34000,3.902657,43.597912,2025,2025-06-30
238650.0,67.0,3,34070,3.839562,43.597492,2025,2025-07-01
205000.0,81.0,4,34080,3.831528,43.613498,2025,2025-06-26
168000.0,44.0,2,34090,3.840041,43.639678,2025,2025-07-01
276600.0,80.0,4,34080,3.829267,43.634493,2025,2025-07-17
149000.0,41.0,2,34070,3.862937,43.585382,2025,2025-06-25
116500.0,33.0,2,34070,3.894359,43.601455,2025,2025-06-27
494000.0,100.0,4,34000,3.878556,43.600159,2025,2025-07-03
400000.0,89.0,4,34000,3.894987,43.611208,2025,2025-07-08
162600.0,40.0,2,34000,3.898207,43.617475,2025,2025-07-03
317308.0,128.0,5,34070,3.860815,43.59335,2025,2025-07-03
152430.0,56.0,3,34080,3.841541,43.621563,2025,2025-07-02
71500.0,19.0,1,34000,3.883557,43.602167,2025,2025-07-01
150000.0,42.0,2,34080,3.83258,43.632836,2025,2025-07-07
61506.8,22.0,1,34080,3.824762,43.632548,2025,2025-07-18
103010.0,45.0,2,34000,3.872524,43.605585,2025,2025-06-30
265000.0,77.0,4,34000,3.877079,43.603393,2025,2025-07-01
278000.0,69.0,3,34000,3.87306,43.60078,2025,2025-06-30
108000.0,41.0,2,34080,3.831356,43.6141,2025,2025-06-27
177543.0,64.0,3,34070,3.85352,43.587716,2025,2025-07-16
164000.0,47.0,2,34000,3.8767,43.608076,2025,2025-07-04
78000.0,24.0,1,34080,3.837587,43.624674,2025,2025-07-01
176000.0,69.0,3,34070,3.88571,43.584374,2025,2025-06-25
99237.0,44.0,2,34080,3.822443,43.615583,2025,2025-07-17
279000.0,67.0,3,34000,3.904518,43.609703,2025,2025-07-09
171150.0,46.0,1,34070,3.866049,43.607167,2025,2025-06-27
78000.0,22.0,1,34070,3.88342,43.605127,2025,2025-06-27
81000.0,19.0,1,34000,3.875913,43.611545,2025,2025-06-30
368300.0,128.0,4,34070,3.860815,43.59335,2025,2025-07-18
75000.0,17.0,1,34090,3.873657,43.624511,2025,2025-07-04
140070.0,51.0,3,34070,3.882773,43.596636,2025,2025-07-07
97000.0,43.0,2,34070,3.863661,43.605049,2025,2025-07-11
475000.0,113.0,4,34000,3.880643,43.608641,2025,2025-07-11
165000.0,46.0,2,34000,3.895451,43.62403,2025,2025-07-01
89000.0,21.0,1,34090,3.856229,43.633435,2025,2025-07-18
209000.0,66.0,3,34080,3.833728,43.63262,2025,2025-07-08
215420.0,69.0,3,34070,3.865319,43.589942,2025,2025-07-21
184000.0,37.0,2,34000,3.905712,43.604967,2025,2025-07-07
192000.0,55.0,2,34070,3.864297,43.609807,2025,2025-05-27
171950.0,49.0,2,34000,3.898341,43.619325,2025,2025-07-22
177500.0,85.0,5,34070,3.885539,43.594369,2025,2025-07-18
159377.0,27.0,1,34000,3.875451,43.60793,2025,2025-07-01
135000.0,46.0,2,34080,3.839996,43.617962,2025,2025-07-21
136400.0,43.0,2,34080,3.847984,43.622477,2025,2025-07-11
56160.0,15.0,1,34090,3.878544,43.62876,2025,2025-07-03
279200.0,77.0,4,34000,3.907872,43.609407,2025,2025-07-04
127000.0,35.0,2,34000,3.869361,43.613366,2025,2025-07-04
75000.0,31.0,1,34090,3.871224,43.627565,2025,2025-07-02
111500.0,54.0,3,34080,3.830808,43.615516,2025,2025-07-03
149000.0,36.0,2,34000,3.878087,43.601472,2025,2025-07-07
282500.0,63.0,3,34000,3.902597,43.598364,2025,2025-07-11
135000.0,69.0,3,34070,3.846077,43.61599,2025,2025-07-02
108000.0,22.0,1,34090,3.869192,43.627993,2025,2025-07-08
264700.0,68.0,3,34000,3.870273,43.600175,2025,2025-07-11
45500.0,11.0,2,34000,3.87558,43.607419,2025,2025-07-17
336010.0,93.0,3,34000,3.873157,43.607219,2025,2025-07-22
197000.0,44.0,2,34000,3.904554,43.602479,2025,2025-07-09
191100.0,51.0,2,34070,3.884972,43.602009,2025,2025-07-08
215650.0,84.0,4,34090,3.869697,43.626179,2025,2025-07-07
124000.0,41.0,2,34070,3.878927,43.593629,2025,2025-07-18
224800.0,70.0,3,34090,3.840983,43.639293,2025,2025-07-11
117000.0,33.0,2,34070,3.842863,43.604698,2025,2025-07-21
139000.0,38.0,2,34070,3.858466,43.59018,2025,2025-07-21
97500.0,27.0,1,34090,3.846161,43.632044,2025,2025-07-08
61125.0,22.0,1,34090,3.852553,43.621567,2025,2025-07-24
105000.0,28.0,1,34090,3.842283,43.628897,2025,2025-07-18
262000.0,70.0,4,34000,3.86706,43.617116,2025,2025-07-07
132600.0,41.0,2,34090,3.837875,43.6391,2025,2025-07-18
97500.0,34.0,2,34070,3.883719,43.604775,2025,2025-07-08
304560.0,88.0,4,34070,3.850308,43.589542,2025,2025-07-23
131528.0,31.0,2,34090,3.850649,43.638338,2025,2025-07-16
118300.0,25.0,1,34090,3.873657,43.624511,2025,2025-07-15
73000.0,20.0,1,34090,3.877104,43.615745,2025,2025-07-07
220900.0,56.0,3,34000,3.873179,43.603429,2025,2025-07-11
131200.0,29.0,2,34070,3.888278,43.60225,2025,2025-07-11
225000.0,67.0,3,34000,3.889488,43.60778,2025,2025-06-24
123290.0,48.0,2,34070,3.853903,43.590045,2025,2025-07-18
122000.0,32.0,2,34090,3.891988,43.628023,2025,2025-07-17
260200.0,71.0,2,34000,3.87802,43.605559,2025,2025-07-17
133000.0,26.0,2,34000,3.876204,43.609117,2025,2025-07-18
171850.0,44.0,3,34090,3.861535,43.625249,2025,2025-07-09
199000.0,47.0,2,34000,3.897429,43.602694,2025,2025-07-25
94610.0,21.0,1,34090,3.867116,43.635008,2025,2025-07-03
172000.0,49.0,2,34000,3.891532,43.606104,2025,2025-07-16
80000.0,21.0,1,34090,3.867116,43.635008,2025,2025-07-16
251285.0,60.0,3,34070,3.846538,43.60439,2025,2025-07-18
292620.0,58.0,3,34000,3.895381,43.603174,2025,2025-07-17
128000.0,23.0,1,34000,3.876368,43.609052,2025,2025-07-18
113000.0,27.0,2,34090,3.860896,43.627779,2025,2025-07-09
196000.0,32.0,2,34000,3.87659,43.6081,2025,2025-07-15
151000.0,53.0,3,34070,3.885062,43.601305,2025,2025-07-10
70000.0,37.0,1,34080,3.841634,43.61433,2025,2025-07-01
468350.0,159.0,5,34000,3.890749,43.606067,2025,2025-07-24
189375.0,72.0,4,34000,3.888395,43.614724,2025,2025-07-16
80000.0,33.0,1,34070,3.882303,43.592589,2025,2025-07-16
82070.0,24.0,1,34070,3.854115,43.600002,2025,2025-07-09
128100.0,44.0,2,34070,3.859937,43.604521,2025,2025-07-04
188000.0,56.0,2,34000,3.869104,43.601502,2025,2025-06-27
282350.0,84.0,4,34070,3.859336,43.581471,2025,2025-06-30
282030.0,47.0,2,34000,3.865218,43.610079,2025,2025-07-11
109000.0,64.0,3,34070,3.882303,43.592589,2025,2025-07-24
120000.0,38.0,2,34000,3.890798,43.620949,2025,2025-07-24
211000.0,72.0,3,34090,3.873724,43.632474,2025,2025-07-08
105000.0,21.0,1,34090,3.86267,43.626345,2025,2025-07-28
65430.0,19.0,1,34000,3.869755,43.60869,2025,2025-07-02
90000.0,40.0,2,34000,3.873463,43.609564,2025,2025-07-10
175850.0,57.0,3,34000,3.8928,43.61543,2025,2025-07-09
129000.0,20.0,1,34000,3.881974,43.616061,2025,2025-07-10
145000.0,30.0,2,34070,3.894584,43.600902,2025,2025-07-10
102250.0,23.0,1,34090,3.851498,43.625245,2025,2025-07-23
143000.0,40.0,1,34000,3.891014,43.613888,2025,2025-07-01
207200.0,67.0,4,34070,3.885921,43.601354,2025,2025-07-17
131000.0,42.0,2,34070,3.827045,43.611254,2025,2025-07-10
67200.0,19.0,1,34080,3.824287,43.61458,2025,2025-07-01
82500.0,26.0,1,34070,3.891022,43.590893,2025,2025-07-04
233850.0,86.0,4,34070,3.854169,43.608526,2025,2025-07-09
38000.0,19.0,1,34080,3.834838,43.6149,2025,2025-07-02
161490.0,36.0,2,34070,3.894636,43.599749,2025,2025-07-02
110200.0,24.0,1,34000,3.866346,43.613954,2025,2025-07-08
220520.0,57.0,3,34070,3.851842,43.591823,2025,2025-07-08
125000.0,31.0,1,34000,3.88786,43.60634,2025,2025-07-08
202000.0,57.0,2,34000,3.887411,43.605769,2025,2025-07-16
168000.0,63.0,3,34080,3.849301,43.621547,2025,2025-07-07
149000.0,47.0,1,34070,3.867499,43.598342,2025,2025-06-20
395000.0,79.0,2,34000,3.905373,43.597271,2025,2025-07-11
130000.0,44.0,2,34080,3.83258,43.632836,2025,2025-07-08
245000.0,80.0,3,34000,3.885292,43.621256,2025,2025-07-21
72000.0,55.0,3,34070,3.848628,43.60834,2025,2025-07-11
112000.0,27.0,1,34000,3.893415,43.604874,2025,2025-07-10
230000.0,49.0,2,34000,3.881688,43.598886,2025,2025-06-23
170000.0,45.0,2,34080,3.83305,43.6325,2025,2025-07-08
108000.0,33.0,2,34080,3.841694,43.624554,2025,2025-07-28
263600.0,66.0,3,34000,3.903949,43.606884,2025,2025-07-24
460000.0,111.0,3,34000,3.89797,43.60691,2025,2025-07-23
95000.0,21.0,1,34090,3.866041,43.625921,2025,2025-07-25
51000.0,16.0,1,34080,3.832006,43.620973,2025,2025-07-04
93100.0,32.0,2,34080,3.847297,43.621955,2025,2025-07-17
182000.0,37.0,2,34070,3.854585,43.61248,2025,2025-07-28
323850.0,88.0,3,34000,3.876407,43.605165,2025,2025-07-16
182000.0,44.0,2,34000,3.88484,43.626886,2025,2025-07-16
215010.0,69.0,4,34000,3.8928,43.61543,2025,2025-07-09
114820.0,30.0,1,34000,3.880336,43.613604,2025,2025-07-07
186240.0,55.0,2,34070,3.848856,43.591092,2025,2025-07-15
304000.0,125.0,5,34090,3.878059,43.615535,2025,2025-07-04
121000.0,56.0,2,34080,3.841683,43.617622,2025,2025-07-11
158000.0,57.0,2,34090,3.840983,43.639293,2025,2025-07-18
252000.0,90.0,4,34090,3.873657,43.624511,2025,2025-07-22
230270.0,94.0,4,34070,3.849895,43.607655,2025,2025-07-17
151400.0,68.0,4,34080,3.830808,43.615516,2025,2025-07-17
100000.0,29.0,3,34070,3.865563,43.607838,2025,2025-07-18
330000.0,90.0,4,34080,3.831666,43.63305,2025,2025-07-25
241500.0,67.0,3,34000,3.870374,43.604424,2025,2025-07-04
128000.0,61.0,3,34070,3.868903,43.593832,2025,2025-07-15
108850.0,34.0,1,34090,3.865709,43.622756,2025,2025-07-11
183000.0,66.0,3,34070,3.853789,43.589707,2025,2025-07-24
325000.0,86.0,4,34090,3.878987,43.622238,2025,2025-07-11
131100.0,42.0,2,34070,3.842621,43.591855,2025,2025-07-17
230000.0,82.0,3,34070,3.85675,43.611173,2025,2025-07-25
132080.0,36.0,2,34000,3.87534,43.611415,2025,2025-07-18
75000.0,17.0,1,34090,3.844744,43.633909,2025,2025-07-15
72000.0,33.0,2,34080,3.824762,43.632548,2025,2025-07-22
199500.0,62.0,3,34070,3.860172,43.58096,2025,2025-07-15
81500.0,18.0,1,34090,3.856655,43.631871,2025,2025-07-01
80000.0,17.0,1,34090,3.873657,43.624511,2025,2025-07-23
157738.0,56.0,3,34000,3.860218,43.614319,2025,2025-07-28
314370.0,75.0,4,34000,3.882,43.614576,2025,2025-07-24
225000.0,70.0,3,34000,3.891014,43.613888,2025,2025-07-25
107000.0,45.0,2,34080,3.847988,43.62099,2025,2025-07-08
365620.0,95.0,4,34070,3.863242,43.605911,2025,2025-07-22
85000.0,19.0,1,34070,3.894357,43.601897,2025,2025-07-28
98000.0,22.0,1,34080,3.8436,43.635123,2025,2025-07-24
140000.0,44.0,2,34070,3.853028,43.587231,2025,2025-07-29
88000.0,63.0,3,34080,3.845446,43.620349,2025,2025-07-18
135000.0,47.0,2,34080,3.836867,43.632166,2025,2025-07-25
123000.0,36.0,1,34090,3.837803,43.639037,2025,2025-07-02
170000.0,97.0,5,34080,3.843839,43.619515,2025,2025-07-17
89000.0,46.0,2,34070,3.853134,43.601785,2025,2025-07-25
175000.0,65.0,2,34000,3.874336,43.6125,2025,2025-07-25
285450.0,69.0,3,34090,3.879144,43.614945,2025,2025-07-18
249670.0,77.0,4,34080,3.841683,43.617622,2025,2025-07-15
140000.0,45.0,2,34080,3.841634,43.61433,2025,2025-07-23
143000.0,67.0,4,34070,3.883533,43.592737,2025,2025-07-29
345050.0,67.0,3,34070,3.864997,43.609028,2025,2025-07-30
72000.0,26.0,2,34070,3.85269,43.603029,2025,2025-07-28
49000.0,14.0,1,34000,3.8731,43.608103,2025,2025-07-15
170000.0,41.0,1,34090,3.873223,43.632688,2025,2025-07-15
330000.0,120.0,5,34090,3.875652,43.628043,2025,2025-07-04
310000.0,93.0,4,34000,3.873157,43.607219,2025,2025-07-24
107000.0,48.0,2,34070,3.872186,43.589789,2025,2025-07-22
265000.0,69.0,3,34080,3.836867,43.632166,2025,2025-07-24
166700.0,48.0,1,34000,3.884908,43.609836,2025,2025-07-23
256300.0,86.0,4,34070,3.859954,43.607871,2025,2025-07-24
185130.0,74.0,3,34000,3.905373,43.597271,2025,2025-07-10
158000.0,46.0,2,34070,3.873106,43.597041,2025,2025-07-22
480000.0,126.0,4,34000,3.873769,43.609026,2025,2025-07-17
190264.0,44.0,2,34000,3.899793,43.597635,2025,2025-07-10
133330.0,73.0,4,34070,3.868421,43.594405,2025,2025-07-17
185130.0,73.0,3,34000,3.905373,43.597271,2025,2025-07-10
85340.0,21.0,1,34070,3.85269,43.603029,2025,2025-07-24
449350.0,109.0,5,34090,3.865128,43.61914,2025,2025-07-04
132000.0,44.0,2,34080,3.832413,43.634911,2025,2025-07-30
210200.0,70.0,3,34070,3.873106,43.597041,2025,2025-07-17
260200.0,91.0,4,34070,3.854115,43.600002,2025,2025-07-21
169500.0,32.0,1,34000,3.873139,43.60565,2025,2025-07-31
170000.0,80.0,4,34070,3.845992,43.597212,2025,2025-07-30
52750.0,24.0,1,34000,3.869695,43.614702,2025,2025-07-24
145000.0,42.0,2,34090,3.872663,43.620739,2025,2025-07-24
223500.0,60.0,3,34000,3.897615,43.618085,2025,2025-07-23
197000.0,51.0,2,34000,3.882247,43.602661,2025,2025-07-24
103000.0,20.0,2,34090,3.878723,43.616767,2025,2025-07-17
147125.0,108.0,7,34080,3.844427,43.621061,2025,2025-07-22
510000.0,135.0,3,34090,3.880986,43.6261,2025,2025-07-16
404700.0,70.0,3,34000,3.897615,43.618085,2025,2025-07-21
97000.0,30.0,1,34070,3.858487,43.59273,2025,2025-07-17
502000.0,106.0,4,34070,3.88609,43.60543,2025,2025-07-18
420750.0,90.0,4,34070,3.855313,43.612945,2025,2025-07-18
130000.0,40.0,2,34080,3.82766,43.635919,2025,2025-07-17
185500.0,77.0,4,34070,3.84738,43.604831,2025,2025-07-30
130000.0,36.0,2,34070,3.867232,43.59711,2025,2025-07-24
168300.0,62.0,3,34090,3.852553,43.621567,2025,2025-07-15
261109.15,71.0,4,34000,3.89888,43.615496,2025,2025-07-16
300020.0,73.0,3,34000,3.897996,43.603349,2025,2025-07-17
285000.0,67.0,3,34000,3.87951,43.612268,2025,2025-07-28
150000.0,72.0,4,34070,3.867631,43.606353,2025,2025-07-16
142000.0,40.0,2,34000,3.889063,43.605714,2025,2025-07-24
161000.0,46.0,2,34000,3.893083,43.609122,2025,2025-07-25
67500.0,15.0,1,34000,3.875436,43.61163,2025,2025-07-21
130000.0,55.0,3,34070,3.885921,43.601354,2025,2025-07-28
112000.0,24.0,1,34090,3.844076,43.633477,2025,2025-07-30
360000.0,122.0,5,34000,3.885853,43.606513,2025,2025-07-29
468300.0,86.0,4,34000,3.902126,43.597026,2025,2025-08-04
192000.0,80.0,3,34000,3.877601,43.611856,2025,2025-07-29
231100.0,96.0,3,34080,3.838408,43.61972,2025,2025-08-04
305200.0,123.0,5,34000,3.89102,43.61285,2025,2025-07-16
78370.0,50.0,2,34090,3.873657,43.624511,2025,2025-07-08
155000.0,62.0,3,34080,3.851374,43.623156,2025,2025-07-29
198000.0,50.0,2,34080,3.828184,43.633105,2025,2025-07-30
204300.0,65.0,3,34070,3.859954,43.607871,2025,2025-07-31
133000.0,29.0,2,34000,3.864209,43.611144,2025,2025-07-25
171980.0,48.0,2,34000,3.872263,43.599476,2025,2025-08-05
205000.0,82.0,4,34070,3.841297,43.604181,2025,2025-07-18
65000.0,28.0,1,34070,3.862576,43.60379,2025,2025-07-11
175000.0,71.0,3,34070,3.859984,43.586125,2025,2025-07-24
239500.0,43.0,2,34000,3.875515,43.614148,2025,2025-07-09
130250.0,39.0,2,34070,3.838372,43.604367,2025,2025-07-21
175700.0,47.0,2,34090,3.854914,43.639456,2025,2025-07-25
128990.0,22.0,1,34090,3.877048,43.621493,2025,2025-08-04
148000.0,36.0,2,34000,3.878087,43.601472,2025,2025-07-30
435000.0,142.0,4,34000,3.877361,43.604958,2025,2025-08-04
150000.0,41.0,2,34090,3.872686,43.636985,2025,2025-07-10
107000.0,67.0,4,34070,3.886522,43.592608,2025,2025-07-22
126000.0,66.0,2,34000,3.880037,43.611032,2025,2025-07-03
101090.0,23.0,1,34090,3.871685,43.634953,2025,2025-08-07
197000.0,60.0,3,34070,3.847497,43.590607,2025,2025-07-09
240000.0,51.0,3,34000,3.885292,43.621256,2025,2025-07-16
348000.0,105.0,4,34000,3.882224,43.608169,2025,2025-07-21
159000.0,109.0,4,34000,3.876276,43.61486,2025,2025-07-24
184110.0,50.0,2,34090,3.861166,43.618947,2025,2025-07-31
111550.0,41.0,2,34080,3.831528,43.613498,2025,2025-07-24
462450.0,105.0,4,34070,3.86008,43.582786,2025,2025-07-23
60000.0,25.0,1,34080,3.846555,43.619867,2025,2025-07-10
227000.0,73.0,3,34070,3.854115,43.600002,2025,2025-07-25
61000.0,22.0,1,34080,3.824762,43.632548,2025,2025-07-29
81900.0,33.0,1,34080,3.824762,43.632548,2025,2025-03-24
79400.0,33.0,2,34080,3.824762,43.632548,2025,2025-07-30
91000.0,25.0,1,34090,3.868518,43.63706,2025,2025-07-24
38390.0,17.0,1,34080,3.837947,43.613467,2025,2025-07-28
65400.0,22.0,1,34080,3.824762,43.632548,2025,2025-07-25
427600.0,110.0,4,34000,3.873135,43.609953,2025,2025-07-24
110000.0,71.0,4,34070,3.85736,43.608531,2025,2025-07-16
140500.0,73.0,4,34070,3.868421,43.594405,2025,2025-07-18
79300.0,22.0,1,34000,3.868831,43.604087,2025,2025-07-23
180000.0,96.0,5,34070,3.846077,43.61599,2025,2025-07-25
60000.0,41.0,2,34070,3.853884,43.605976,2025,2025-07-25
90250.0,27.0,1,34090,3.875506,43.626918,2025,2025-07-11
300000.0,71.0,3,34000,3.88786,43.60634,2025,2025-08-06
94000.0,21.0,1,34090,3.856229,43.633435,2025,2025-07-25
87500.0,35.0,2,34080,3.83588,43.621424,2025,2025-07-30
108950.0,45.0,2,34080,3.825337,43.613277,2025,2025-07-21
174000.0,43.0,2,34070,3.852017,43.58965,2025,2025-07-17
154000.0,40.0,2,34070,3.850346,43.590355,2025,2025-08-11
113930.0,26.0,1,34070,3.893722,43.60234,2025,2025-07-16
181000.0,41.0,3,34000,3.874199,43.608224,2025,2025-08-07
140100.0,28.0,1,34000,3.876167,43.607913,2025,2025-07-24
178500.0,57.0,2,34090,3.878442,43.616393,2025,2025-07-30
249000.0,68.0,4,34000,3.88905,43.618106,2025,2025-08-04
108405.0,23.0,1,34000,3.874769,43.612554,2025,2025-08-04
124650.0,51.0,3,34070,3.882773,43.596636,2025,2025-08-01
246670.0,70.0,2,34000,3.872553,43.605225,2025,2025-08-06
184500.0,39.0,2,34000,3.9103,43.602999,2025,2025-07-21
108000.0,47.0,2,34070,3.83598,43.597454,2025,2025-07-18
311560.0,105.0,5,34090,3.877457,43.629374,2025,2025-08-08
124000.0,27.0,1,34000,3.887367,43.603241,2025,2025-07-30
120000.0,41.0,3,34070,3.870383,43.599262,2025,2025-07-23
183000.0,59.0,3,34070,3.879735,43.595049,2025,2025-08-01
174000.0,51.0,3,34000,3.875141,43.60967,2025,2025-08-06
220000.0,71.0,5,34070,3.864003,43.60575,2025,2025-07-25
140000.0,40.0,2,34070,3.879735,43.595049,2025,2025-07-31
62000.0,21.0,1,34090,3.86102,43.624829,2025,2025-07-31
168300.0,63.0,3,34090,3.835902,43.641366,2025,2025-07-28
298000.0,74.0,3,34090,3.878987,43.622238,2025,2025-08-05
159000.0,109.0,4,34000,3.876276,43.61486,2025,2025-07-23
88000.0,55.0,3,34070,3.886522,43.592608,2025,2025-07-17
296000.0,65.0,3,34000,3.902657,43.597912,2025,2025-07-29
161700.0,42.0,2,34070,3.857121,43.580921,2025,2025-07-24
135000.0,32.0,2,34000,3.865146,43.610472,2025,2025-08-01
95000.0,25.0,1,34090,3.849118,43.636798,2025,2025-07-31
129559.0,45.0,2,34070,3.85352,43.587716,2025,2025-08-04
102000.0,23.0,2,34090,3.844188,43.640541,2025,2025-06-13
168000.0,31.0,1,34000,3.8707,43.604519,2025,2025-07-23
190000.0,72.0,3,34090,3.853251,43.622942,2025,2025-08-01
347200.0,82.0,4,34000,3.903771,43.607477,2025,2025-07-22
240000.0,59.0,3,34000,3.869327,43.606398,2025,2025-07-31
252000.0,65.0,3,34000,3.904648,43.610982,2025,2025-07-21
154500.0,40.0,2,34090,3.840609,43.638081,2025,2025-07-24
92000.0,33.0,2,34070,3.84659,43.598277,2025,2025-07-28
234640.0,63.0,2,34000,3.88921,43.61903,2025,2025-07-29
107000.0,59.0,2,34080,3.830119,43.615175,2025,2025-06-16
39900.0,11.0,1,34000,3.87558,43.607419,2025,2025-08-06
178000.0,66.0,4,34000,3.888395,43.614724,2025,2025-08-08
282000.0,59.0,3,34000,3.892867,43.612721,2025,2025-07-31
123000.0,41.0,2,34070,3.856215,43.610793,2025,2025-08-05
165000.0,75.0,4,34070,3.85573,43.611371,2025,2025-07-31
205000.0,73.0,2,34000,3.880531,43.607997,2025,2025-07-25
284500.0,89.0,4,34070,3.854115,43.600002,2025,2025-07-30
110000.0,25.0,1,34090,3.873922,43.620205,2025,2025-08-19
550000.0,215.0,6,34000,3.877657,43.611726,2025,2025-07-29
200000.0,75.0,3,34000,3.877657,43.611726,2025,2025-07-29
230000.0,48.0,2,34000,3.90354,43.59873,2025,2025-08-05
181200.0,48.0,2,34000,3.904154,43.601647,2025,2025-06-26
149210.0,42.0,2,34090,3.862092,43.636035,2025,2025-08-01
100000.0,27.0,2,34000,3.881412,43.603624,2025,2025-08-18
88000.0,23.0,1,34090,3.844744,43.633909,2025,2025-08-01
120000.0,38.0,2,34000,3.890798,43.620949,2025,2025-08-08
336000.0,95.0,4,34000,3.88406,43.621183,2025,2025-08-08
128000.0,40.0,2,34090,3.859971,43.641182,2025,2025-07-31
280000.0,71.0,3,34090,3.873657,43.624511,2025,2025-06-24
136000.0,48.0,2,34000,3.87061,43.604584,2025,2025-08-05
379000.0,88.0,4,34070,3.861144,43.600544,2025,2025-07-31
169000.0,66.0,3,34070,3.836052,43.608116,2025,2025-07-25
101000.0,48.0,2,34070,3.865073,43.59448,2025,2025-08-04
105000.0,30.0,2,34090,3.877839,43.616175,2025,2025-08-07
90000.0,41.0,2,34070,3.834406,43.610006,2025,2025-07-30
235000.0,51.0,2,34090,3.876873,43.628554,2025,2025-07-29
94440.0,22.0,1,34090,3.872486,43.62869,2025,2025-08-01
140000.0,97.0,5,34080,3.843839,43.619515,2025,2025-07-23
225000.0,58.0,3,34090,3.842724,43.642473,2025,2025-08-08
148100.0,70.0,3,34080,3.827089,43.613959,2025,2025-08-05
244450.0,60.0,3,34000,3.903442,43.606776,2025,2025-08-08
166000.0,56.0,2,34070,3.846225,43.615092,2025,2025-08-05
387610.0,108.0,1,34000,3.886274,43.622247,2025,2025-08-11
94000.0,26.0,1,34070,3.852132,43.615814,2025,2025-07-30
86000.0,25.0,1,34090,3.857257,43.621294,2025,2025-08-05
267000.0,49.0,2,34070,3.867583,43.597821,2025,2025-08-18
74200.0,24.0,1,34070,3.863443,43.60871,2025,2025-08-07
255000.0,79.0,3,34080,3.831528,43.613498,2025,2025-08-20
145500.0,38.0,1,34000,3.886762,43.6266,2025,2025-07-28
117480.0,29.0,1,34000,3.878592,43.6126,2025,2025-08-05
252400.0,75.0,2,34080,3.831735,43.635308,2025,2025-08-04
220000.0,96.0,4,34000,3.872841,43.599049,2025,2025-08-18
98000.0,23.0,1,34090,3.873335,43.628374,2025,2025-08-20
218238.5,47.0,2,34090,3.873038,43.63511,2025,2025-08-14
352215.0,79.0,3,34070,3.897478,43.59621,2025,2025-07-31
68500.0,11.0,1,34000,3.870132,43.60253,2025,2025-07-29
70800.0,27.0,1,34080,3.832006,43.620973,2025,2025-07-24
215000.0,37.0,2,34000,3.905033,43.599173,2025,2025-07-28
143500.0,38.0,2,34090,3.844188,43.640541,2025,2025-08-05
330000.0,85.0,4,34000,3.877391,43.610645,2025,2025-07-22
173070.0,75.0,4,34070,3.854287,43.601316,2025,2025-07-30
225000.0,63.0,3,34070,3.850502,43.590976,2025,2025-08-08
102000.0,30.0,1,34070,3.879735,43.595049,2025,2025-08-21
116000.0,48.0,2,34000,3.870195,43.606027,2025,2025-07-31
73000.0,12.0,1,34000,3.879374,43.612957,2025,2025-08-06
191600.0,64.0,3,34070,3.867211,43.601296,2025,2025-08-11
140600.0,80.0,4,34080,3.830808,43.615516,2025,2025-08-05
145000.0,36.0,2,34090,3.856229,43.633435,2025,2025-08-19
64400.0,17.0,1,34000,3.881962,43.606934,2025,2025-08-21
98750.0,24.0,1,34090,3.875506,43.626918,2025,2025-08-01
174000.0,46.0,2,34070,3.894114,43.601115,2025,2025-07-29
260000.0,85.0,3,34000,3.873293,43.603285,2025,2025-07-22
71500.0,25.0,1,34080,3.83588,43.621424,2025,2025-07-31
335000.0,115.0,5,34000,3.872796,43.604771,2025,2025-07-31
75500.0,22.0,1,34080,3.83588,43.621424,2025,2025-07-31
195000.0,88.0,4,34070,3.883362,43.596415,2025,2025-08-01
95000.0,24.0,1,34000,3.878718,43.613204,2025,2025-07-31
153333.33,68.0,4,34070,3.887613,43.600466,2025,2025-08-05
241000.0,54.0,3,34000,3.872314,43.607825,2025,2025-08-22
170850.0,68.0,4,34070,3.872024,43.596346,2025,2025-08-01
195000.0,65.0,3,34080,3.839912,43.620624,2025,2025-07-31
246000.0,58.0,3,34000,3.905712,43.604967,2025,2025-08-07
220700.0,80.0,3,34000,3.89248,43.613723,2025,2025-07-31
145000.0,38.0,2,34090,3.844188,43.640541,2025,2025-08-22
215000.0,61.0,3,34070,3.858313,43.581993,2025,2025-08-19
255800.0,57.0,3,34000,3.900004,43.600979,2025,2025-08-12
104000.0,24.0,1,34000,3.878087,43.601472,2025,2025-08-04
119500.0,33.0,1,34000,3.87799,43.613294,2025,2025-07-30
135000.0,53.0,3,34070,3.848628,43.60834,2025,2025-08-08
240000.0,74.0,4,34000,3.867711,43.607407,2025,2025-08-14
88000.0,20.0,1,34090,3.862092,43.636035,2025,2025-08-11
116200.0,39.0,2,34090,3.831729,43.641454,2025,2025-08-14
125000.0,44.0,2,34070,3.827045,43.611254,2025,2025-08-07
95000.0,23.0,1,34090,3.851994,43.624065,2025,2025-08-01
108000.0,26.0,2,34000,3.876756,43.607666,2025,2025-08-19
121000.0,25.0,1,34080,3.842724,43.642473,2025,2025-08-01
213890.0,92.0,5,34070,3.87236,43.598225,2025,2025-08-14
138100.0,64.0,4,34070,3.882773,43.596636,2025,2025-08-08
157500.0,79.0,4,34070,3.874216,43.595399,2025,2025-08-14
174000.0,53.0,2,34090,3.848522,43.637713,2025,2025-08-01
129540.0,31.0,1,34000,3.875493,43.612829,2025,2025-08-06
43000.0,31.0,2,34070,3.829399,43.610865,2025,2025-08-08
161000.0,40.0,3,34000,3.880583,43.616637,2025,2025-08-21
91074.0,24.0,1,34090,3.860056,43.640959,2025,2025-07-31
120000.0,40.0,2,34090,3.859971,43.641182,2025,2025-08-21
115000.0,25.0,1,34090,3.849118,43.636798,2025,2025-08-08
106900.0,20.0,2,34070,3.893724,43.602181,2025,2025-08-07
128640.0,33.0,1,34070,3.886635,43.601341,2025,2025-08-27
125000.0,42.0,2,34080,3.840328,43.625333,2025,2025-08-21
97500.0,23.0,1,34090,3.873303,43.617788,2025,2025-08-01
98000.0,30.0,1,34070,3.867021,43.595401,2025,2025-07-30
298050.0,78.0,3,34090,3.875985,43.616605,2025,2025-08-01
132000.0,52.0,3,34000,3.883524,43.616819,2025,2025-08-06
160000.0,41.0,2,34090,3.869688,43.616854,2025,2025-08-01
142000.0,41.0,2,34070,3.850346,43.590355,2025,2025-08-14
104490.0,21.0,1,34070,3.859954,43.607871,2025,2025-08-05
205000.0,58.0,3,34000,3.892688,43.605728,2025,2025-07-30
128000.0,37.0,2,34070,3.848269,43.597418,2025,2025-08-01
150000.0,34.0,2,34000,3.907778,43.605705,2025,2025-08-20
107000.0,22.0,1,34090,3.862379,43.62716,2025,2025-08-25
190000.0,75.0,3,34000,3.880651,43.616727,2025,2025-08-07
81040.0,19.0,1,34090,3.845393,43.640854,2025,2025-08-26
148000.0,40.0,2,34070,3.850346,43.590355,2025,2025-08-19
247550.0,77.0,3,34070,3.865333,43.583625,2025,2025-08-27
128000.0,61.0,3,34070,3.868421,43.594405,2025,2025-08-26
144140.0,33.0,1,34000,3.874264,43.609854,2025,2025-08-26
120240.0,28.0,1,34000,3.889267,43.606138,2025,2025-08-12
191150.0,63.0,3,34080,3.831735,43.635308,2025,2025-08-21
86310.0,19.0,1,34090,3.860745,43.626133,2025,2025-08-25
106500.0,34.0,2,34070,3.84659,43.598277,2025,2025-08-18
156600.0,53.0,3,34070,3.858043,43.590199,2025,2025-08-01
122400.0,28.0,2,34000,3.876167,43.607913,2025,2025-08-08
115000.0,27.0,1,34000,3.889536,43.607413,2025,2025-08-25
244800.0,60.0,3,34070,3.85876,43.581164,2025,2025-08-26
181000.0,38.0,2,34000,3.887555,43.61933,2025,2025-08-11
183000.0,61.0,3,34070,3.88735,43.60097,2025,2025-08-21
190000.0,46.0,2,34080,3.839912,43.620624,2025,2025-08-22
125300.0,30.0,2,34090,3.865649,43.621504,2025,2025-08-22
170000.0,44.0,2,34070,3.847497,43.590607,2025,2025-08-27
258000.0,79.0,4,34090,3.873657,43.624511,2025,2025-08-19
296700.0,72.0,4,34000,3.89232,43.616575,2025,2025-08-19
264059.0,63.0,3,34000,3.866257,43.605449,2025,2025-08-13
252970.0,65.0,3,34000,3.903771,43.607477,2025,2025-08-07
119050.0,36.0,2,34070,3.856644,43.59141,2025,2025-08-01
168000.0,45.0,4,34000,3.876817,43.60495,2025,2025-08-25
113000.0,34.0,2,34070,3.84659,43.598277,2025,2025-07-31
215000.0,55.0,3,34000,3.869572,43.61401,2025,2025-08-13
249000.0,68.0,3,34070,3.860172,43.58096,2025,2025-08-06
74000.0,25.0,1,34070,3.834146,43.608785,2025,2025-07-22
196650.0,55.0,2,34090,3.857998,43.63874,2025,2025-08-25
171740.0,41.0,2,34000,3.897826,43.606536,2025,2025-07-18
150000.0,28.0,1,34070,3.850611,43.608425,2025,2025-08-06
259000.0,64.0,3,34000,3.886859,43.603799,2025,2025-08-25
408300.0,93.0,4,34070,3.897883,43.596443,2025,2025-08-14
92000.0,21.0,1,34090,3.863024,43.640576,2025,2025-08-13
340000.0,114.0,5,34000,3.887106,43.605408,2025,2025-08-25
69500.0,25.0,1,34070,3.834528,43.609668,2025,2025-08-26
228000.0,64.0,3,34000,3.898207,43.617475,2025,2025-08-04
160250.0,82.0,4,34070,3.887362,43.594536,2025,2025-08-14
129000.0,40.0,2,34090,3.859971,43.641182,2025,2025-08-26
293060.0,63.0,3,34000,3.866257,43.605449,2025,2025-08-25
60000.0,16.0,1,34000,3.876391,43.607596,2025,2025-08-19
90260.0,20.0,1,34070,3.894483,43.602008,2025,2025-08-20
124100.0,29.0,1,34000,3.896334,43.606027,2025,2025-08-04
130000.0,30.0,2,34090,3.837875,43.6391,2025,2025-08-19
180030.0,75.0,5,34070,3.85652,43.614941,2025,2025-08-06
108000.0,59.0,3,34070,3.867021,43.595401,2025,2025-08-21
95096.0,67.0,3,34070,3.867848,43.598073,2025,2025-07-29
117500.0,40.0,2,34000,3.887768,43.620938,2025,2025-08-07
135000.0,30.0,2,34000,3.897996,43.603349,2025,2025-08-11
97640.0,39.0,1,34070,3.873371,43.588959,2025,2025-08-28
121000.0,30.0,2,34070,3.855667,43.593828,2025,2025-08-07
51050.0,17.0,1,34080,3.824287,43.61458,2025,2025-08-14
101800.0,27.0,1,34090,3.846267,43.632539,2025,2025-08-27
164357.0,41.0,2,34090,3.8702,43.638536,2025,2025-08-19
145000.0,39.0,2,34090,3.842796,43.634633,2025,2025-08-08
475000.0,148.0,5,34000,3.874109,43.604444,2025,2025-08-26
135000.0,37.0,2,34070,3.866864,43.598742,2025,2025-08-07
140000.0,34.0,2,34070,3.864297,43.609807,2025,2025-08-04
335650.0,117.0,5,34000,3.88963,43.613894,2025,2025-08-06
181025.0,46.0,2,34070,3.859111,43.584012,2025,2025-08-12
127000.0,42.0,2,34070,3.836052,43.608116,2025,2025-08-14
212500.0,61.0,3,34070,3.86226,43.583993,2025,2025-08-08
126316.0,41.0,1,34070,3.863301,43.608225,2025,2025-08-13
142000.0,42.0,2,34000,3.868089,43.604532,2025,2025-08-28
282000.0,84.0,3,34090,3.87282,43.634744,2025,2025-08-07
200000.0,41.0,2,34070,3.894315,43.603038,2025,2025-08-28
85000.0,19.0,1,34090,3.8638,43.622879,2025,2025-08-19
308510.0,83.0,4,34090,3.872535,43.618167,2025,2025-08-11
85000.0,18.0,1,34090,3.856229,43.633435,2025,2025-08-25
130000.0,31.0,1,34090,3.857738,43.637673,2025,2025-08-19
133000.0,29.0,1,34090,3.844076,43.633477,2025,2025-08-26
103000.0,24.0,1,34070,3.858589,43.604739,2025,2025-08-21
85000.0,44.0,2,34080,3.825337,43.613277,2025,2025-08-14
145000.0,57.0,3,34070,3.862576,43.60379,2025,2025-09-02
143000.0,46.0,2,34000,3.895451,43.62403,2025,2025-08-07
268000.0,90.0,4,34070,3.851449,43.591723,2025,2025-08-25
255000.0,62.0,2,34000,3.875289,43.607225,2025,2025-08-25
117000.0,27.0,1,34090,3.846838,43.62966,2025,2025-08-28
212000.0,68.0,3,34000,3.870535,43.608083,2025,2025-08-25
250000.0,66.0,4,34000,3.888395,43.614724,2025,2025-08-27
100100.0,21.0,1,34000,3.897596,43.602334,2025,2025-08-25
140000.0,45.0,2,34080,3.8366,43.631468,2025,2025-08-28
145250.0,33.0,2,34080,3.8359,43.632537,2025,2025-08-25
63000.0,19.0,1,34070,3.876339,43.581538,2025,2025-08-27
235000.0,64.0,2,34000,3.880583,43.616637,2025,2025-08-27
83000.0,21.0,1,34090,3.86102,43.624829,2025,2025-09-02
802849.0,170.0,6,34000,3.874373,43.608879,2025,2025-08-26
176000.0,43.0,2,34070,3.89376,43.601154,2025,2025-08-26
169000.0,46.0,2,34080,3.835318,43.632845,2025,2025-08-28
80000.0,19.0,1,34000,3.878575,43.602153,2025,2025-08-28
89000.0,23.0,1,34070,3.85269,43.603029,2025,2025-08-07
169000.0,46.0,2,34080,3.835318,43.632845,2025,2025-08-28
115000.0,26.0,2,34070,3.894717,43.601855,2025,2025-08-29
135000.0,45.0,2,34070,3.854115,43.600002,2025,2025-07-22
202000.0,52.0,3,34000,3.869755,43.60869,2025,2025-08-21
108000.0,55.0,3,34070,3.872174,43.595919,2025,2025-08-28
82500.0,27.0,1,34080,3.832006,43.620973,2025,2025-08-08
187800.0,79.0,4,34070,3.864628,43.594644,2025,2025-07-28
65000.0,18.0,1,34070,3.893446,43.599784,2025,2025-09-03
315000.0,66.0,3,34090,3.841912,43.639691,2025,2025-08-28
58749.0,18.0,1,34090,3.852657,43.623307,2025,2025-08-21
123600.0,30.0,1,34070,3.889455,43.601023,2025,2025-08-27
88000.0,21.0,1,34090,3.856229,43.633435,2025,2025-08-27
113500.0,33.0,2,34070,3.894359,43.601455,2025,2025-08-20
165000.0,69.0,3,34070,3.859984,43.586125,2025,2025-08-26
254000.0,59.0,3,34000,3.910818,43.60635,2025,2025-08-20
313000.0,72.0,2,34000,3.869289,43.608848,2025,2025-08-21
171750.0,46.0,2,34090,3.838637,43.640729,2025,2025-08-22
95000.0,30.0,1,34090,3.860916,43.638413,2025,2025-08-27
126500.0,29.0,2,34070,3.894584,43.600902,2025,2025-08-13
135560.0,55.0,3,34080,3.833143,43.617854,2025,2025-09-03
76000.0,31.0,1,34080,3.841634,43.61433,2025,2025-09-04
80000.0,49.0,2,34080,3.849844,43.619362,2025,2025-08-28
151700.0,54.0,2,34070,3.853903,43.590045,2025,2025-09-01
140000.0,30.0,2,34000,3.87306,43.60078,2025,2025-08-29
84400.0,24.0,1,34080,3.82294,43.615311,2025,2025-08-12
126560.0,36.0,2,34070,3.883346,43.604196,2025,2025-08-29
100000.0,35.0,2,34070,3.88435,43.605056,2025,2025-09-04
274980.0,76.0,4,34070,3.856099,43.579777,2025,2025-09-04
110000.0,45.0,2,34000,3.878434,43.600171,2025,2025-08-21
141187.0,74.0,4,34070,3.859954,43.607871,2025,2025-09-04
74000.0,21.0,1,34070,3.858466,43.59018,2025,2025-09-08
124050.0,58.0,3,34070,3.842618,43.608378,2025,2025-08-26
147000.0,38.0,2,34080,3.829267,43.634493,2025,2025-09-05
45000.0,34.0,2,34070,3.867182,43.608132,2025,2025-09-04
126000.0,24.0,2,34090,3.855792,43.636884,2025,2025-09-08
75000.0,18.0,1,34000,3.873823,43.610311,2025,2025-09-03
89300.0,15.0,1,34000,3.867021,43.609952,2025,2025-09-08
85500.0,24.0,1,34070,3.863443,43.60871,2025,2025-08-14
186200.0,39.0,2,34070,3.9103,43.602999,2025,2025-09-05
90000.0,73.0,4,34070,3.853732,43.615661,2025,2025-09-02
108000.0,59.0,2,34070,3.867489,43.594589,2025,2025-09-03
84000.0,18.0,1,34090,3.857702,43.633263,2025,2025-09-04
193000.0,75.0,4,34070,3.856422,43.604027,2025,2025-09-09
25500.0,18.0,1,34090,3.852657,43.623307,2025,2025-08-12
125000.0,38.0,2,34070,3.866485,43.606254,2025,2025-09-03
85000.0,16.0,1,34090,3.865128,43.61914,2025,2025-09-01
191800.0,66.0,3,34080,3.841189,43.619543,2025,2025-09-03
132350.0,36.0,1,34000,3.863566,43.610819,2025,2025-08-25
236800.0,61.0,3,34000,3.874266,43.604158,2025,2025-08-26
205000.0,79.0,4,34070,3.892468,43.592944,2025,2025-09-03
310000.0,82.0,3,34000,3.881114,43.616484,2025,2025-08-28
135960.0,33.0,1,34080,3.841279,43.620456,2025,2025-08-28
238700.0,53.0,2,34000,3.880497,43.608274,2025,2025-09-04
290997.0,99.0,5,34000,3.890074,43.613255,2025,2025-08-19
361000.0,130.0,4,34000,3.878108,43.611635,2025,2025-09-03
153059.0,35.0,1,34090,3.888223,43.624367,2025,2025-09-09
265700.0,65.0,3,34070,3.893135,43.602552,2025,2025-09-01
160300.0,74.0,4,34070,3.88856,43.598383,2025,2025-08-27
289600.0,50.0,2,34070,3.867583,43.597821,2025,2025-08-19
165000.0,45.0,2,34070,3.865756,43.585058,2025,2025-09-08
242000.0,58.0,3,34070,3.890606,43.602806,2025,2025-09-03
427500.0,98.0,4,34000,3.869991,43.612516,2025,2025-09-08
100000.0,21.0,2,34000,3.873357,43.612061,2025,2025-09-05
92000.0,67.0,4,34070,3.885124,43.593451,2025,2025-08-27
140000.0,42.0,2,34090,3.864042,43.620763,2025,2025-09-08
136000.0,73.0,4,34070,3.868421,43.594405,2025,2025-09-05
130000.0,29.0,2,34090,3.878987,43.622238,2025,2025-09-10
152100.0,49.0,2,34070,3.837829,43.598378,2025,2025-08-26
134992.0,69.0,3,34070,3.851237,43.596242,2025,2025-08-14
122000.0,29.0,1,34000,3.876858,43.615052,2025,2025-09-11
183000.0,88.0,4,34070,3.864628,43.594644,2025,2025-08-26
206050.0,85.0,4,34070,3.874328,43.59028,2025,2025-08-27
200200.0,80.0,4,34070,3.890179,43.59361,2025,2025-08-27
215200.0,48.0,2,34000,3.906068,43.599979,2025,2025-07-24
208000.0,80.0,4,34000,3.89211,43.604068,2025,2025-08-22
371500.0,83.0,3,34000,3.90197,43.597484,2025,2025-08-27
107000.0,32.0,1,34090,3.856655,43.639738,2025,2025-09-10
130000.0,41.0,2,34080,3.847523,43.620189,2025,2025-09-05
110000.0,64.0,3,34080,3.824969,43.614361,2025,2025-08-22
91000.0,24.0,1,34090,3.833475,43.639115,2025,2025-08-28
183000.0,60.0,3,34070,3.851531,43.589201,2025,2025-08-28
169830.0,71.0,3,34070,3.88571,43.584374,2025,2025-09-03
268900.0,88.0,5,34000,3.888475,43.618703,2025,2025-09-09
106000.0,29.0,1,34070,3.879735,43.595049,2025,2025-09-08
228000.0,48.0,2,34000,3.90354,43.59873,2025,2025-08-26
94300.0,18.0,1,34090,3.857702,43.633263,2025,2025-09-02
148000.0,39.0,2,34000,3.901244,43.620771,2025,2025-08-26
305000.0,51.0,3,34090,3.880674,43.615016,2025,2025-09-08
106000.0,41.0,2,34080,3.831528,43.613498,2025,2025-08-19
144000.0,40.0,1,34000,3.898218,43.606595,2025,2025-09-11
156780.0,80.0,3,34090,3.852553,43.621567,2025,2025-08-19
170000.0,53.0,3,34000,3.869124,43.605132,2025,2025-09-09
180000.0,54.0,3,34070,3.850346,43.590355,2025,2025-09-10
128000.0,34.0,2,34000,3.863039,43.610133,2025,2025-09-11
130000.0,25.0,1,34000,3.877015,43.612766,2025,2025-09-12
90000.0,55.0,3,34070,3.875352,43.594452,2025,2025-09-10
359500.0,77.0,4,34000,3.887555,43.61933,2025,2025-09-12
162350.0,72.0,3,34080,3.838117,43.624314,2025,2025-08-29
97120.0,27.0,1,34000,3.878938,43.601675,2025,2025-09-05
123810.0,30.0,1,34000,3.874765,43.612601,2025,2025-09-04
188000.0,136.0,5,34080,3.831137,43.618123,2025,2025-09-08
73500.0,23.0,1,34070,3.850511,43.615745,2025,2025-09-04
185000.0,46.0,2,34000,3.891596,43.608404,2025,2025-09-04
48250.0,29.0,1,34070,3.876339,43.581538,2025,2025-09-08
157000.0,42.0,2,34070,3.857287,43.581455,2025,2025-08-22
158400.0,36.0,2,34090,3.856229,43.633435,2025,2025-09-08
92000.0,21.0,1,34000,3.895381,43.603174,2025,2025-08-20
228500.0,75.0,4,34000,3.875729,43.610729,2025,2025-08-01
112900.0,35.0,2,34090,3.855248,43.621569,2025,2025-08-25
247000.0,66.0,3,34090,3.840041,43.639678,2025,2025-09-15
118750.0,80.0,4,34080,3.833891,43.617122,2025,2025-09-09
112000.0,47.0,2,34070,3.840705,43.592678,2025,2025-09-04
126000.0,25.0,1,34070,3.85988,43.583322,2025,2025-09-04
302500.0,71.0,3,34000,3.885853,43.606513,2025,2025-09-04
114000.0,43.0,2,34080,3.841683,43.617622,2025,2025-08-29
230000.0,68.0,3,34090,3.873657,43.624511,2025,2025-08-29
82500.0,16.0,1,34090,3.869669,43.626572,2025,2025-09-04
108120.0,47.0,2,34070,3.867021,43.595401,2025,2025-09-11
140000.0,81.0,4,34080,3.827944,43.612713,2025,2025-09-11
115333.0,27.0,1,34000,3.87306,43.60078,2025,2025-09-04
156620.0,50.0,3,34000,3.882933,43.604712,2025,2025-09-10
309000.0,67.0,4,34000,3.882707,43.602892,2025,2025-09-02
196000.0,48.0,2,34090,3.86459,43.623157,2025,2025-08-29
255000.0,59.0,4,34090,3.868382,43.626196,2025,2025-08-26
65000.0,32.0,2,34080,3.844517,43.622445,2025,2025-08-27
115000.0,25.0,1,34000,3.891835,43.606565,2025,2025-08-29
47000.0,25.0,1,34080,3.835291,43.618361,2025,2025-09-12
107150.0,35.0,2,34070,3.856644,43.59141,2025,2025-08-29
191000.0,65.0,2,34070,3.860172,43.58096,2025,2025-08-29
100000.0,22.0,1,34080,3.842724,43.642473,2025,2025-08-18
178000.0,46.0,2,34080,3.835318,43.632845,2025,2025-09-02
174000.0,40.0,2,34000,3.895154,43.60583,2025,2025-09-01
400000.0,98.0,5,34000,3.88786,43.60634,2025,2025-08-21
89180.0,20.0,1,34090,3.866588,43.635257,2025,2025-09-15
156350.0,47.0,2,34070,3.865756,43.585058,2025,2025-09-12
126500.0,32.0,2,34070,3.883346,43.604196,2025,2025-09-18
98750.0,44.0,2,34000,3.873347,43.603861,2025,2025-09-11
95403.0,21.0,1,34090,3.869792,43.638598,2025,2025-09-15
158600.0,34.0,1,34000,3.878229,43.610577,2025,2025-09-12
93800.0,23.0,1,34000,3.892298,43.612749,2025,2025-09-11
130500.0,44.0,2,34070,3.863443,43.60871,2025,2025-09-05
122000.0,70.0,4,34070,3.875006,43.594018,2025,2025-09-03
384220.0,125.0,5,34000,3.874528,43.604497,2025,2025-09-10
176400.0,40.0,2,34000,3.875009,43.609072,2025,2025-09-15
95000.0,25.0,1,34000,3.907699,43.613384,2025,2025-09-11
163000.0,46.0,2,34070,3.858526,43.58374,2025,2025-09-01
80000.0,68.0,4,34070,3.885032,43.591232,2025,2025-09-05
130000.0,26.0,2,34070,3.891592,43.595936,2025,2025-09-04
215000.0,65.0,3,34000,3.878087,43.601472,2025,2025-09-16
190000.0,41.0,2,34000,3.910818,43.60635,2025,2025-09-04
141050.0,48.0,2,34080,3.827187,43.616086,2025,2025-08-29
175000.0,68.0,3,34070,3.88571,43.584374,2025,2025-08-28
129690.0,27.0,2,34000,3.87039,43.607908,2025,2025-09-12
75095.0,22.0,1,34090,3.871303,43.626414,2025,2025-09-11
74485.0,23.0,1,34090,3.847635,43.625801,2025,2025-09-12
155450.0,68.0,4,34070,3.881668,43.5939,2025,2025-08-29
92000.0,22.0,1,34090,3.848972,43.638516,2025,2025-09-12
158000.0,61.0,2,34070,3.849895,43.607655,2025,2025-08-29
150382.0,67.0,4,34070,3.886522,43.592608,2025,2025-09-08
280000.0,96.0,5,34000,3.86706,43.617116,2025,2025-09-12
206300.0,45.0,2,34000,3.898506,43.600792,2025,2025-09-16
121500.0,62.0,2,34070,3.86604,43.596752,2025,2025-08-27
166700.0,59.0,3,34070,3.865333,43.583625,2025,2025-08-25
85000.0,18.0,1,34090,3.84733,43.631203,2025,2025-09-16
292800.0,67.0,3,34000,3.904554,43.602479,2025,2025-09-15
361750.0,122.0,4,34070,3.887149,43.599432,2025,2025-09-12
123840.0,26.0,1,34090,3.874549,43.617355,2025,2025-08-27
297050.0,67.0,3,34000,3.876523,43.612868,2025,2025-08-29
310000.0,86.0,3,34090,3.878987,43.622238,2025,2025-07-31
85000.0,18.0,1,34090,3.844744,43.633909,2025,2025-09-15
203000.0,58.0,2,34000,3.895464,43.608606,2025,2025-09-10
75000.0,30.0,2,34070,3.855098,43.600083,2025,2025-09-12
135000.0,41.0,2,34000,3.878591,43.613851,2025,2025-08-26
105000.0,47.0,2,34090,3.852553,43.621567,2025,2025-08-28
183000.0,50.0,2,34090,3.872285,43.638446,2025,2025-08-27
457000.0,88.0,4,34000,3.897596,43.602334,2025,2025-09-03
516150.0,102.0,4,34090,3.87492,43.626032,2025,2025-09-16
260000.0,81.0,3,34000,3.87569,43.604938,2025,2025-09-18
118580.0,32.0,2,34000,3.87467,43.605882,2025,2025-08-28
170000.0,75.0,3,34070,3.847921,43.612993,2025,2025-09-11
123000.0,33.0,1,34090,3.87339,43.63055,2025,2025-09-18
119650.0,48.0,2,34000,3.849091,43.616213,2025,2025-09-17
151050.0,73.0,4,34070,3.842618,43.608378,2025,2025-09-01
185000.0,54.0,3,34070,3.872212,43.591253,2025,2025-09-18
70000.0,15.0,1,34000,3.878501,43.613328,2025,2025-09-08
198000.0,71.0,1,34090,3.865065,43.625555,2025,2025-09-09
227100.06,87.0,4,34070,3.864743,43.587044,2025,2025-08-25
189000.0,70.0,3,34070,3.855152,43.602019,2025,2025-08-26
105000.0,22.0,1,34000,3.888465,43.621058,2025,2025-09-16
243200.0,73.0,3,34070,3.887983,43.59599,2025,2025-09-04
109500.0,30.0,1,34090,3.857998,43.63874,2025,2025-09-16
289100.0,73.0,3,34070,3.842863,43.604698,2025,2025-09-01
67000.0,17.0,1,34000,3.9008,43.617566,2025,2025-08-27
110000.0,72.0,4,34070,3.885539,43.594369,2025,2025-07-24
66000.0,18.0,1,34090,3.845294,43.628354,2025,2025-09-08
300000.0,175.0,5,34000,3.87538,43.611893,2025,2025-08-18
376300.0,75.0,3,34000,3.901197,43.608396,2025,2025-09-11
205000.0,66.0,3,34080,3.833728,43.63262,2025,2025-09-03
170000.0,65.0,3,34070,3.883175,43.605015,2025,2025-09-11
336500.0,97.0,4,34080,3.831735,43.635308,2025,2025-09-19
200000.0,57.0,3,34090,3.837875,43.6391,2025,2025-09-16
262965.0,81.0,4,34070,3.86213,43.604886,2025,2025-09-11
68000.0,34.0,1,34070,3.853134,43.601785,2025,2025-08-28
88000.0,25.0,1,34090,3.860916,43.638413,2025,2025-08-29
99000.0,31.0,1,34070,3.886635,43.601341,2025,2025-09-22
65770.0,25.0,1,34070,3.866894,43.592834,2025,2025-09-01
167900.0,37.0,2,34090,3.864641,43.624832,2025,2025-09-09
80000.0,23.0,1,34090,3.86267,43.626345,2025,2025-08-29
51500.0,17.0,1,34080,3.837947,43.613467,2025,2025-09-19
409000.0,122.0,5,34000,3.882937,43.607876,2025,2025-09-05
105000.0,73.0,3,34080,3.840425,43.62456,2025,2025-09-17
85000.0,19.0,1,34000,3.898506,43.601685,2025,2025-09-10
170000.0,40.0,2,34090,3.840609,43.638081,2025,2025-08-28
275000.0,84.0,4,34070,3.854115,43.600002,2025,2025-09-16
63050.0,19.0,1,34080,3.824287,43.61458,2025,2025-09-01
396500.0,69.0,3,34070,3.86307,43.608593,2025,2025-09-18
115300.0,34.0,2,34070,3.854115,43.600002,2025,2025-08-27
132700.0,42.0,2,34070,3.855165,43.604118,2025,2025-09-05
118800.0,42.0,2,34080,3.841683,43.617622,2025,2025-09-22
83000.0,28.0,1,34000,3.873603,43.602929,2025,2025-09-17
426650.0,90.0,3,34000,3.881303,43.60817,2025,2025-09-12
90000.0,20.0,1,34070,3.866894,43.592834,2025,2025-09-18
78600.0,33.0,1,34080,3.824762,43.632548,2025,2025-09-09
80000.0,17.0,1,34090,3.873657,43.624511,2025,2025-09-16
147000.0,64.0,3,34080,3.825338,43.614042,2025,2025-09-10
159000.0,78.0,4,34080,3.841269,43.615326,2025,2025-09-12
210950.0,68.0,3,34070,3.874311,43.589843,2025,2025-09-15
268150.0,56.0,3,34090,3.859199,43.638231,2025,2025-09-11
203000.0,65.0,3,34070,3.867211,43.601296,2025,2025-09-05
148895.0,49.0,2,34070,3.873061,43.597892,2025,2025-09-17
315000.0,116.0,5,34000,3.882087,43.608191,2025,2025-09-15
400000.0,155.0,5,34000,3.874336,43.6125,2025,2025-09-17
60000.0,21.0,1,34090,3.868567,43.634816,2025,2025-09-17
77900.0,35.0,1,34070,3.856779,43.606864,2025,2025-09-02
296000.0,60.0,3,34000,3.896617,43.616865,2025,2025-09-02
78200.0,19.0,1,34070,3.857794,43.612319,2025,2025-09-04
227200.0,58.0,3,34070,3.890252,43.602128,2025,2025-09-22
98000.0,37.0,2,34080,3.842441,43.621048,2025,2025-09-08
206000.0,65.0,3,34070,3.851531,43.589201,2025,2025-09-05
88220.0,22.0,1,34000,3.868901,43.607541,2025,2025-09-01
379000.0,119.0,5,34000,3.883587,43.621994,2025,2025-09-15
73250.0,18.0,1,34070,3.857794,43.612319,2025,2025-09-09
108840.0,21.0,1,34000,3.896269,43.605244,2025,2025-09-04
133000.0,53.0,2,34000,3.882933,43.604712,2025,2025-09-16
164000.0,66.0,3,34080,3.826673,43.614489,2025,2025-09-16
256000.0,46.0,2,34090,3.880693,43.618492,2025,2025-09-05
99000.0,30.0,1,34090,3.860916,43.638413,2025,2025-09-09
146000.0,38.0,2,34070,3.850502,43.590976,2025,2025-08-08
242200.0,50.0,3,34000,3.87148,43.605646,2025,2025-09-10
214125.0,42.0,2,34000,3.858441,43.613418,2025,2025-09-04
232750.0,45.0,2,34000,3.902597,43.598364,2025,2025-09-18
321650.0,66.0,4,34000,3.879906,43.600956,2025,2025-09-19
149950.0,70.0,4,34070,3.87385,43.594873,2025,2025-09-02
139000.0,31.0,2,34090,3.842796,43.634633,2025,2025-09-02
130000.0,30.0,1,34000,3.874119,43.5998,2025,2025-09-18
160676.88,49.0,2,34000,3.870932,43.600901,2025,2025-09-15
48000.0,17.0,1,34080,3.837947,43.613467,2025,2025-09-19
209400.0,57.0,2,34080,3.838408,43.61972,2025,2025-09-05
147810.0,23.0,1,34000,3.875382,43.608671,2025,2025-09-18
60400.0,22.0,1,34080,3.824762,43.632548,2025,2025-09-25
200480.0,62.0,3,34070,3.894636,43.599749,2025,2025-09-04
379050.0,113.0,5,34000,3.878329,43.597317,2025,2025-09-19
80000.0,18.0,1,34090,3.871034,43.629115,2025,2025-09-10
177000.0,77.0,4,34070,3.836052,43.608116,2025,2025-09-04
165000.0,69.0,4,34070,3.85736,43.608531,2025,2025-09-24
117150.0,32.0,2,34000,3.875913,43.611545,2025,2025-09-18
165000.0,50.0,3,34090,3.842796,43.634633,2025,2025-09-09
86000.0,23.0,1,34090,3.85444,43.620964,2025,2025-09-05
318723.0,65.0,3,34000,3.902597,43.598364,2025,2025-09-15
234000.0,61.0,3,34000,3.877595,43.607665,2025,2025-09-19
107000.0,28.0,1,34000,3.875021,43.615596,2025,2025-09-04
129500.0,48.0,2,34000,3.884148,43.600971,2025,2025-09-18
247000.0,63.0,4,34000,3.884206,43.602353,2025,2025-09-15
122660.0,34.0,2,34000,3.884515,43.614454,2025,2025-09-16
95500.0,25.0,1,34090,3.84562,43.627769,2025,2025-09-10
266990.0,78.0,4,34000,3.905319,43.599186,2025,2025-09-22
108000.0,25.0,1,34000,3.898207,43.617475,2025,2025-09-18
178400.0,75.0,3,34080,3.831137,43.618123,2025,2025-09-23
82400.0,20.0,1,34090,3.868567,43.634816,2025,2025-09-17
129000.0,28.0,2,34000,3.877349,43.607108,2025,2025-09-17
424000.0,95.0,4,34000,3.87022,43.604068,2025,2025-09-19
185770.0,62.0,3,34070,3.858526,43.58374,2025,2025-09-09
246700.0,64.0,3,34000,3.868186,43.61431,2025,2025-09-22
180500.0,40.0,2,34090,3.872849,43.618158,2025,2025-09-12
98000.0,22.0,2,34090,3.844188,43.640541,2025,2025-09-17
392000.0,98.0,4,34090,3.878987,43.622238,2025,2025-09-29
120000.0,27.0,1,34090,3.857738,43.637673,2025,2025-09-19
173600.0,70.0,4,34070,3.88735,43.60097,2025,2025-09-29
125000.0,28.0,1,34070,3.863742,43.59048,2025,2025-09-29
100000.0,58.0,3,34080,3.842248,43.614891,2025,2025-08-27
164000.0,64.0,3,34080,3.845792,43.618279,2025,2025-09-04
90000.0,19.0,1,34000,3.898506,43.601685,2025,2025-09-25
179000.0,109.0,4,34000,3.876276,43.61486,2025,2025-09-11
117800.0,22.0,1,34000,3.870087,43.607809,2025,2025-09-17
100000.0,49.0,2,34080,3.836162,43.611225,2025,2025-09-11
399000.0,93.0,4,34000,3.8903,43.606151,2025,2025-09-22
72500.0,24.0,2,34070,3.863683,43.607907,2025,2025-09-25
171500.0,40.0,2,34090,3.879092,43.615825,2025,2025-09-05
450000.0,150.0,7,34000,3.879054,43.605708,2025,2025-09-08
147000.0,34.0,2,34070,3.867211,43.601296,2025,2025-09-11
167000.0,49.0,2,34070,3.849824,43.614013,2025,2025-09-22
197130.0,66.0,3,34090,3.851657,43.623744,2025,2025-09-16
157000.0,36.0,2,34070,3.859561,43.611682,2025,2025-09-26
93190.0,37.0,2,34080,3.840802,43.617681,2025,2025-09-15
164150.0,47.0,2,34070,3.858526,43.58374,2025,2025-09-15
104000.0,33.0,2,34070,3.85269,43.603029,2025,2025-09-19
135310.0,35.0,2,34070,3.849169,43.590632,2025,2025-09-29
150000.0,41.0,2,34090,3.844188,43.640541,2025,2025-09-02
249000.0,64.0,3,34000,3.886762,43.6266,2025,2025-09-16
142415.0,76.0,4,34080,3.845471,43.619617,2025,2025-09-17
144300.0,41.0,2,34070,3.865319,43.589942,2025,2025-09-04
310000.0,64.0,3,34000,3.904075,43.607733,2025,2025-09-19
230000.0,90.0,4,34000,3.882517,43.606902,2025,2025-09-29
136000.0,77.0,4,34070,3.84738,43.604831,2025,2025-09-18
153100.0,40.0,2,34090,3.840609,43.638081,2025,2025-09-01
235070.0,72.0,3,34080,3.831666,43.63305,2025,2025-09-18
79000.0,20.0,1,34080,3.8436,43.635123,2025,2025-09-30
78000.0,18.0,1,34090,3.856655,43.631871,2025,2025-09-23
370000.0,109.0,4,34000,3.884189,43.60756,2025,2025-09-08
390000.0,116.0,4,34000,3.880866,43.616215,2025,2025-09-18
94000.0,22.0,1,34090,3.872046,43.631978,2025,2025-09-09
110000.0,24.0,1,34000,3.868831,43.607815,2025,2025-08-25
138000.0,32.0,1,34000,3.889078,43.625409,2025,2025-09-17
128000.0,46.0,2,34090,3.846838,43.62966,2025,2025-09-23
156070.0,73.0,4,34070,3.88248,43.593792,2025,2025-09-30
105000.0,50.0,2,34080,3.827372,43.612342,2025,2025-09-04
133500.0,45.0,2,34080,3.841189,43.619543,2025,2025-09-18
280000.0,72.0,3,34000,3.89053,43.606605,2025,2025-09-18
95000.0,19.0,1,34000,3.895381,43.603174,2025,2025-09-08
83500.0,25.0,2,34090,3.86267,43.626345,2025,2025-09-29
185000.0,66.0,3,34090,3.873107,43.628808,2025,2025-09-09
320000.0,65.0,3,34070,3.855429,43.612585,2025,2025-09-23
70000.0,25.0,1,34080,3.847504,43.62381,2025,2025-09-22
156790.0,74.0,4,34080,3.83335,43.614084,2025,2025-09-11
35000.0,12.0,1,34070,3.883622,43.605442,2025,2025-09-15
136000.0,67.0,4,34070,3.885124,43.593451,2025,2025-09-23
127000.0,35.0,2,34090,3.837875,43.6391,2025,2025-09-24
150000.0,40.0,2,34070,3.894014,43.60062,2025,2025-09-09
200350.0,63.0,3,34080,3.840425,43.62456,2025,2025-09-11
106000.0,71.0,4,34080,3.834109,43.611988,2025,2025-09-09
120000.0,63.0,3,34080,3.825337,43.613277,2025,2025-09-23
124950.0,40.0,2,34070,3.853028,43.587231,2025,2025-09-30
439338.0,86.0,4,34000,3.902126,43.597026,2025,2025-09-19
185000.0,68.0,3,34070,3.851237,43.596242,2025,2025-09-16
169000.0,64.0,3,34090,3.856342,43.622075,2025,2025-09-11
239980.0,115.0,3,34000,3.884526,43.62034,2025,2025-09-17
112250.0,44.0,2,34080,3.84206,43.623911,2025,2025-09-30
163000.0,37.0,2,34000,3.895154,43.60583,2025,2025-09-23
95000.0,30.0,2,34090,3.844825,43.632247,2025,2025-09-24
110000.0,28.0,1,34000,3.869139,43.616022,2025,2025-09-29
218000.0,114.0,6,34080,3.83588,43.621424,2025,2025-09-26
304750.0,190.0,6,34000,3.876835,43.609015,2025,2025-09-26
153700.0,49.0,2,34090,3.85444,43.620964,2025,2025-09-09
270000.0,103.0,5,34070,3.854115,43.600002,2025,2025-09-24
109000.0,42.0,3,34000,3.881615,43.606401,2025,2025-09-29
140000.0,45.0,2,34000,3.895415,43.611476,2025,2025-09-30
360000.0,200.0,6,34000,3.876919,43.607777,2025,2025-09-19
195500.0,47.0,2,34000,3.893509,43.606468,2025,2025-09-26
106450.0,27.0,1,34090,3.848751,43.638159,2025,2025-09-11
211000.0,67.0,3,34070,3.85988,43.583322,2025,2025-10-01
206100.0,67.0,4,34090,3.857481,43.631276,2025,2025-09-23
96000.0,25.0,1,34000,3.876993,43.614507,2025,2025-09-24
232900.0,59.0,2,34000,3.895154,43.60583,2025,2025-10-02
185650.0,79.0,4,34080,3.827542,43.615832,2025,2025-09-18
159065.0,36.0,2,34070,3.894014,43.60062,2025,2025-09-29
208000.0,42.0,2,34090,3.876873,43.628554,2025,2025-09-30
415000.0,139.0,5,34000,3.888223,43.624367,2025,2025-09-22
290000.0,84.0,4,34000,3.884526,43.62034,2025,2025-09-17
67700.0,20.0,1,34090,3.870352,43.628869,2025,2025-09-19
133290.0,43.0,2,34000,3.873216,43.604581,2025,2025-09-09
128900.0,31.0,2,34000,3.878575,43.602153,2025,2025-09-18
105000.0,31.0,1,34090,3.860916,43.638413,2025,2025-09-12
100000.0,17.0,1,34090,3.87274,43.629006,2025,2025-09-18
135700.0,67.0,3,34070,3.87077,43.597489,2025,2025-09-18
129700.0,35.0,1,34000,3.869755,43.60869,2025,2025-09-17
140400.0,36.0,2,34000,3.875243,43.609364,2025,2025-09-23
262000.0,72.0,3,34000,3.889734,43.606871,2025,2025-10-03
153300.0,46.0,2,34070,3.884761,43.58811,2025,2025-09-15
128000.0,37.0,2,34090,3.85339,43.62356,2025,2025-09-11
190000.0,36.0,2,34000,3.878627,43.610299,2025,2025-09-12
120000.0,67.0,4,34070,3.870959,43.596801,2025,2025-09-16
73600.0,24.0,1,34090,3.860056,43.640959,2025,2025-09-10
202000.0,64.0,3,34070,3.858043,43.590199,2025,2025-09-19
223300.0,74.0,3,34070,3.854115,43.600002,2025,2025-09-22
101000.0,17.0,1,34000,3.875147,43.612903,2025,2025-09-15
66000.0,19.0,1,34090,3.852657,43.623307,2025,2025-09-30
233000.0,37.0,2,34000,3.905712,43.604967,2025,2025-09-22
132370.0,67.0,3,34070,3.884236,43.593969,2025,2025-09-26
120000.0,26.0,1,34000,3.885853,43.606513,2025,2025-09-18
90000.0,51.0,3,34070,3.882773,43.596636,2025,2025-09-11
64000.0,22.0,1,34080,3.824762,43.632548,2025,2025-09-19
66000.0,22.0,1,34080,3.824762,43.632548,2025,2025-09-19
175290.0,45.0,2,34070,3.842157,43.591425,2025,2025-09-11
157231.0,55.0,2,34000,3.893338,43.614081,2025,2025-09-29
189000.0,57.0,3,34070,3.879735,43.595049,2025,2025-09-24
276000.0,84.0,3,34090,3.873993,43.633106,2025,2025-09-29
180000.0,54.0,2,34070,3.900349,43.594578,2025,2025-10-02
149400.0,30.0,2,34070,3.894014,43.60062,2025,2025-09-23
205400.0,59.0,3,34070,3.846104,43.596884,2025,2025-09-29
32000.0,19.0,1,34070,3.877786,43.582088,2025,2025-09-30
63000.0,33.0,1,34080,3.824762,43.632548,2025,2025-09-30
252875.21,75.0,3,34080,3.834274,43.611452,2025,2025-10-01
220000.0,70.0,3,34080,3.8366,43.631468,2025,2025-10-06
103000.0,43.0,2,34070,3.844996,43.615645,2025,2025-10-07
171200.0,68.0,4,34070,3.854727,43.60843,2025,2025-09-22
98000.0,37.0,1,34070,3.860815,43.59335,2025,2025-09-29
261300.0,69.0,3,34000,3.876049,43.607095,2025,2025-09-30
304080.0,79.0,4,34070,3.860381,43.589477,2025,2025-09-30
85000.0,20.0,1,34000,3.878108,43.611635,2025,2025-09-11
296996.67,62.0,3,34000,3.910937,43.605336,2025,2025-09-15
141000.0,37.0,2,34070,3.858697,43.612939,2025,2025-10-03
216400.0,110.0,6,34070,3.853021,43.606727,2025,2025-09-25
102000.0,26.0,1,34090,3.844825,43.632247,2025,2025-09-12
234000.0,40.0,2,34000,3.875243,43.609364,2025,2025-10-02
210000.0,39.0,2,34000,3.865704,43.617114,2025,2025-10-06
262500.0,78.0,3,34000,3.870164,43.608504,2025,2025-09-30
298250.0,105.0,4,34090,3.871312,43.629774,2025,2025-09-30
126000.0,41.0,2,34000,3.884479,43.606502,2025,2025-10-03
165000.0,41.0,2,34090,3.864054,43.639624,2025,2025-09-29
195000.0,80.0,3,34000,3.89248,43.613723,2025,2025-10-03
91400.0,25.0,1,34090,3.840836,43.627719,2025,2025-09-25
187570.0,63.0,3,34070,3.848269,43.597418,2025,2025-09-25
140000.0,36.0,2,34070,3.891022,43.590893,2025,2025-10-01
275000.0,72.0,3,34000,3.909934,43.606352,2025,2025-10-07
294500.0,90.0,3,34000,3.877878,43.610432,2025,2025-09-23
160000.0,73.0,4,34070,3.88248,43.593792,2025,2025-09-19
145000.0,78.0,4,34080,3.851374,43.623156,2025,2025-10-02
277686.0,63.0,3,34000,3.866257,43.605449,2025,2025-09-15
293699.0,83.0,4,34070,3.884761,43.58811,2025,2025-10-01
53800.0,18.0,1,34090,3.853449,43.624567,2025,2025-09-19
83000.0,67.0,3,34080,3.814024,43.639114,2025,2025-09-11
78000.0,21.0,1,34090,3.889849,43.632383,2025,2025-09-22
256000.0,64.0,3,34090,3.872686,43.636985,2025,2025-09-19
102500.0,71.0,4,34080,3.845616,43.621146,2025,2025-09-23
54900.0,22.0,1,34080,3.824762,43.632548,2025,2025-10-01
150010.0,79.0,5,34070,3.883533,43.592737,2025,2025-10-01
94000.0,35.0,2,34070,3.860855,43.603947,2025,2025-04-07
139590.0,63.0,3,34080,3.851374,43.623156,2025,2025-09-25
116650.0,46.0,2,34080,3.843208,43.616384,2025,2025-09-23
137000.0,40.0,2,34000,3.868108,43.6029,2025,2025-10-06
97000.0,23.0,1,34090,3.879026,43.623491,2025,2025-09-23
50000.0,17.0,1,34080,3.837947,43.613467,2025,2025-09-29
317215.0,65.0,2,34070,3.86373,43.601146,2025,2025-09-26
219690.0,46.0,2,34000,3.87023,43.61001,2025,2025-09-18
112805.0,26.0,1,34000,3.883524,43.616819,2025,2025-10-06
174160.0,74.0,4,34070,3.868279,43.597017,2025,2025-09-30
287535.0,67.0,4,34000,3.877807,43.608802,2025,2025-10-01
245000.0,78.0,3,34000,3.877361,43.604958,2025,2025-09-16
150845.0,67.0,3,34000,3.863401,43.611452,2025,2025-10-03
238500.0,62.0,3,34090,3.840701,43.64086,2025,2025-09-19
300000.0,67.0,3,34090,3.844076,43.633477,2025,2025-09-26
496000.0,120.0,4,34000,3.874666,43.60663,2025,2025-10-07
63000.0,42.0,2,34080,3.826908,43.615558,2025,2025-03-03
180000.0,41.0,2,34000,3.901217,43.598264,2025,2025-10-06
224000.0,57.0,3,34090,3.869192,43.627993,2025,2025-09-30
482000.0,116.0,5,34070,3.855313,43.612945,2025,2025-09-30
60000.0,30.0,1,34000,3.877688,43.61368,2025,2025-09-30
215000.0,83.0,3,34070,3.846077,43.61599,2025,2025-09-26
187000.0,79.0,5,34070,3.875352,43.594452,2025,2025-10-09
229957.0,64.0,4,34000,3.868209,43.616157,2025,2025-09-17
132000.0,30.0,1,34000,3.883379,43.615763,2025,2025-10-03
192000.0,70.0,4,34070,3.85736,43.608531,2025,2025-10-08
273500.0,68.0,3,34090,3.878442,43.616393,2025,2025-10-02
171000.0,57.0,3,34000,3.858643,43.618409,2025,2025-09-17
284000.0,83.0,4,34070,3.858816,43.604228,2025,2025-10-01
240000.0,67.0,3,34000,3.889267,43.606138,2025,2025-09-18
166200.0,72.0,3,34070,3.848437,43.604405,2025,2025-09-19
245000.0,48.0,2,34000,3.906068,43.599979,2025,2025-09-23
427000.0,116.0,6,34000,3.877064,43.604383,2025,2025-10-09
142000.0,45.0,2,34080,3.838064,43.630192,2025,2025-09-23
211150.0,55.0,2,34070,3.866771,43.60008,2025,2025-09-22
151000.0,37.0,2,34000,3.875147,43.612903,2025,2025-09-22
186400.0,53.0,2,34000,3.878591,43.610104,2025,2025-09-25
100000.0,33.0,2,34080,3.841694,43.624554,2025,2025-09-30
210000.0,61.0,3,34000,3.874119,43.5998,2025,2025-09-15
80876.0,57.0,3,34080,3.844427,43.621061,2025,2025-09-23
258660.0,82.0,4,34070,3.889455,43.601023,2025,2025-10-08
75000.0,20.0,1,34090,3.843775,43.626298,2025,2025-09-19
104000.0,24.0,1,34000,3.874388,43.609848,2025,2025-10-10
175986.0,47.0,2,34000,3.905373,43.597271,2025,2025-10-09
277000.0,99.0,4,34070,3.867211,43.601296,2025,2025-10-06
178000.0,84.0,5,34000,3.8928,43.61543,2025,2025-10-03
315700.0,120.0,5,34000,3.884209,43.60616,2025,2025-10-06
182000.0,46.0,2,34000,3.902597,43.598364,2025,2025-09-22
250000.0,96.0,2,34070,3.867711,43.605884,2025,2025-10-10
53100.0,13.0,1,34000,3.870668,43.608161,2025,2025-09-29
87850.0,20.0,1,34000,3.897996,43.603349,2025,2025-10-13
129000.0,29.0,1,34090,3.866798,43.626209,2025,2025-09-22
241000.0,71.0,3,34070,3.864743,43.587044,2025,2025-09-23
220300.0,62.0,3,34070,3.85876,43.581164,2025,2025-10-13
195050.0,68.0,3,34070,3.854169,43.608526,2025,2025-10-09
470000.0,129.0,5,34000,3.88786,43.60634,2025,2025-10-09
62000.0,27.0,1,34080,3.832006,43.620973,2025,2025-08-20
126000.0,27.0,1,34090,3.854105,43.638805,2025,2025-09-26
250000.0,69.0,3,34070,3.846077,43.61599,2025,2025-09-22
58870.0,30.0,1,34080,3.846555,43.619867,2025,2025-10-15
97800.0,29.0,1,34070,3.879735,43.595049,2025,2025-10-09
200000.0,66.0,3,34070,3.859911,43.581747,2025,2025-09-23
83000.0,21.0,1,34080,3.83588,43.621424,2025,2025-10-16
229000.0,68.0,3,34070,3.858923,43.581695,2025,2025-10-01
238000.0,50.0,2,34000,3.906072,43.599602,2025,2025-09-18
354000.0,80.0,4,34000,3.875927,43.610093,2025,2025-09-19
79400.0,31.0,2,34080,3.824762,43.632548,2025,2025-09-30
120000.0,43.0,1,34090,3.87289,43.620152,2025,2025-10-01
160000.0,65.0,3,34070,3.86213,43.604886,2025,2025-10-08
63400.0,22.0,1,34080,3.824762,43.632548,2025,2025-09-30
110000.0,55.0,3,34070,3.870959,43.596801,2025,2025-09-29
74400.0,33.0,2,34080,3.824762,43.632548,2025,2025-09-30
172400.0,61.0,3,34070,3.868967,43.59327,2025,2025-09-19
218450.0,57.0,3,34000,3.895154,43.60583,2025,2025-09-23
257000.0,63.0,3,34000,3.874439,43.604811,2025,2025-10-10
93910.0,65.0,2,34000,3.874193,43.606496,2025,2025-10-08
234980.0,75.0,4,34000,3.888395,43.614724,2025,2025-10-10
138450.0,49.0,2,34070,3.85352,43.587716,2025,2025-09-30
165000.0,47.0,3,34000,3.87809,43.609023,2025,2025-10-10
158300.0,73.0,4,34080,3.822362,43.625273,2025,2025-09-30
148200.0,49.0,2,34000,3.895381,43.603174,2025,2025-10-06
155000.0,41.0,2,34070,3.851531,43.589201,2025,2025-10-07
199350.0,56.0,2,34070,3.861742,43.586065,2025,2025-10-16
180000.0,48.0,2,34090,3.86319,43.62079,2025,2025-10-13
100000.0,72.0,3,34080,3.849228,43.620166,2025,2025-09-30
130000.0,56.0,2,34000,3.88675,43.614319,2025,2025-09-29
76000.0,20.0,1,34000,3.874868,43.60979,2025,2025-09-29
123340.0,55.0,3,34070,3.875352,43.594452,2025,2025-10-10
420000.0,102.0,4,34070,3.855453,43.602431,2025,2025-10-14
215000.0,69.0,3,34000,3.912366,43.614667,2025,2025-10-08
237654.48,44.0,3,34000,3.875081,43.608763,2025,2025-10-14
133000.0,45.0,2,34070,3.848558,43.599974,2025,2025-10-07
371200.0,88.0,4,34000,3.881092,43.606194,2025,2025-10-14
180000.0,65.0,3,34090,3.87722,43.616902,2025,2025-09-25
164000.0,67.0,3,34070,3.868984,43.592641,2025,2025-10-08
248670.0,90.0,4,34080,3.836258,43.622393,2025,2025-10-10
155000.0,90.0,4,34070,3.874633,43.591677,2025,2025-09-30
124000.0,46.0,2,34080,3.837587,43.624674,2025,2025-10-08
86800.0,21.0,1,34070,3.891022,43.590893,2025,2025-10-03
139850.0,62.0,3,34070,3.855165,43.604118,2025,2025-10-01
300000.0,71.0,3,34000,3.870238,43.604469,2025,2025-10-01
319800.0,78.0,3,34000,3.877978,43.611346,2025,2025-10-10
174000.0,49.0,2,34000,3.878394,43.610384,2025,2025-10-09
130000.0,35.0,2,34070,3.89376,43.601154,2025,2025-10-14
177000.0,46.0,2,34000,3.895451,43.62403,2025,2025-10-13
416000.0,140.0,5,34070,3.851782,43.61241,2025,2025-10-03
70000.0,23.0,1,34000,3.886416,43.618242,2025,2025-10-07
123600.0,27.0,1,34000,3.881717,43.601718,2025,2025-10-01
230000.0,58.0,2,34000,3.875636,43.607747,2025,2025-10-08
272000.0,72.0,4,34070,3.855063,43.58353,2025,2025-10-16
300000.0,69.0,3,34000,3.88484,43.626886,2025,2025-10-14
100000.0,33.0,2,34000,3.869625,43.60129,2025,2025-10-03
136000.0,37.0,2,34070,3.862576,43.60379,2025,2025-10-16
260000.0,63.0,3,34090,3.8702,43.638536,2025,2025-10-15
235000.0,59.0,3,34000,3.895154,43.60583,2025,2025-10-13
153500.0,40.0,2,34080,3.828184,43.633105,2025,2025-10-14
111000.0,63.0,3,34080,3.844803,43.618936,2025,2025-09-23
130233.0,24.0,2,34000,3.866037,43.612552,2025,2025-09-30
109000.0,43.0,2,34080,3.832834,43.615261,2025,2025-10-17
149000.0,53.0,2,34070,3.873179,43.588466,2025,2025-09-24
255000.0,92.0,4,34090,3.859375,43.624466,2025,2025-09-22
126550.0,43.0,2,34080,3.841634,43.61433,2025,2025-09-26
170000.0,41.0,2,34090,3.872686,43.636985,2025,2025-10-07
158300.0,66.0,3,34000,3.886274,43.614681,2025,2025-10-06
350500.0,77.0,4,34000,3.886258,43.618054,2025,2025-10-08
186100.0,79.0,4,34070,3.845992,43.597212,2025,2025-10-14
78000.0,17.0,1,34090,3.873657,43.624511,2025,2025-09-30
110000.0,66.0,3,34000,3.885292,43.621256,2025,2025-10-03
185000.0,50.0,2,34090,3.838533,43.636989,2025,2025-10-10
195000.0,48.0,2,34070,3.859336,43.581471,2025,2025-10-01
283000.0,78.0,3,34000,3.882,43.614576,2025,2025-10-06
105500.0,31.0,2,34080,3.83588,43.621424,2025,2025-09-30
130000.0,96.0,4,34000,3.872841,43.599049,2025,2025-09-18
152500.0,42.0,2,34000,3.881874,43.60453,2025,2025-10-13
72200.0,41.0,2,34080,3.832006,43.620973,2025,2025-10-15
153000.0,42.0,2,34070,3.850308,43.589542,2025,2025-10-17
126500.0,30.0,1,34000,3.892732,43.606515,2025,2025-10-17
179150.0,55.0,2,34090,3.876765,43.625611,2025,2025-10-14
175000.0,39.0,2,34000,3.891104,43.606692,2025,2025-10-22
250000.0,71.0,3,34090,3.840041,43.639678,2025,2025-10-01
63000.0,10.0,1,34000,3.867021,43.609952,2025,2025-10-10
235000.0,49.0,2,34000,3.906581,43.613534,2025,2025-10-09
325000.0,77.0,3,34000,3.865704,43.617114,2025,2025-10-10
254400.0,88.0,4,34000,3.881835,43.607559,2025,2025-09-30
104740.0,33.0,2,34080,3.840172,43.617711,2025,2025-10-06
116825.0,25.0,1,34090,3.867524,43.635869,2025,2025-10-17
93800.0,30.0,1,34090,3.833475,43.639115,2025,2025-09-30
226900.0,62.0,3,34000,3.866741,43.626741,2025,2025-10-23
275000.0,54.0,2,34000,3.868616,43.615192,2025,2025-10-20
100000.0,25.0,1,34090,3.846267,43.632539,2025,2025-10-15
125000.0,42.0,2,34090,3.880383,43.616973,2025,2025-10-17
266000.0,69.0,3,34000,3.910656,43.607407,2025,2025-10-14
440000.0,99.0,4,34090,3.88484,43.626886,2025,2025-10-17
98000.0,22.0,2,34090,3.844188,43.640541,2025,2025-09-30
117000.0,25.0,1,34090,3.867524,43.635869,2025,2025-10-23
80000.0,21.0,1,34000,3.876164,43.60769,2025,2025-10-09
190500.0,63.0,2,34000,3.875274,43.609086,2025,2025-10-09
136000.0,44.0,2,34080,3.841634,43.61433,2025,2025-10-08
221570.0,75.0,4,34070,3.863661,43.605049,2025,2025-10-10
318000.0,74.0,3,34000,3.897092,43.620539,2025,2025-09-08
100000.0,28.0,1,34090,3.844744,43.633909,2025,2025-10-14
95000.0,18.0,1,34090,3.870352,43.628869,2025,2025-10-08
152000.0,63.0,4,34070,3.850136,43.60245,2025,2025-10-03
178500.0,56.0,3,34090,3.838637,43.640729,2025,2025-10-06
427500.0,73.0,3,34000,3.899332,43.598239,2025,2025-10-13
244000.0,61.0,3,34000,3.884908,43.609836,2025,2025-10-13
165000.0,92.0,5,34080,3.841541,43.621563,2025,2025-10-13
104720.0,36.0,2,34000,3.878938,43.601675,2025,2025-10-02
52000.0,19.0,1,34080,3.847573,43.619412,2025,2025-10-16
212000.0,66.0,3,34000,3.913128,43.617176,2025,2025-10-16
70000.0,24.0,1,34000,3.866493,43.609386,2025,2025-10-13
159693.0,40.0,2,34000,3.878901,43.608853,2025,2025-09-30
380000.0,107.0,5,34000,3.869124,43.605132,2025,2025-10-15
269800.0,80.0,4,34000,3.86934,43.608684,2025,2025-10-06
125000.0,37.0,2,34080,3.848718,43.622617,2025,2025-10-03
83190.0,18.0,1,34090,3.873072,43.620952,2025,2025-10-23
179500.0,83.0,4,34070,3.874216,43.595399,2025,2025-10-21
226400.0,54.0,3,34090,3.876259,43.615978,2025,2025-10-06
152657.0,65.0,4,34070,3.85277,43.598238,2025,2025-10-14
292010.0,45.0,2,34000,3.874376,43.607176,2025,2025-10-10
176300.0,76.0,4,34070,3.87077,43.597489,2025,2025-09-29
248800.0,59.0,3,34000,3.889078,43.625409,2025,2025-09-30
168800.0,69.0,3,34070,3.886911,43.593676,2025,2025-10-21
242760.0,58.0,2,34000,3.891014,43.613888,2025,2025-09-26
330000.0,110.0,4,34000,3.890625,43.619062,2025,2025-10-01
83760.0,17.0,2,34000,3.874374,43.608578,2025,2025-10-03
205460.0,44.0,2,34000,3.892476,43.604929,2025,2025-10-15
172800.0,63.0,3,34080,3.848718,43.622617,2025,2025-10-08
172500.0,37.0,2,34090,3.869688,43.616854,2025,2025-10-03
85500.0,19.0,1,34000,3.877604,43.614104,2025,2025-10-10
210534.0,50.0,2,34000,3.904874,43.601781,2025,2025-10-09
190000.0,68.0,2,34090,3.863973,43.618139,2025,2025-10-15
127300.0,33.0,1,34000,3.872025,43.606087,2025,2025-10-13
40000.0,24.0,1,34080,3.835291,43.618361,2025,2025-10-10
278500.0,63.0,3,34070,3.891097,43.598985,2025,2025-10-09
150000.0,42.0,2,34070,3.850308,43.589542,2025,2025-10-17
141500.0,47.0,2,34070,3.856424,43.60366,2025,2025-10-08
132000.0,40.0,1,34070,3.892873,43.603053,2025,2025-10-17
80000.0,22.0,2,34000,3.873351,43.610359,2025,2025-10-09
165000.0,68.0,2,34080,3.844554,43.61491,2025,2025-10-07
67000.0,22.0,1,34070,3.85269,43.603029,2025,2025-10-22
160000.0,48.0,3,34070,3.867211,43.601296,2025,2025-10-17
90700.0,27.0,1,34000,3.875344,43.611795,2025,2025-10-20
465000.0,89.0,4,34000,3.899431,43.60052,2025,2025-10-24
93500.0,20.0,1,34090,3.856342,43.622075,2025,2025-10-15
102000.0,57.0,3,34070,3.885032,43.591232,2025,2025-10-09
183000.0,47.0,3,34070,3.853732,43.615661,2025,2025-10-17
189113.0,73.0,4,34080,3.847576,43.620535,2025,2025-10-14
248810.0,84.0,4,34070,3.858111,43.586718,2025,2025-10-14
94000.0,27.0,2,34000,3.867305,43.60917,2025,2025-10-17
133000.0,37.0,1,34070,3.854115,43.600002,2025,2025-10-22
64000.0,27.0,1,34080,3.832006,43.620973,2025,2025-10-15
69000.0,22.0,1,34000,3.876666,43.607905,2025,2025-10-06
102000.0,25.0,1,34000,3.881415,43.606958,2025,2025-10-03
160800.0,62.0,3,34070,3.834406,43.610006,2025,2025-10-08
165805.0,47.0,2,34000,3.907699,43.613384,2025,2025-10-21
250000.0,66.0,3,34090,3.876241,43.624751,2025,2025-10-21
49500.0,15.0,1,34090,3.852553,43.621567,2025,2025-10-24
165000.0,47.0,2,34090,3.871303,43.626414,2025,2025-10-20
174035.0,41.0,2,34070,3.887015,43.604859,2025,2025-10-01
159000.0,57.0,2,34070,3.865227,43.59867,2025,2025-10-21
142000.0,67.0,3,34080,3.827141,43.612899,2025,2025-10-16
159600.0,52.0,2,34070,3.848673,43.596052,2025,2025-09-30
238445.0,73.0,4,34070,3.852856,43.587074,2025,2025-10-16
155000.0,68.0,4,34070,3.890712,43.601006,2025,2025-10-24
339350.0,81.0,3,34000,3.874976,43.606911,2025,2025-10-23
228300.0,64.0,3,34070,3.842157,43.591425,2025,2025-10-13
67000.0,17.0,1,34090,3.852553,43.621567,2025,2025-10-16
131000.0,48.0,2,34080,3.841279,43.620456,2025,2025-10-16
132200.0,29.0,2,34000,3.895137,43.600662,2025,2025-10-17
260000.0,70.0,3,34000,3.879325,43.598232,2025,2025-10-21
401815.0,75.0,3,34000,3.890799,43.605725,2025,2025-10-10
122000.0,63.0,4,34070,3.850136,43.60245,2025,2025-10-22
70000.0,13.0,1,34000,3.874373,43.608879,2025,2025-10-01
64000.0,18.0,1,34090,3.876765,43.625611,2025,2025-10-16
355500.0,81.0,3,34000,3.906164,43.602115,2025,2025-10-09
114000.0,20.0,1,34000,3.877369,43.608164,2025,2025-09-30
74400.0,25.0,1,34080,3.845822,43.622635,2025,2025-10-06
57000.0,25.0,1,34080,3.846555,43.619867,2025,2025-10-17
117520.0,30.0,1,34070,3.891022,43.590893,2025,2025-10-23
139000.0,49.0,3,34090,3.868382,43.626196,2025,2025-10-17
137300.0,42.0,2,34070,3.853789,43.589707,2025,2025-10-15
114000.0,29.0,1,34070,3.862383,43.588723,2025,2025-10-29
161500.0,44.0,2,34080,3.82646,43.635357,2025,2025-10-16
199500.0,48.0,2,34090,3.873303,43.617788,2025,2025-10-21
170200.0,42.0,2,34000,3.903442,43.606776,2025,2025-10-28
145000.0,41.0,2,34070,3.894014,43.60062,2025,2025-10-15
249000.0,78.0,3,34070,3.854115,43.600002,2025,2025-10-03
204000.0,67.0,4,34090,3.857481,43.631276,2025,2025-10-09
77900.0,30.0,1,34070,3.834406,43.610006,2025,2025-10-17
173240.0,85.0,5,34070,3.868421,43.594405,2025,2025-10-22
174120.0,42.0,2,34000,3.87306,43.60078,2025,2025-10-22
103100.0,27.0,1,34090,3.844744,43.633909,2025,2025-10-27
168000.0,47.0,2,34000,3.898207,43.617475,2025,2025-10-23
110000.0,32.0,1,34090,3.843053,43.641923,2025,2025-10-14
490000.0,93.0,4,34090,3.870145,43.621662,2025,2025-10-23
146140.0,39.0,2,34090,3.854339,43.623523,2025,2025-10-24
245000.0,68.0,4,34000,3.888198,43.620449,2025,2025-10-24
274840.0,79.0,4,34000,3.912366,43.614667,2025,2025-10-27
184300.0,79.0,3,34070,3.86604,43.596752,2025,2025-10-24
141860.0,34.0,2,34000,3.873805,43.609614,2025,2025-10-24
265000.0,86.0,4,34090,3.874979,43.628781,2025,2025-10-27
175000.0,68.0,4,34090,3.865183,43.621733,2025,2025-10-30
215000.0,59.0,3,34090,3.842724,43.642473,2025,2025-10-23
273000.0,113.0,5,34070,3.854115,43.600002,2025,2025-10-23
174000.0,77.0,3,34090,3.84562,43.627769,2025,2025-10-27
167000.0,44.0,2,34000,3.866364,43.61021,2025,2025-10-21
195490.0,38.0,2,34000,3.907961,43.607285,2025,2025-10-27
100000.0,17.0,1,34000,3.874558,43.609794,2025,2025-09-22
237500.0,64.0,3,34000,3.873053,43.601058,2025,2025-10-23
114400.0,35.0,2,34000,3.87397,43.600423,2025,2025-10-24
74000.0,21.0,1,34070,3.85269,43.603029,2025,2025-10-09
123500.0,48.0,2,34070,3.85352,43.587716,2025,2025-10-15
85000.0,19.0,1,34090,3.879837,43.623972,2025,2025-10-27
155000.0,54.0,2,34090,3.873657,43.624511,2025,2025-10-31
83200.0,24.0,1,34090,3.876196,43.617155,2025,2025-10-09
110800.0,33.0,1,34070,3.889789,43.594165,2025,2025-10-15
310000.0,69.0,3,34000,3.894987,43.611208,2025,2025-10-10
284700.0,92.0,4,34090,3.859375,43.624466,2025,2025-10-24
183000.0,47.0,2,34000,3.893509,43.606468,2025,2025-10-09
235000.0,53.0,2,34090,3.891509,43.628156,2025,2025-10-31
85000.0,18.0,1,34090,3.856655,43.631871,2025,2025-10-06
265000.0,70.0,3,34090,3.849903,43.626298,2025,2025-10-22
240000.0,75.0,3,34000,3.883843,43.607789,2025,2025-10-31
117500.0,23.0,1,34070,3.882693,43.605338,2025,2025-10-21
229000.0,68.0,4,34090,3.865183,43.621733,2025,2025-10-24
177500.0,72.0,3,34070,3.866464,43.591485,2025,2025-10-14
324500.0,74.0,2,34000,3.871017,43.603451,2025,2025-10-28
180000.0,65.0,3,34070,3.889789,43.594165,2025,2025-10-17
609220.0,151.0,4,34090,3.841145,43.640083,2025,2025-10-14
159195.0,37.0,2,34000,3.903771,43.607477,2025,2025-10-14
144400.0,80.0,4,34070,3.836052,43.608116,2025,2025-10-22
435000.0,104.0,4,34090,3.885027,43.625545,2025,2025-10-27
124250.0,31.0,1,34070,3.890704,43.59339,2025,2025-10-09
153000.0,48.0,2,34070,3.893146,43.601071,2025,2025-10-22
245000.0,91.0,5,34080,3.841541,43.621563,2025,2025-10-13
225350.0,55.0,3,34000,3.898207,43.617475,2025,2025-10-24
175000.0,41.0,2,34000,3.887901,43.627569,2025,2025-10-28
157333.34,62.0,3,34090,3.871224,43.627565,2025,2025-10-09
235000.0,74.0,3,34090,3.87722,43.616902,2025,2025-10-30
54000.0,22.0,1,34070,3.85269,43.603029,2025,2025-10-27
620000.0,146.0,6,34090,3.891827,43.628395,2025,2025-10-28
104100.0,30.0,1,34090,3.874979,43.628781,2025,2025-10-14
185000.0,79.0,4,34070,3.859937,43.604521,2025,2025-10-13
275000.0,120.0,5,34070,3.84572,43.61375,2025,2025-10-03
62000.0,25.0,1,34080,3.846555,43.619867,2025,2025-10-27
250000.0,97.0,5,34070,3.874311,43.589843,2025,2025-10-15
202500.0,70.0,3,34070,3.855152,43.602019,2025,2025-10-21
98000.0,30.0,1,34000,3.879066,43.596134,2025,2025-11-05
695000.0,113.0,4,34000,3.904746,43.607399,2025,2025-10-14
133175.27,33.0,2,34070,3.858466,43.59018,2025,2025-10-27
150000.0,40.0,2,34000,3.86706,43.617116,2025,2025-11-04
75400.0,20.0,1,34090,3.868567,43.634816,2025,2025-10-23
185000.0,69.0,4,34070,3.854287,43.601316,2025,2025-10-20
345630.0,92.0,4,34000,3.863465,43.610195,2025,2025-10-29
93000.0,63.0,3,34070,3.842618,43.608378,2025,2025-10-29
314000.0,110.0,4,34070,3.846508,43.613731,2025,2025-10-20
115000.0,40.0,2,34070,3.88496,43.604713,2025,2025-10-23
118900.0,30.0,2,34090,3.837875,43.6391,2025,2025-10-07
189000.0,62.0,2,34000,3.867912,43.609441,2025,2025-10-31
178830.0,60.0,4,34070,3.886999,43.594906,2025,2025-10-21
191450.0,72.0,3,34090,3.862092,43.636035,2025,2025-10-27
120000.0,41.0,2,34090,3.870485,43.618776,2025,2025-10-22
211000.0,102.0,3,34000,3.870686,43.605607,2025,2025-10-10
145000.0,46.0,2,34080,3.847271,43.619339,2025,2025-10-31
357102.67,97.0,5,34070,3.874311,43.589843,2025,2025-10-21
124000.0,33.0,2,34090,3.844188,43.640541,2025,2025-10-08
186000.0,51.0,2,34070,3.855667,43.593828,2025,2025-10-31
96000.0,21.0,1,34000,3.90586,43.613163,2025,2025-10-14
60400.0,22.0,1,34080,3.824762,43.632548,2025,2025-10-24
82800.0,18.0,1,34090,3.856655,43.631871,2025,2025-10-29
124650.0,32.0,1,34070,3.843817,43.592403,2025,2025-10-28
115000.0,22.0,1,34070,3.88919,43.603387,2025,2025-10-17
219000.0,86.0,4,34070,3.837222,43.608776,2025,2025-10-30
278000.0,68.0,3,34090,3.877148,43.635676,2025,2025-10-21
155000.0,63.0,3,34000,3.882657,43.609705,2025,2025-10-16
97005.0,50.0,2,34070,3.874216,43.595399,2025,2025-10-24
174520.0,63.0,3,34080,3.843208,43.616384,2025,2025-10-28
206000.0,71.0,3,34090,3.85444,43.620964,2025,2025-10-24
179000.0,84.0,4,34070,3.868984,43.592641,2025,2025-11-03
223498.0,75.0,3,34080,3.841189,43.619543,2025,2025-11-05
207000.0,37.0,2,34000,3.902597,43.598364,2025,2025-10-30
385000.0,74.0,3,34090,3.870145,43.621662,2025,2025-10-13
131500.0,29.0,2,34000,3.90586,43.613163,2025,2025-10-17
232300.0,55.0,3,34000,3.87534,43.611415,2025,2025-10-24
83000.0,20.0,1,34000,3.872515,43.607487,2025,2025-10-16
120000.0,41.0,2,34090,3.846267,43.632539,2025,2025-10-31
133000.0,57.0,3,34070,3.862576,43.60379,2025,2025-10-15
142600.0,40.0,2,34000,3.891297,43.609874,2025,2025-10-14
279380.0,62.0,2,34000,3.877783,43.613842,2025,2025-11-04
200000.0,108.0,5,34070,3.852947,43.602458,2025,2025-10-28
109000.0,42.0,2,34070,3.840705,43.592678,2025,2025-10-28
210000.0,79.0,5,34000,3.858643,43.618409,2025,2025-10-31
88000.0,18.0,1,34090,3.856655,43.631871,2025,2025-10-22
215850.0,38.0,3,34000,3.876029,43.611743,2025,2025-10-30
120000.0,67.0,3,34070,3.886522,43.592608,2025,2025-11-05
166500.0,47.0,2,34080,3.838064,43.630192,2025,2025-10-24
168150.0,43.0,2,34000,3.905641,43.611473,2025,2025-10-31
164000.0,31.0,1,34000,3.87642,43.608971,2025,2025-11-04
156000.0,38.0,2,34070,3.86226,43.583993,2025,2025-11-10
165000.0,40.0,2,34090,3.873951,43.618226,2025,2025-10-17
229958.8,66.0,3,34070,3.860218,43.582009,2025,2025-10-24
143000.0,50.0,2,34070,3.846875,43.59517,2025,2025-10-28
264000.0,80.0,4,34080,3.826611,43.615955,2025,2025-11-05
110000.0,30.0,1,34070,3.858691,43.611795,2025,2025-10-27
142000.0,43.0,2,34090,3.838533,43.636989,2025,2025-10-27
178000.0,110.0,4,34000,3.883073,43.607967,2025,2025-10-27
94000.0,53.0,2,34080,3.841683,43.617622,2025,2025-10-29
90000.0,25.0,1,34070,3.861742,43.586065,2025,2025-11-05
200000.0,70.0,3,34070,3.846587,43.594407,2025,2025-10-28
700000.0,208.0,7,34000,3.882515,43.609631,2025,2025-10-27
139000.0,97.0,5,34080,3.843839,43.619515,2025,2025-10-29
215000.0,81.0,4,34070,3.86213,43.604886,2025,2025-10-20
105000.0,21.0,1,34000,3.87894,43.612159,2025,2025-10-31
113560.0,28.0,1,34000,3.913011,43.603212,2025,2025-11-03
68000.0,18.0,1,34090,3.874796,43.617041,2025,2025-11-03
431000.0,123.0,3,34000,3.878187,43.609792,2025,2025-11-03
280000.0,66.0,3,34090,3.871172,43.625552,2025,2025-10-29
146000.0,41.0,2,34090,3.837875,43.6391,2025,2025-11-03
345000.0,70.0,3,34090,3.878442,43.616393,2025,2025-10-27
153000.0,63.0,3,34070,3.834528,43.609668,2025,2025-10-17
193000.0,40.0,2,34000,3.903771,43.607477,2025,2025-11-06
256900.0,48.0,2,34000,3.899793,43.597635,2025,2025-11-03
125000.0,46.0,2,34000,3.879066,43.596134,2025,2025-10-23
72000.0,18.0,1,34090,3.845294,43.628354,2025,2025-10-31
170000.0,62.0,3,34080,3.846235,43.622413,2025,2025-10-27
375000.0,120.0,5,34000,3.867109,43.611186,2025,2025-10-17
355000.0,70.0,3,34000,3.901197,43.608396,2025,2025-11-07
170000.0,34.0,2,34000,3.895415,43.611476,2025,2025-10-24
297000.0,70.0,3,34000,3.86706,43.617116,2025,2025-11-05
105000.0,52.0,2,34070,3.868421,43.594405,2025,2025-10-22
196000.0,45.0,2,34070,3.893733,43.602922,2025,2025-11-05
225000.0,73.0,3,34000,3.878605,43.612099,2025,2025-10-14
194800.0,80.0,3,34000,3.882203,43.6076,2025,2025-03-31
81850.0,19.0,1,34000,3.897996,43.603349,2025,2025-10-24
240000.0,73.0,3,34070,3.854115,43.600002,2025,2025-11-04
89000.0,18.0,1,34090,3.856655,43.631871,2025,2025-10-28
661200.0,105.0,4,34000,3.90082,43.598604,2025,2025-10-31
290000.0,79.0,3,34070,3.86604,43.596752,2025,2025-10-23
225000.0,55.0,3,34070,3.864116,43.609922,2025,2025-10-31
114000.0,21.0,1,34000,3.87482,43.615547,2025,2025-10-23
160000.0,48.0,2,34090,3.851831,43.634837,2025,2025-11-03
81000.0,33.0,2,34080,3.824762,43.632548,2025,2025-10-31
122000.0,43.0,2,34070,3.856644,43.59141,2025,2025-10-23
86500.0,22.0,1,34070,3.862383,43.588723,2025,2025-11-06
148000.0,58.0,2,34070,3.851241,43.616024,2025,2025-10-29
623000.0,110.0,4,34090,3.869688,43.616854,2025,2025-10-31
157360.0,45.0,2,34000,3.877081,43.607946,2025,2025-10-31
155000.0,48.0,2,34000,3.869365,43.615667,2025,2025-11-10
260000.0,68.0,3,34000,3.907872,43.609407,2025,2025-10-31
75050.0,17.0,1,34090,3.873657,43.624511,2025,2025-11-06
173400.0,46.0,2,34070,3.891238,43.590278,2025,2025-11-10
199000.0,51.0,2,34000,3.883519,43.618439,2025,2025-11-07
165050.0,78.0,4,34080,3.827542,43.615832,2025,2025-11-07
175000.0,37.0,2,34090,3.872937,43.632224,2025,2025-10-23
161000.0,52.0,3,34070,3.84738,43.604831,2025,2025-11-06
145000.0,48.0,2,34080,3.827187,43.616086,2025,2025-11-07
65000.0,26.0,1,34080,3.83588,43.621424,2025,2025-11-10
230000.0,82.0,4,34000,3.885292,43.621256,2025,2025-11-06
82000.0,18.0,1,34090,3.856655,43.631871,2025,2025-11-03
296380.0,80.0,3,34090,3.876765,43.625611,2025,2025-11-03
143000.0,45.0,2,34070,3.850308,43.589542,2025,2025-10-22
225320.0,62.0,3,34070,3.859954,43.607871,2025,2025-10-24
292568.0,70.0,3,34070,3.887215,43.603894,2025,2025-10-24
164500.0,35.0,2,34000,3.897596,43.602334,2025,2025-10-27
290000.0,52.0,1,34000,3.879371,43.605973,2025,2025-11-12
195000.0,59.0,3,34070,3.879735,43.595049,2025,2025-11-05
135000.0,52.0,3,34080,3.831356,43.6141,2025,2025-11-03
166300.0,44.0,2,34070,3.851793,43.588202,2025,2025-10-27
297000.0,75.0,4,34080,3.829267,43.634493,2025,2025-11-05
120000.0,40.0,1,34090,3.861522,43.623736,2025,2025-11-05
225800.0,66.0,3,34070,3.883304,43.590707,2025,2025-11-06
210395.0,60.0,2,34000,3.894399,43.619497,2025,2025-10-21
143200.0,39.0,2,34090,3.858037,43.632154,2025,2025-10-24
151500.0,42.0,2,34090,3.864042,43.620763,2025,2025-11-06
153210.0,42.0,2,34070,3.883146,43.595795,2025,2025-11-06
345000.0,86.0,4,34000,3.904746,43.607399,2025,2025-11-06
67000.0,21.0,1,34000,3.876204,43.609117,2025,2025-11-12
88000.0,17.0,1,34000,3.875783,43.612473,2025,2025-11-12
206020.0,54.0,2,34000,3.875515,43.614148,2025,2025-11-03
477000.0,89.0,4,34070,3.897883,43.596443,2025,2025-10-30
150000.0,38.0,2,34070,3.859111,43.584012,2025,2025-11-17
290000.0,94.0,4,34090,3.879837,43.623972,2025,2025-11-06
150000.0,29.0,1,34090,3.873434,43.621405,2025,2025-11-17
152000.0,42.0,2,34070,3.875671,43.593798,2025,2025-11-12
124570.0,31.0,2,34000,3.877085,43.603628,2025,2025-11-07
197500.0,39.0,2,34000,3.908881,43.610502,2025,2025-11-06
205500.0,58.0,3,34070,3.838372,43.604367,2025,2025-10-24
90000.0,50.0,1,34090,3.873657,43.624511,2025,2025-11-04
175000.0,51.0,2,34000,3.877494,43.608839,2025,2025-11-14
98000.0,22.0,2,34090,3.844188,43.640541,2025,2025-11-06
148000.0,46.0,2,34070,3.875671,43.593798,2025,2025-11-03
53150.0,14.0,1,34000,3.877868,43.613441,2025,2025-10-30
182000.0,60.0,3,34070,3.849805,43.591392,2025,2025-11-17
118000.0,36.0,1,34080,3.841634,43.61433,2025,2025-11-12
397700.0,116.0,5,34000,3.879996,43.607729,2025,2025-10-23
130000.0,47.0,2,34090,3.863024,43.640576,2025,2025-10-22
424576.12,105.0,4,34090,3.87593,43.627496,2025,2025-10-22
208000.0,63.0,3,34070,3.873106,43.597041,2025,2025-10-22
194000.0,62.0,3,34070,3.860172,43.58096,2025,2025-11-07
160500.0,35.0,2,34090,3.863205,43.61902,2025,2025-11-05
55500.0,16.0,1,34000,3.867986,43.611105,2025,2025-11-14
210000.0,63.0,2,34000,3.88786,43.60634,2025,2025-11-17
195000.0,72.0,4,34000,3.901191,43.606034,2025,2025-10-20
264000.0,65.0,3,34000,3.893083,43.609122,2025,2025-11-12
132000.0,31.0,2,34000,3.90586,43.613163,2025,2025-11-13
222100.0,57.0,2,34000,3.910656,43.607407,2025,2025-11-07
441000.0,86.0,4,34000,3.901217,43.598264,2025,2025-11-12
145500.0,71.0,4,34070,3.872174,43.595919,2025,2025-10-23
91400.0,37.0,2,34080,3.828331,43.614847,2025,2025-11-12
167500.0,47.0,2,34000,3.893509,43.606468,2025,2025-11-04
164600.0,65.0,4,34070,3.867128,43.596109,2025,2025-11-13
465000.0,139.0,5,34070,3.851782,43.61241,2025,2025-11-18
95000.0,21.0,1,34090,3.856229,43.633435,2025,2025-11-12
93000.0,21.0,1,34090,3.86199,43.628048,2025,2025-11-12
183200.0,40.0,2,34090,3.87257,43.620074,2025,2025-10-23
48000.0,18.0,1,34090,3.852657,43.623307,2025,2025-10-31
195000.0,58.0,2,34000,3.895464,43.608606,2025,2025-11-12
132000.0,37.0,2,34090,3.853299,43.623751,2025,2025-10-23
105000.0,28.0,1,34090,3.844744,43.633909,2025,2025-11-14
90987.0,20.0,1,34090,3.844744,43.633909,2025,2025-11-18
170000.0,74.0,3,34000,3.874602,43.607658,2025,2025-10-30
252000.0,68.0,3,34070,3.851531,43.589201,2025,2025-11-10
729800.0,146.0,7,34000,3.872335,43.607168,2025,2025-11-12
204000.0,43.0,2,34000,3.870559,43.60767,2025,2025-10-23
175000.0,56.0,3,34090,3.838637,43.640729,2025,2025-11-13
125000.0,66.0,3,34080,3.847297,43.621955,2025,2025-11-14
322526.26,76.0,4,34090,3.87722,43.616902,2025,2025-11-03
170100.0,34.0,2,34000,3.900053,43.601117,2025,2025-10-29
263000.0,98.0,5,34000,3.864545,43.61062,2025,2025-05-05
265000.0,80.0,4,34000,3.874981,43.606247,2025,2025-11-03
121000.0,42.0,2,34000,3.899738,43.617489,2025,2025-11-06
230000.0,66.0,3,34000,3.866971,43.609617,2025,2025-11-14
133000.0,57.0,2,34000,3.878627,43.610299,2025,2025-11-07
150000.0,81.0,5,34080,3.842248,43.614891,2025,2025-11-13
667800.0,130.0,4,34000,3.877211,43.606756,2025,2025-09-05
110800.0,41.0,2,34080,3.831528,43.613498,2025,2025-11-21
66900.0,22.0,1,34080,3.824762,43.632548,2025,2025-11-12
61400.0,22.0,1,34080,3.824762,43.632548,2025,2025-10-21
167648.0,69.0,3,34070,3.859954,43.607871,2025,2025-11-06
144100.0,43.0,2,34070,3.836052,43.608116,2025,2025-11-20
66900.0,22.0,1,34080,3.824762,43.632548,2025,2025-11-12
162500.0,37.0,2,34000,3.874757,43.609702,2025,2025-11-18
135000.0,63.0,3,34070,3.849485,43.608201,2025,2025-11-03
212400.0,60.0,3,34000,3.868089,43.604532,2025,2025-10-28
304960.0,70.0,3,34000,3.879144,43.614945,2025,2025-11-17
160500.0,50.0,2,34070,3.854993,43.593074,2025,2025-11-17
160150.0,49.0,2,34070,3.854993,43.593074,2025,2025-11-04
233800.0,69.0,3,34070,3.860218,43.582009,2025,2025-11-17
70000.0,52.0,2,34080,3.849301,43.621547,2025,2025-11-04
217300.0,62.0,3,34090,3.860745,43.626133,2025,2025-11-10
60000.0,22.0,1,34000,3.880667,43.608058,2025,2025-11-04
303761.0,66.0,3,34000,3.896269,43.605244,2025,2025-11-20
261900.0,67.0,3,34090,3.863853,43.618564,2025,2025-11-13
167500.0,38.0,2,34090,3.872585,43.632744,2025,2025-09-08
93000.0,21.0,1,34090,3.856229,43.633435,2025,2025-11-21
186330.0,70.0,3,34090,3.843053,43.641923,2025,2025-11-07
110500.0,30.0,1,34090,3.856264,43.640812,2025,2025-11-17
166140.0,58.0,2,34000,3.888475,43.618703,2025,2025-11-19
234900.0,48.0,2,34090,3.873303,43.617788,2025,2025-10-30
100000.0,76.0,4,34070,3.866188,43.595571,2025,2025-11-18
55000.0,43.0,2,34080,3.826908,43.615558,2025,2025-11-18
268750.0,72.0,3,34070,3.865534,43.599975,2025,2025-10-31
95291.31,18.0,1,34070,3.859956,43.593135,2025,2025-11-18
239700.0,72.0,3,34090,3.87274,43.629006,2025,2025-11-12
85000.0,38.0,2,34000,3.870132,43.60253,2025,2025-11-06
297386.78,83.0,4,34090,3.882467,43.626656,2025,2025-11-12
240000.0,44.0,2,34090,3.876336,43.62806,2025,2025-11-13
132915.2,68.0,3,34070,3.851237,43.596242,2025,2025-10-27
155000.0,38.0,2,34070,3.86505,43.609656,2025,2025-10-30
82900.0,30.0,1,34070,3.872598,43.590303,2025,2025-10-31
125000.0,37.0,2,34000,3.875873,43.606309,2025,2025-11-06
185700.0,64.0,3,34080,3.833965,43.610858,2025,2025-11-17
174100.0,45.0,2,34070,3.859336,43.581471,2025,2025-11-03
100725.0,72.0,3,34070,3.832739,43.598198,2025,2025-10-31
135000.0,41.0,2,34070,3.859956,43.593135,2025,2025-10-29
193900.0,68.0,4,34000,3.888395,43.614724,2025,2025-11-20
88450.0,18.0,1,34090,3.84733,43.631203,2025,2025-11-14
400000.0,92.0,4,34090,3.870145,43.621662,2025,2025-11-07
508150.0,103.0,4,34090,3.877943,43.617293,2025,2025-11-14
96500.0,23.0,1,34000,3.881733,43.60184,2025,2025-10-31
171900.0,52.0,2,34090,3.85444,43.620964,2025,2025-11-17
150990.0,44.0,2,34090,3.860999,43.628061,2025,2025-11-04
190000.0,47.0,2,34000,3.875591,43.609931,2025,2025-11-14
168000.0,50.0,2,34070,3.888444,43.599975,2025,2025-11-19
188000.0,59.0,3,34000,3.896334,43.606027,2025,2025-11-26
161000.0,69.0,4,34070,3.868421,43.594405,2025,2025-11-25
108000.0,23.0,1,34000,3.888465,43.621058,2025,2025-11-24
186000.0,61.0,3,34070,3.854115,43.600002,2025,2025-11-19
78200.0,25.0,1,34000,3.881636,43.602504,2025,2025-11-24
133750.0,31.0,1,34090,3.849903,43.626298,2025,2025-11-19
83350.0,18.0,0,34000,3.879957,43.614372,2025,2025-11-06
687500.0,117.0,4,34090,3.869688,43.616854,2025,2025-11-03
261000.0,105.0,5,34000,3.89248,43.613723,2025,2025-11-25
83300.0,31.0,1,34090,3.840836,43.627719,2025,2025-11-17
435000.0,193.0,5,34000,3.881156,43.601445,2025,2025-11-12
257000.0,62.0,3,34070,3.890759,43.602593,2025,2025-11-27
115000.0,42.0,2,34070,3.85467,43.60681,2025,2025-11-21
327100.0,66.0,3,34000,3.898816,43.617841,2025,2025-11-12
174470.0,46.0,2,34090,3.872421,43.637625,2025,2025-11-14
76500.0,52.0,3,34070,3.88248,43.593792,2025,2025-11-14
145000.0,85.0,4,34080,3.829221,43.615924,2025,2025-11-25
325550.0,66.0,3,34000,3.902054,43.611538,2025,2025-11-13
238000.0,70.0,3,34070,3.887215,43.603894,2025,2025-11-07
85320.0,57.0,3,34070,3.885124,43.593451,2025,2025-11-06
203878.0,44.0,2,34090,3.873038,43.63511,2025,2025-11-13
189000.0,76.0,4,34080,3.843839,43.619515,2025,2025-11-06
78000.0,21.0,1,34090,3.859971,43.641182,2025,2025-11-18
133500.0,30.0,2,34000,3.875353,43.612712,2025,2025-11-24
144540.0,41.0,2,34080,3.847984,43.622477,2025,2025-11-13
313700.0,93.0,5,34000,3.863355,43.616617,2025,2025-11-24
189500.0,93.0,5,34070,3.886374,43.600125,2025,2025-11-14
101000.0,26.0,1,34090,3.872421,43.637625,2025,2025-11-14
175800.0,40.0,2,34000,3.86706,43.617116,2025,2025-11-25
90700.0,32.0,1,34000,3.878938,43.601675,2025,2025-11-27
95000.0,41.0,2,34080,3.832006,43.620973,2025,2025-11-27
80000.0,22.0,1,34000,3.870046,43.604446,2025,2025-11-19
180000.0,98.0,5,34080,3.837422,43.613032,2025,2025-12-01
230000.0,63.0,3,34000,3.882879,43.602271,2025,2025-11-27
103000.0,27.0,2,34000,3.883109,43.604563,2025,2025-11-07
275000.0,68.0,3,34000,3.894345,43.612654,2025,2025-11-20
199500.0,64.0,3,34070,3.865073,43.59448,2025,2025-11-28
193000.0,49.0,1,34090,3.882652,43.631313,2025,2025-11-28
121000.0,22.0,1,34000,3.879505,43.61557,2025,2025-11-26
75000.0,20.0,1,34090,3.854352,43.622296,2025,2025-11-12
152000.0,59.0,4,34090,3.859919,43.627462,2025,2025-11-12
160000.0,82.0,3,34080,3.837422,43.613032,2025,2025-11-05
135000.0,36.0,2,34080,3.847984,43.622477,2025,2025-11-28
216000.0,49.0,1,34000,3.884205,43.613534,2025,2025-11-28
117000.0,34.0,2,34070,3.84659,43.598277,2025,2025-11-27
253331.0,87.0,4,34070,3.853789,43.589707,2025,2025-11-26
131000.0,27.0,1,34090,3.848751,43.638159,2025,2025-11-21
83000.0,23.0,1,34070,3.86552,43.588498,2025,2025-11-27
135000.0,83.0,4,34070,3.867284,43.59399,2025,2025-11-25
254150.0,97.0,5,34070,3.874328,43.59028,2025,2025-11-07
129500.0,37.0,2,34070,3.859627,43.591212,2025,2025-11-07
168000.0,36.0,2,34070,3.894479,43.600441,2025,2025-10-30
89400.0,24.0,1,34070,3.891022,43.590893,2025,2025-11-04
271000.0,65.0,3,34000,3.874736,43.607467,2025,2025-11-14
80000.0,56.0,3,34080,3.832413,43.634911,2025,2025-12-01
155100.0,42.0,2,34070,3.859954,43.607871,2025,2025-12-01
227500.0,40.0,2,34000,3.902657,43.597912,2025,2025-11-17
70500.0,22.0,1,34090,3.852553,43.621567,2025,2025-12-01
355000.0,79.0,3,34000,3.89807,43.600095,2025,2025-11-27
85000.0,29.0,1,34080,3.851516,43.618942,2025,2025-11-05
230170.0,53.0,2,34000,3.901197,43.608396,2025,2025-11-07
274800.0,58.0,3,34000,3.902126,43.597026,2025,2025-11-18
73000.0,21.0,1,34080,3.847297,43.621955,2025,2025-11-07
98300.0,18.0,1,34090,3.874774,43.617457,2025,2025-12-01
320000.0,104.0,3,34000,3.882657,43.609705,2025,2025-11-26
116420.0,26.0,1,34070,3.885768,43.605703,2025,2025-12-02
157000.0,46.0,2,34080,3.8419,43.623519,2025,2025-11-18
135000.0,76.0,4,34070,3.871429,43.595557,2025,2025-11-27
239940.0,63.0,3,34000,3.89053,43.606605,2025,2025-11-25
193720.0,66.0,3,34000,3.88675,43.614319,2025,2025-11-28
170500.0,46.0,2,34090,3.873479,43.620067,2025,2025-11-26
104475.0,38.0,2,34090,3.844744,43.633909,2025,2025-11-20
130000.0,40.0,2,34090,3.859971,43.641182,2025,2025-11-19
162000.0,43.0,2,34070,3.825048,43.610109,2025,2025-11-25
85000.0,24.0,1,34000,3.895335,43.605977,2025,2025-11-26
516260.0,150.0,5,34000,3.877168,43.603924,2025,2025-11-24
75500.0,50.0,2,34090,3.873657,43.624511,2025,2025-11-28
142583.0,45.0,2,34070,3.851531,43.589201,2025,2025-12-01
92000.0,23.0,2,34000,3.879955,43.613642,2025,2025-12-08
136500.0,40.0,2,34000,3.873354,43.60434,2025,2025-11-19
200340.0,60.0,3,34080,3.832413,43.634911,2025,2025-12-01
138000.0,26.0,1,34090,3.873223,43.632688,2025,2025-11-05
109000.0,62.0,3,34080,3.845471,43.619617,2025,2025-11-19
229610.0,44.0,2,34090,3.873038,43.63511,2025,2025-11-28
195000.0,60.0,3,34070,3.893135,43.602552,2025,2025-11-26
446400.0,121.0,5,34000,3.885853,43.606513,2025,2025-11-20
195000.0,84.0,3,34070,3.839643,43.614007,2025,2025-11-14
108000.0,30.0,2,34070,3.865293,43.606344,2025,2025-11-28
186500.0,45.0,2,34000,3.904518,43.609703,2025,2025-12-05
180145.0,48.0,2,34090,3.844188,43.640541,2025,2025-11-17
245000.0,65.0,3,34090,3.840041,43.639678,2025,2025-11-17
167000.0,42.0,2,34070,3.893135,43.602552,2025,2025-11-19
191000.0,57.0,3,34070,3.866894,43.592834,2025,2025-11-18
160000.0,50.0,2,34090,3.841355,43.642449,2025,2025-12-05
104900.0,33.0,2,34000,3.881257,43.602553,2025,2025-11-28
116000.0,61.0,3,34070,3.88856,43.598383,2025,2025-11-13
389800.0,105.0,4,34000,3.880586,43.603245,2025,2025-12-02
256500.0,47.0,2,34090,3.873038,43.63511,2025,2025-11-24
93670.0,20.0,1,34000,3.866027,43.610977,2025,2025-11-14
258840.0,68.0,3,34000,3.87809,43.609023,2025,2025-11-27
105000.0,34.0,2,34090,3.844825,43.632247,2025,2025-12-04
117200.0,45.0,2,34070,3.847621,43.605817,2025,2025-11-28
56000.0,25.0,1,34080,3.851319,43.618445,2025,2025-11-24
190500.0,68.0,3,34070,3.859954,43.607871,2025,2025-11-26
579450.0,110.0,4,34070,3.891682,43.6002,2025,2025-11-18
166800.0,80.0,5,34090,3.863934,43.623815,2025,2025-11-24
278541.0,78.0,4,34070,3.893464,43.593694,2025,2025-11-20
351400.0,145.0,3,34000,3.90141,43.61084,2025,2025-12-01
80000.0,20.0,1,34090,3.848142,43.638426,2025,2025-12-02
95000.0,33.0,1,34080,3.847504,43.62381,2025,2025-11-28
129130.0,42.0,2,34080,3.841634,43.61433,2025,2025-11-14
43000.0,12.0,1,34000,3.870132,43.60253,2025,2025-11-13
359505.0,90.0,4,34070,3.885238,43.587564,2025,2025-11-18
250000.0,41.0,2,34000,3.874386,43.61227,2025,2025-11-18
137490.0,37.0,2,34070,3.878282,43.595721,2025,2025-11-20
92000.0,28.0,1,34090,3.842283,43.628897,2025,2025-11-12
66000.0,22.0,1,34080,3.824762,43.632548,2025,2025-11-26
132150.0,40.0,2,34000,3.89571,43.60574,2025,2025-12-02
157550.0,56.0,2,34070,3.859954,43.607871,2025,2025-12-02
129250.0,33.0,1,34090,3.873223,43.632688,2025,2025-11-28
170000.0,64.0,4,34000,3.872826,43.609637,2025,2025-11-28
78000.0,55.0,2,34090,3.873657,43.624511,2025,2025-12-05
115000.0,62.0,3,34070,3.867021,43.595401,2025,2025-11-20
99000.0,21.0,1,34090,3.866041,43.625921,2025,2025-11-14
127000.0,56.0,2,34080,3.838408,43.61972,2025,2025-11-24
160000.0,37.0,2,34070,3.857153,43.582955,2025,2025-12-08
101400.0,20.0,1,34070,3.864997,43.609028,2025,2025-11-20
198000.0,65.0,3,34090,3.837803,43.639037,2025,2025-11-19
174600.0,66.0,3,34070,3.87077,43.597489,2025,2025-12-02
260500.0,72.0,3,34000,3.894414,43.607497,2025,2025-11-20
237000.0,65.0,3,34000,3.880667,43.608058,2025,2025-11-25
330000.0,121.0,4,34000,3.875705,43.611858,2025,2025-12-02
365000.0,72.0,3,34000,3.902126,43.597026,2025,2025-11-25
219200.0,71.0,3,34070,3.856707,43.580128,2025,2025-11-24
66700.0,20.0,1,34000,3.87333,43.60949,2025,2025-12-03
235000.0,65.0,3,34070,3.844713,43.591314,2025,2025-11-18
263330.0,72.0,4,34000,3.86934,43.608684,2025,2025-11-27
57420.0,24.0,1,34080,3.841683,43.617622,2025,2025-11-24
95000.0,27.0,1,34000,3.869755,43.60869,2025,2025-11-24
265280.0,59.0,3,34000,3.910937,43.605336,2025,2025-11-20
176230.0,68.0,4,34070,3.872024,43.596346,2025,2025-11-24
351000.0,84.0,4,34090,3.882928,43.621616,2025,2025-11-26
102000.0,24.0,1,34070,3.887001,43.604387,2025,2025-11-28
176000.0,39.0,3,34000,3.873354,43.60434,2025,2025-12-09
160000.0,79.0,4,34070,3.846246,43.59736,2025,2025-11-26
203000.0,60.0,3,34090,3.875652,43.628043,2025,2025-12-04
248000.0,110.0,3,34000,3.880016,43.607125,2025,2025-12-03
122500.0,38.0,2,34070,3.838372,43.604367,2025,2025-12-03
100000.0,25.0,1,34090,3.849118,43.636798,2025,2025-09-19
91636.11,22.0,1,34000,3.913011,43.603212,2025,2025-12-09
90000.0,20.0,1,34090,3.842309,43.642114,2025,2025-12-04
49000.0,20.0,1,34080,3.829276,43.613127,2025,2025-12-11
210000.0,65.0,4,34000,3.869534,43.604242,2025,2025-12-12
160000.0,42.0,2,34080,3.83258,43.632836,2025,2025-12-04
419034.0,93.0,4,34000,3.8903,43.606151,2025,2025-12-03
213750.0,63.0,3,34090,3.863281,43.628676,2025,2025-11-28
142500.0,30.0,1,34000,3.883519,43.618439,2025,2025-12-08
193442.5,46.0,2,34000,3.904518,43.609703,2025,2025-12-05
223720.0,79.0,4,34090,3.877457,43.629374,2025,2025-12-05
75000.0,17.0,1,34090,3.873657,43.624511,2025,2025-11-20
51150.0,19.0,1,34090,3.864641,43.624832,2025,2025-12-11
167290.0,54.0,3,34070,3.862383,43.588723,2025,2025-12-08
150000.0,56.0,3,34070,3.859956,43.593135,2025,2025-11-28
235000.0,43.0,2,34000,3.902657,43.597912,2025,2025-11-24
145000.0,38.0,2,34090,3.844188,43.640541,2025,2025-12-02
530000.0,103.0,4,34000,3.898665,43.600626,2025,2025-12-09
89000.0,17.0,1,34090,3.873657,43.624511,2025,2025-12-09
169000.0,40.0,2,34090,3.873303,43.617788,2025,2025-12-09
266900.0,66.0,3,34000,3.905712,43.604967,2025,2025-12-03
138615.0,53.0,2,34090,3.848522,43.637713,2025,2025-12-01
135000.0,43.0,2,34000,3.895451,43.62403,2025,2025-11-19
204500.0,79.0,3,34070,3.86604,43.596752,2025,2025-11-26
100850.0,30.0,1,34090,3.840836,43.627719,2025,2025-11-27
63700.0,16.0,1,34090,3.851932,43.623432,2025,2025-11-28
149000.0,31.0,1,34000,3.869462,43.614027,2025,2025-12-11
130000.0,33.0,2,34090,3.844188,43.640541,2025,2025-12-10
164670.0,47.0,2,34000,3.889267,43.606138,2025,2025-12-04
90000.0,20.0,1,34090,3.85444,43.620964,2025,2025-11-20
62510.0,21.0,2,34090,3.872282,43.617546,2025,2025-12-09
181000.0,45.0,2,34070,3.845168,43.593984,2025,2025-12-05
325000.0,85.0,3,34000,3.881876,43.60883,2025,2025-12-08
175000.0,93.0,4,34000,3.885292,43.621256,2025,2025-12-08
240000.0,65.0,2,34000,3.879775,43.609747,2025,2025-11-06
300000.0,81.0,3,34000,3.889078,43.622388,2025,2025-12-16
87449.0,39.0,2,34000,3.878074,43.60495,2025,2025-11-25
130000.0,40.0,2,34090,3.859971,43.641182,2025,2025-11-17
220000.0,90.0,1,34000,3.888395,43.614724,2025,2025-12-01
450000.0,91.0,4,34090,3.870145,43.621662,2025,2025-12-09
235000.0,69.0,3,34070,3.854813,43.593754,2025,2025-11-25
70500.0,30.0,1,34090,3.85766,43.62123,2025,2025-12-04
235000.0,41.0,2,34090,3.869688,43.616854,2025,2025-12-03
72000.0,17.0,1,34090,3.871034,43.629115,2025,2025-12-12
95300.0,21.0,1,34090,3.86909,43.628526,2025,2025-12-01
343000.0,62.0,3,34000,3.904868,43.59958,2025,2025-12-16
153000.0,39.0,2,34090,3.840041,43.639678,2025,2025-12-05
110000.0,21.0,1,34090,3.86102,43.624829,2025,2025-12-10
119000.0,29.0,1,34090,3.861522,43.623736,2025,2025-12-11
161900.0,41.0,2,34090,3.873556,43.621021,2025,2025-12-05
158650.0,33.0,2,34090,3.876611,43.617402,2025,2025-12-04
114000.0,19.0,1,34090,3.880674,43.615544,2025,2025-11-19
189260.0,51.0,3,34070,3.862383,43.588723,2025,2025-11-19
124000.0,27.0,2,34000,3.898506,43.601685,2025,2025-12-09
125800.0,53.0,2,34070,3.874328,43.59028,2025,2025-11-28
85000.0,46.0,3,34000,3.882368,43.609506,2025,2025-12-15
257570.0,76.0,4,34000,3.881605,43.603273,2025,2025-12-09
144000.0,84.0,4,34070,3.868984,43.592641,2025,2025-12-11
194135.0,39.0,2,34090,3.891509,43.628156,2025,2025-12-12
255980.0,85.0,4,34000,3.911367,43.61604,2025,2025-12-08
144000.0,43.0,2,34080,3.841189,43.619543,2025,2025-12-05
210000.0,46.0,2,34090,3.876873,43.628554,2025,2025-12-05
110000.0,64.0,4,34070,3.850537,43.602587,2025,2025-12-05
302300.0,78.0,3,34000,3.874397,43.607851,2025,2025-12-10
134580.0,45.0,2,34070,3.851277,43.58873,2025,2025-12-09
102000.0,28.0,1,34070,3.884387,43.604743,2025,2025-12-11
230000.0,76.0,3,34090,3.846267,43.632539,2025,2025-11-21
105500.0,54.0,3,34080,3.825337,43.613277,2025,2025-12-12
148850.0,68.0,3,34070,3.853021,43.606727,2025,2025-12-08
133914.0,72.0,3,34090,3.878395,43.61887,2025,2025-12-09
143065.0,39.0,2,34070,3.878927,43.593629,2025,2025-12-03
97162.0,71.0,3,34070,3.860815,43.59335,2025,2025-12-09
169500.0,54.0,2,34000,3.877079,43.603393,2025,2025-11-28
177000.0,67.0,4,34000,3.858643,43.618409,2025,2025-12-10
124030.0,25.0,1,34000,3.891835,43.606565,2025,2025-12-10
65000.0,18.0,1,34070,3.857794,43.612319,2025,2025-12-03
176520.0,69.0,3,34070,3.846246,43.59736,2025,2025-12-15
70100.0,21.0,1,34070,3.891022,43.590893,2025,2025-12-03
220000.0,75.0,3,34000,3.886479,43.618406,2025,2025-12-15
83050.0,24.0,1,34070,3.850511,43.615745,2025,2025-11-20
155000.0,34.0,2,34090,3.86319,43.62079,2025,2025-12-15
360000.0,93.0,4,34090,3.871956,43.61824,2025,2025-12-15
100000.0,24.0,1,34090,3.84562,43.627769,2025,2025-12-10
43000.0,31.0,1,34080,3.845471,43.619617,2025,2025-12-12
164500.0,67.0,3,34070,3.856765,43.603863,2025,2025-12-11
110000.0,21.0,1,34000,3.8903,43.606151,2025,2025-12-03
53000.0,19.0,1,34080,3.824287,43.61458,2025,2025-12-08
40884.0,23.0,1,34090,3.868775,43.628021,2025,2025-12-16
294000.0,66.0,3,34090,3.841912,43.639691,2025,2025-12-17
95519.03,73.0,4,34080,3.841541,43.621563,2025,2025-11-28
210000.0,95.0,4,34000,3.884515,43.614454,2025,2025-12-12
102000.0,28.0,1,34070,3.888444,43.602735,2025,2025-12-04
115850.0,40.0,2,34070,3.901212,43.592594,2025,2025-11-25
80000.0,20.0,1,34090,3.867812,43.636925,2025,2025-12-11
141647.0,33.0,1,34070,3.886817,43.595251,2025,2025-12-15
137400.0,47.0,3,34070,3.901212,43.592594,2025,2025-11-25
433305.0,110.0,5,34000,3.894958,43.60679,2025,2025-12-15
159600.0,41.0,2,34000,3.899475,43.61403,2025,2025-12-15
157000.0,40.0,2,34070,3.893135,43.602552,2025,2025-12-11
135000.0,42.0,3,34070,3.888278,43.60225,2025,2025-12-17
180000.0,57.0,3,34070,3.901212,43.592594,2025,2025-11-25
309000.0,100.0,4,34000,3.869932,43.604534,2025,2025-12-18
116000.0,35.0,2,34070,3.882714,43.605685,2025,2025-12-16
215000.0,65.0,2,34080,3.839996,43.617962,2025,2025-12-12
125000.0,38.0,2,34090,3.844744,43.633909,2025,2025-12-09
147000.0,44.0,2,34070,3.853903,43.590045,2025,2025-12-04
180000.0,48.0,2,34090,3.864054,43.639624,2025,2025-12-11
255000.0,66.0,3,34090,3.86621,43.624992,2025,2025-12-15
170100.0,49.0,2,34000,3.87565,43.61149,2025,2025-12-04
86500.0,24.0,1,34090,3.871045,43.628643,2025,2025-12-12
346230.0,73.0,4,34090,3.87722,43.616902,2025,2025-12-18
168000.0,55.0,2,34000,3.884526,43.62034,2025,2025-12-17
365000.0,90.0,4,34070,3.861449,43.601519,2025,2025-12-17
83000.0,33.0,2,34080,3.841694,43.624554,2025,2025-12-11
117000.0,34.0,1,34000,3.884515,43.614454,2025,2025-12-15
188850.0,80.0,4,34070,3.868279,43.597017,2025,2025-12-05
180000.0,67.0,3,34070,3.886374,43.600125,2025,2025-12-16
105000.0,29.0,1,34000,3.875991,43.606084,2025,2025-12-04
176000.0,59.0,3,34090,3.840041,43.639678,2025,2025-12-05
106600.0,46.0,4,34000,3.876294,43.612238,2025,2025-12-18
58989.5,19.0,1,34090,3.864641,43.624832,2025,2025-12-04
236000.0,62.0,3,34070,3.884761,43.58811,2025,2025-11-26
77000.0,31.0,1,34080,3.840901,43.617317,2025,2025-12-11
250000.0,66.0,3,34070,3.893146,43.601071,2025,2025-12-19
124000.0,48.0,2,34080,3.839271,43.618666,2025,2025-12-19
132000.0,41.0,2,34070,3.853732,43.615661,2025,2025-12-12
205000.0,92.0,4,34070,3.849485,43.608201,2025,2025-12-22
232500.0,61.0,3,34070,3.858068,43.580812,2025,2025-12-05
255000.0,60.0,3,34000,3.87922,43.591975,2025,2025-12-15
120000.0,43.0,2,34000,3.895451,43.62403,2025,2025-12-18
271000.0,59.0,3,34000,3.87922,43.591975,2025,2025-12-15
277050.0,53.0,2,34000,3.882939,43.609839,2025,2025-12-10
66690.0,23.0,1,34070,3.901212,43.592594,2025,2025-11-25
36000.0,30.0,1,34070,3.830239,43.610672,2025,2025-12-05
102130.0,63.0,3,34080,3.843839,43.619515,2025,2025-12-09
81350.0,20.0,1,34080,3.8436,43.635123,2025,2025-12-19
73160.0,23.0,1,34070,3.901212,43.592594,2025,2025-11-25
135595.0,25.0,2,34000,3.873546,43.609983,2025,2025-12-22
90000.0,21.0,1,34000,3.889271,43.606278,2025,2025-12-12
306000.0,67.0,1,34000,3.90354,43.59873,2025,2025-12-12
245000.0,43.0,2,34090,3.877148,43.635676,2025,2025-12-17
264000.0,61.0,3,34090,3.890415,43.626626,2025,2025-12-12
107000.0,19.0,1,34000,3.90586,43.613163,2025,2025-12-15
103320.0,33.0,2,34080,3.841694,43.624554,2025,2025-12-18
92000.0,30.0,1,34070,3.86552,43.588498,2025,2025-11-25
95330.0,23.0,1,34000,3.897642,43.608478,2025,2025-12-22
115000.0,26.0,1,34000,3.866346,43.613954,2025,2025-12-15
255000.0,60.0,3,34000,3.905215,43.599089,2025,2025-12-18
96595.0,25.0,1,34090,3.857257,43.621294,2025,2025-12-12
259750.0,67.0,4,34070,3.890712,43.601006,2025,2025-12-12
369350.0,70.0,3,34000,3.90197,43.597484,2025,2025-12-15
73600.0,30.0,1,34090,3.852553,43.621567,2025,2025-12-09
183000.0,82.0,4,34080,3.822362,43.625273,2025,2025-12-12
100000.0,19.0,1,34090,3.879026,43.623491,2025,2025-12-23
147000.0,45.0,2,34070,3.857287,43.581455,2025,2025-12-22
450000.0,138.0,5,34000,3.876561,43.607047,2025,2025-12-15
170530.0,53.0,2,34070,3.846077,43.61599,2025,2025-12-19
100000.0,27.0,1,34090,3.874881,43.617553,2025,2025-12-19
188200.0,63.0,3,34070,3.848269,43.597418,2025,2025-12-19
271800.0,80.0,3,34070,3.833821,43.594871,2025,2025-12-19
106000.0,20.0,1,34000,3.878791,43.613188,2025,2025-12-19
194600.0,84.0,4,34070,3.868279,43.597017,2025,2025-12-09
249330.0,66.0,3,34000,3.897615,43.618085,2025,2025-12-19
91000.0,63.0,2,34090,3.873657,43.624511,2025,2025-12-19
133000.0,33.0,2,34090,3.863024,43.640576,2025,2025-12-02
160740.0,43.0,2,34000,3.876421,43.605453,2025,2025-12-18
110000.0,24.0,1,34000,3.878718,43.613204,2025,2025-12-10
206195.0,49.0,2,34090,3.869697,43.626179,2025,2025-12-18
163430.0,73.0,3,34080,3.832778,43.612187,2025,2025-12-05
172000.0,61.0,2,34080,3.829267,43.634493,2025,2025-12-23
117000.0,30.0,2,34090,3.869792,43.638598,2025,2025-12-08
303000.0,83.0,5,34000,3.86706,43.617116,2025,2025-12-23
160900.0,69.0,3,34070,3.848269,43.597418,2025,2025-12-12
101980.0,47.0,2,34090,3.852303,43.620818,2025,2025-12-15
220000.0,81.0,4,34070,3.846587,43.594407,2025,2025-12-16
180000.0,43.0,2,34090,3.881103,43.615081,2025,2025-12-19
97000.0,22.0,2,34090,3.844188,43.640541,2025,2025-12-19
63400.0,21.0,1,34080,3.824762,43.632548,2025,2025-10-24
220000.0,74.0,3,34070,3.859954,43.607871,2025,2025-12-22
159800.0,37.0,2,34090,3.873484,43.6341,2025,2025-12-19
127470.0,37.0,2,34000,3.870075,43.601161,2025,2025-12-09
250000.0,79.0,4,34000,3.890174,43.612677,2025,2025-12-05
150000.0,35.0,1,34000,3.888223,43.624367,2025,2025-12-23
326890.0,92.0,4,34090,3.859503,43.635159,2025,2025-12-05
306000.0,60.0,3,34000,3.902211,43.596053,2025,2025-12-29
300000.0,91.0,3,34000,3.883947,43.606837,2025,2025-12-29
206000.0,46.0,2,34070,3.893135,43.602552,2025,2025-12-23
180000.0,58.0,3,34000,3.882933,43.604712,2025,2025-12-19
73000.0,16.0,1,34000,3.887367,43.603241,2025,2025-12-15
235000.0,42.0,2,34000,3.901062,43.600606,2025,2025-12-15
475000.0,161.0,6,34000,3.875614,43.607012,2025,2025-12-10
368600.0,100.0,4,34070,3.841407,43.59216,2025,2025-12-17
93970.0,29.0,2,34000,3.874328,43.614432,2025,2025-12-15
150000.0,68.0,3,34000,3.891835,43.606565,2025,2025-12-22
232150.0,69.0,3,34090,3.877457,43.629374,2025,2025-12-30
147300.0,46.0,2,34090,3.87282,43.634744,2025,2025-12-23
128000.0,91.0,5,34080,3.814319,43.622395,2025,2025-04-10
190000.0,61.0,3,34070,3.88735,43.60097,2025,2025-12-17
221900.0,67.0,3,34000,3.913128,43.617176,2025,2025-12-19
171000.0,45.0,2,34070,3.86226,43.583993,2025,2025-12-16
155000.0,48.0,2,34000,3.907778,43.605705,2025,2025-12-29
98000.0,23.0,1,34000,3.878467,43.600588,2025,2025-12-12
286500.0,66.0,3,34000,3.872702,43.601172,2025,2025-12-11
99000.0,25.0,1,34000,3.897642,43.608478,2025,2025-12-17
186000.0,35.0,3,34000,3.882207,43.60239,2025,2025-12-03
105000.0,63.0,3,34080,3.843839,43.619515,2025,2025-12-29
127000.0,63.0,3,34070,3.886066,43.59545,2025,2025-12-19
135000.0,48.0,2,34070,3.848856,43.591092,2025,2025-12-08
162500.0,41.0,2,34070,3.861799,43.581379,2025,2025-12-09
228700.0,64.0,3,34090,3.890415,43.626626,2025,2025-12-18
156000.0,46.0,2,34000,3.893509,43.606468,2025,2025-12-19
100000.0,22.0,1,34090,3.877148,43.635676,2025,2025-12-17
142500.0,42.0,1,34000,3.881251,43.608844,2025,2025-12-11
128000.0,45.0,2,34080,3.840425,43.62456,2025,2025-12-16
75100.0,30.0,2,34000,3.881668,43.607565,2025,2025-12-11
150000.0,35.0,2,34000,3.873238,43.609398,2025,2025-12-26
95000.0,18.0,1,34000,3.895381,43.603174,2025,2025-12-19
102000.0,23.0,2,34090,3.844188,43.640541,2025,2025-12-16
141000.0,58.0,3,34070,3.879735,43.595049,2025,2025-12-22
57000.0,18.0,1,34090,3.852657,43.623307,2025,2025-12-16
156000.0,65.0,3,34070,3.85423,43.615224,2025,2025-12-17
197000.0,46.0,2,34070,3.884311,43.604973,2025,2025-12-19
165000.0,84.0,4,34070,3.868984,43.592641,2025,2025-12-23
155000.0,50.0,2,34000,3.876035,43.612701,2025,2025-12-23
83638.0,24.0,1,34090,3.84562,43.627769,2025,2025-12-18
125000.0,60.0,2,34090,3.852553,43.621567,2025,2025-12-30
277000.0,48.0,2,34000,3.902211,43.596053,2025,2025-12-19
65000.0,14.0,1,34070,3.88919,43.603387,2025,2025-12-17
195000.0,39.0,2,34000,3.901812,43.607064,2025,2025-12-18
156000.0,40.0,2,34070,3.883304,43.590707,2025,2025-12-16
190100.0,56.0,3,34000,3.874302,43.608404,2025,2025-12-23
208000.0,91.0,5,34070,3.886911,43.593676,2025,2025-12-16
196000.0,37.0,2,34000,3.902657,43.597912,2025,2025-12-29
295000.0,63.0,3,34090,3.841912,43.639691,2025,2025-12-31
202955.0,50.0,2,34000,3.884526,43.62034,2025,2025-12-30
144000.0,63.0,3,34070,3.854663,43.615572,2025,2025-12-30
101200.0,18.0,1,34070,3.893722,43.60234,2025,2025-12-30
135000.0,93.0,5,34080,3.845471,43.619617,2025,2025-12-18
79000.0,66.0,3,34080,3.81896,43.633792,2025,2025-12-18
185000.0,63.0,3,34000,3.882328,43.602596,2025,2025-12-16
216000.0,65.0,3,34070,3.875671,43.593798,2025,2025-12-22
570000.0,105.0,4,34090,3.869688,43.616854,2025,2025-12-18
137320.0,44.0,2,34070,3.877684,43.579713,2025,2025-12-12
180750.0,46.0,2,34000,3.902176,43.601085,2025,2025-12-12
220000.0,65.0,4,34070,3.864417,43.607453,2025,2025-12-18
105200.0,80.0,4,34080,3.81896,43.633792,2025,2025-12-18
276200.0,79.0,4,34080,3.83258,43.632836,2025,2025-12-04
465000.0,120.0,4,34000,3.880676,43.606788,2025,2025-11-18
333000.0,146.0,6,34000,3.891014,43.613888,2025,2025-12-22
48500.0,31.0,1,34080,3.845446,43.620349,2025,2025-12-18
100000.0,45.0,2,34070,3.868279,43.597017,2025,2025-12-15
373700.0,70.0,3,34000,3.877064,43.604383,2025,2025-12-30
160000.0,79.0,3,34080,3.841683,43.617622,2025,2025-12-17
85000.0,22.0,1,34090,3.870352,43.628869,2025,2025-12-18
152000.0,67.0,4,34070,3.870959,43.596801,2025,2025-12-18
63400.0,22.0,1,34080,3.824762,43.632548,2025,2025-12-12
265700.0,77.0,4,34070,3.85876,43.581164,2025,2025-12-18
184000.0,82.0,4,34070,3.887362,43.594536,2025,2025-12-29
181390.0,53.0,3,34000,3.880021,43.602821,2025,2025-12-16
81900.0,33.0,1,34080,3.824762,43.632548,2025,2025-12-16
165000.0,50.0,2,34070,3.861742,43.586065,2025,2025-12-17
157670.0,36.0,2,34090,3.872585,43.632744,2025,2025-12-23
221000.0,57.0,3,34070,3.859956,43.593135,2025,2025-12-15
75000.0,18.0,1,34070,3.880914,43.591147,2025,2025-12-29
142000.0,41.0,2,34090,3.843775,43.626298,2025,2025-12-24
280000.0,80.0,4,34090,3.874653,43.628269,2025,2025-12-19
266196.0,96.0,4,34070,3.887149,43.599432,2025,2025-12-22
162500.0,50.0,3,34000,3.869932,43.604534,2025,2025-12-18
86650.0,18.0,1,34090,3.859886,43.638692,2025,2025-12-18
185000.0,47.0,2,34000,3.891835,43.606565,2025,2025-12-22
109000.0,30.0,1,34070,3.858691,43.611795,2025,2025-12-11
66500.0,24.0,1,34080,3.841215,43.627043,2025,2025-12-30
110000.0,35.0,2,34090,3.846267,43.632539,2025,2025-12-19
389500.0,96.0,5,34000,3.873577,43.611715,2025,2025-12-23
88000.0,26.0,1,34000,3.869652,43.608039,2025,2025-12-30
130000.0,45.0,2,34000,3.880016,43.610838,2025,2025-12-26
130000.0,63.0,3,34080,3.821982,43.62353,2025,2025-12-17
117061.09,27.0,1,34070,3.879735,43.595049,2025,2025-12-30
160000.0,47.0,2,34000,3.893083,43.609122,2025,2025-12-16
85000.0,58.0,3,34070,3.854287,43.601316,2025,2025-12-20
130000.0,49.0,2,34070,3.874216,43.595399,2025,2025-12-24
128500.0,44.0,2,34000,3.869462,43.614027,2025,2025-12-23
102500.0,24.0,1,34000,3.879814,43.613641,2025,2025-12-23
75000.0,28.0,1,34000,3.877414,43.613786,2025,2025-12-30
120000.0,27.0,2,34000,3.897596,43.602334,2025,2025-12-18
303890.0,83.0,3,34070,3.89211,43.604068,2025,2025-12-18
109000.0,28.0,1,34000,3.877414,43.613786,2025,2025-12-30
109315.0,76.0,4,34080,3.844803,43.618936,2025,2025-12-18
78300.0,58.0,3,34080,3.847582,43.621472,2025,2025-12-18
144000.0,46.0,2,34080,3.839912,43.620624,2025,2025-12-29
105000.0,27.0,1,34000,3.898207,43.617475,2025,2025-12-29
88500.0,45.0,3,34080,3.829928,43.614546,2025,2025-12-18
128000.0,33.0,2,34090,3.855248,43.621569,2025,2025-12-18
419514.17,127.0,5,34000,3.878797,43.611805,2025,2025-12-23
300000.0,62.0,3,34090,3.876336,43.62806,2025,2025-12-18
208000.0,82.0,4,34070,3.860782,43.599803,2025,2025-12-23
172000.0,75.0,3,34070,3.867489,43.594589,2025,2025-12-15
163500.0,47.0,2,34070,3.864743,43.587044,2025,2025-12-20
223000.0,55.0,2,34090,3.873657,43.624511,2025,2025-12-29
162000.0,45.0,2,34070,3.842157,43.591425,2025,2025-12-29
125620.0,32.0,2,34090,3.841153,43.627059,2025,2025-12-19
215000.0,62.0,3,34090,3.871224,43.627565,2025,2025-12-29
89000.0,40.0,2,34070,3.856215,43.610793,2025,2025-12-22
97500.0,44.0,2,34070,3.877684,43.579713,2025,2025-12-26
165750.0,47.0,2,34080,3.822443,43.615583,2025,2025-12-22
360000.0,106.0,4,34090,3.868606,43.622201,2025,2025-12-23
100000.0,41.0,2,34070,3.84659,43.598277,2025,2025-12-23
285150.0,85.0,4,34000,3.885867,43.60314,2025,2025-12-22
229000.0,67.0,3,34080,3.837119,43.630166,2025,2025-12-19
76840.0,27.0,1,34080,3.838455,43.611435,2025,2025-12-30
184736.0,52.0,2,34000,3.895335,43.605977,2025,2025-12-01
88000.0,26.0,1,34090,3.843775,43.626298,2025,2025-12-22
145400.0,73.0,3,34080,3.827089,43.613959,2025,2025-12-16
235000.0,60.0,3,34070,3.850346,43.590355,2025,2025-12-23
375000.0,100.0,5,34000,3.894613,43.619973,2025,2025-12-19
201000.0,58.0,3,34070,3.853572,43.589845,2025,2025-12-29
129619.0,32.0,2,34000,3.868806,43.604681,2025,2025-12-19
97000.0,23.0,1,34090,3.873303,43.617788,2025,2025-12-29
199020.0,67.0,4,34000,3.858643,43.618409,2025,2025-12-23
151500.0,55.0,3,34080,3.844554,43.61491,2025,2025-12-17
164050.0,62.0,3,34000,3.88675,43.614319,2025,2025-12-17
480000.0,88.0,3,34000,3.863083,43.61359,2025,2025-12-22
180000.0,46.0,2,34070,3.850997,43.588957,2025,2025-12-23
113000.0,46.0,2,34000,3.86746,43.603606,2025,2025-12-16
240000.0,65.0,3,34090,3.889078,43.625409,2025,2025-12-15
105666.0,86.0,5,34080,3.8446,43.621599,2025,2025-12-23
150000.0,41.0,2,34090,3.838592,43.639014,2025,2025-12-23
84945.0,55.0,3,34080,3.846196,43.621582,2025,2025-12-23
108000.0,27.0,1,34070,3.884253,43.604697,2025,2025-12-23
96279.0,71.0,4,34080,3.844427,43.621061,2025,2025-12-23
82138.0,57.0,3,34080,3.846196,43.621582,2025,2025-12-23
173500.0,41.0,2,34000,3.898207,43.617475,2025,2025-12-17
144050.0,50.0,2,34090,3.852553,43.621567,2025,2025-12-04
309400.0,68.0,3,34070,3.852371,43.615833,2025,2025-12-29
174800.0,37.0,2,34090,3.877472,43.614973,2025,2025-12-18
190990.0,55.0,3,34090,3.851498,43.625245,2025,2025-12-30
60000.0,15.0,1,34000,3.885347,43.603179,2025,2025-12-29
233000.0,68.0,3,34070,3.839562,43.597492,2025,2025-12-19
345000.0,62.0,3,34070,3.897883,43.596443,2025,2025-12-23
101000.0,28.0,1,34080,3.849578,43.62485,2025,2025-12-22
128950.0,54.0,2,34090,3.873657,43.624511,2025,2025-12-30
158000.0,43.0,2,34090,3.865128,43.61914,2025,2025-12-29
353000.0,72.0,3,34000,3.8737,43.612088,2025,2025-12-30
126259.0,30.0,1,34070,3.855667,43.593828,2025,2025-12-29
150000.0,80.0,4,34000,3.870559,43.60767,2025,2025-12-29
135000.0,35.0,2,34090,3.871017,43.628949,2025,2025-12-17
151000.0,60.0,3,34090,3.837803,43.639037,2025,2025-11-06
115000.0,33.0,2,34090,3.829663,43.640489,2025,2025-12-24
63900.0,22.0,1,34080,3.824762,43.632548,2025,2025-12-29
63400.0,18.0,1,34080,3.824762,43.632548,2025,2025-12-26
410000.0,114.0,4,34000,3.876134,43.611001,2025,2025-12-30
180000.0,78.0,4,34090,3.851657,43.623744,2025,2025-12-19
71600.0,27.0,1,34080,3.832006,43.620973,2025,2025-12-23
222440.0,49.0,3,34000,3.872524,43.605585,2025,2025-12-30
250000.0,59.0,3,34090,3.888882,43.624977,2025,2025-12-19
167000.0,47.0,2,34070,3.860218,43.582009,2025,2025-12-29
84000.0,30.0,1,34000,3.868609,43.606546,2025,2025-12-29
152000.0,50.0,3,34080,3.84206,43.623911,2025,2025-12-31
359300.0,66.0,3,34000,3.902972,43.60132,2025,2025-12-29
141300.0,67.0,4,34080,3.830808,43.615516,2025,2025-12-30
198000.0,68.0,3,34070,3.874311,43.589843,2025,2025-12-22
354505.0,90.0,4,34070,3.885238,43.587564,2025,2025-12-31
238760.0,61.0,3,34070,3.853789,43.589707,2025,2025-12-26
293800.0,63.0,2,34000,3.895154,43.60583,2025,2025-12-29
50000.0,16.0,1,34090,3.851932,43.623432,2025,2025-12-29
254950.0,60.0,3,34000,3.902972,43.60132,2025,2025-12-29
300000.0,60.0,3,34080,3.835153,43.61081,2025,2025-12-29
125960.0,32.0,2,34000,3.88175,43.60285,2025,2025-12-30
191350.0,62.0,3,34070,3.851449,43.591723,2025,2025-12-22
249950.0,83.0,4,34000,3.892171,43.607591,2025,2025-12-22
102000.0,36.0,2,34080,3.841824,43.616286,2025,2025-12-31
145000.0,73.0,4,34070,3.868421,43.594405,2025,2025-12-30
212000.0,83.0,5,34070,3.8555,43.605346,2025,2025-12-23
67400.0,33.0,1,34080,3.824762,43.632548,2025,2025-12-30
114330.0,19.0,1,34000,3.878149,43.605391,2025,2025-12-29
147500.0,40.0,2,34070,3.894014,43.60062,2025,2025-12-30
60400.0,22.0,1,34080,3.824762,43.632548,2025,2025-12-30
122000.0,48.0,2,34070,3.893146,43.601071,2025,2025-12-29
128900.0,31.0,2,34000,3.878187,43.613259,2025,2025-11-27
110497.0,59.0,4,34090,3.868382,43.626196,2025,2025-12-30
108000.0,56.0,3,34070,3.872024,43.596346,2025,2025-12-31
63400.0,21.0,1,34080,3.824762,43.632548,2025,2025-12-22
142000.0,52.0,2,34070,3.855474,43.594061,2025,2025-12-12
167537.0,74.0,4,34070,3.88856,43.598383,2025,2025-12-30
281900.0,68.0,3,34000,3.897641,43.601983,2025,2025-12-30
241032.0,75.0,3,34080,3.847488,43.62327,2025,2025-12-30
114250.0,28.0,1,34090,3.840041,43.639678,2025,2025-12-29
172000.0,39.0,3,34090,3.874895,43.617497,2025,2025-12-30
212160.0,46.0,2,34000,3.876086,43.610239,2025,2025-12-29
320000.0,85.0,3,34090,3.878987,43.622238,2025,2025-09-15
162500.0,45.0,2,34070,3.849169,43.590632,2025,2025-12-23
188000.0,38.0,1,34000,3.873089,43.612518,2025,2025-12-16
190000.0,64.0,3,34000,3.913128,43.617176,2025,2025-12-23
116300.0,50.0,2,34070,3.854993,43.593074,2025,2025-10-23
140000.0,28.0,1,34090,3.878987,43.622238,2025,2025-10-08
